entry_time,exit_time,direction,entry_price,exit_price,stop_loss,peak_profit,pnl,exit_reason,month
2024-01-01 09:30:00+05:30,2024-01-01 15:00:00+05:30,long,21706.05,21726.35,21701.039791914925,116.79999999999927,20.3,ST_TOUCH,2024-01
2024-01-08 11:00:00+05:30,2024-01-08 15:15:00+05:30,short,21620.0,21511.35,21623.874985601306,112.70000000000073,108.65,EOD_EXIT,2024-01
2024-01-10 12:15:00+05:30,2024-01-10 14:45:00+05:30,short,21515.5,21605.75,21590.80425,19.650000000001455,-90.25,STOP_LOSS,2024-01
2024-01-16 13:30:00+05:30,2024-01-16 15:15:00+05:30,short,22013.0,22031.6,22090.0455,0.0,-18.6,EOD_EXIT,2024-01
2024-01-19 09:30:00+05:30,2024-01-19 15:15:00+05:30,long,21638.65,21638.2,21562.914725000002,21.799999999999272,-0.45,EOD_EXIT,2024-01
2024-01-23 11:30:00+05:30,2024-01-23 15:15:00+05:30,short,21466.25,21243.05,21467.985712538746,246.25,223.2,EOD_EXIT,2024-01
2024-01-24 10:15:00+05:30,2024-01-24 11:15:00+05:30,long,21383.0,21297.15,21308.1595,0.0,-85.85,STOP_LOSS,2024-01
2024-01-25 10:45:00+05:30,2024-01-25 11:30:00+05:30,short,21258.1,21352.5,21332.50335,0.0,-94.4,STOP_LOSS,2024-01
2024-01-31 09:30:00+05:30,2024-01-31 10:45:00+05:30,short,21576.35,21649.35,21621.152881589485,20.299999999999272,-73.0,STOP_LOSS,2024-01
2024-02-02 13:00:00+05:30,2024-02-02 15:15:00+05:30,short,21846.3,21853.3,21922.762049999998,0.0,-7.0,EOD_EXIT,2024-02
2024-02-06 13:30:00+05:30,2024-02-06 15:15:00+05:30,long,21917.8,21938.8,21841.0877,21.0,21.0,EOD_EXIT,2024-02
2024-02-08 10:45:00+05:30,2024-02-08 15:15:00+05:30,short,21828.6,21759.7,21857.045969044753,157.29999999999927,68.9,EOD_EXIT,2024-02
2024-02-13 13:15:00+05:30,2024-02-13 15:15:00+05:30,long,21711.65,21728.0,21635.659225000003,42.25,16.35,EOD_EXIT,2024-02
2024-02-15 09:30:00+05:30,2024-02-15 15:15:00+05:30,long,21823.85,21927.05,21808.211469019217,127.45000000000073,103.2,EOD_EXIT,2024-02
2024-02-21 09:30:00+05:30,2024-02-21 13:45:00+05:30,long,22232.8,22151.6,22154.9852,8.700000000000728,-81.2,STOP_LOSS,2024-02
2024-02-22 09:30:00+05:30,2024-02-22 13:30:00+05:30,short,22047.15,22016.6,22083.14284219247,148.25,30.55,TRAILING_PROFIT,2024-02
2024-02-23 09:30:00+05:30,2024-02-23 15:15:00+05:30,long,22256.65,22194.25,22178.751725000002,13.299999999999272,-62.4,EOD_EXIT,2024-02
2024-02-26 10:45:00+05:30,2024-02-26 15:15:00+05:30,short,22109.4,22117.15,22186.782900000002,12.700000000000728,-7.75,EOD_EXIT,2024-02
2024-02-27 13:00:00+05:30,2024-02-27 15:15:00+05:30,long,22205.95,22194.2,22128.229175,0.0,-11.75,EOD_EXIT,2024-02
2024-02-28 11:00:00+05:30,2024-02-28 13:30:00+05:30,short,22062.05,22015.1,22098.23124151635,119.54999999999927,46.95,TRAILING_PROFIT,2024-02
2024-03-05 10:15:00+05:30,2024-03-05 12:45:00+05:30,short,22300.4,22402.7,22376.817882398747,11.75,-102.3,STOP_LOSS,2024-03
2024-03-06 10:45:00+05:30,2024-03-06 13:45:00+05:30,short,22281.4,22381.15,22359.3849,33.75,-99.75,STOP_LOSS,2024-03
2024-03-07 09:30:00+05:30,2024-03-07 15:15:00+05:30,long,22473.35,22483.5,22430.247600441533,42.650000000001455,10.15,EOD_EXIT,2024-03
2024-03-11 11:15:00+05:30,2024-03-11 15:15:00+05:30,short,22415.6,22319.85,22432.61338711165,95.75,95.75,EOD_EXIT,2024-03
2024-03-12 12:15:00+05:30,2024-03-12 15:15:00+05:30,long,22382.55,22333.7,22318.277250794443,6.150000000001455,-48.85,EOD_EXIT,2024-03
2024-03-13 10:15:00+05:30,2024-03-13 15:15:00+05:30,short,22287.05,21981.05,22317.113814428096,353.0,306.0,EOD_EXIT,2024-03
2024-03-14 11:45:00+05:30,2024-03-14 15:15:00+05:30,long,22173.6,22153.05,22095.9924,27.600000000002183,-20.55,EOD_EXIT,2024-03
2024-03-15 09:45:00+05:30,2024-03-15 15:15:00+05:30,short,21988.45,21996.35,22065.409575,44.54999999999927,-7.9,EOD_EXIT,2024-03
2024-03-20 11:30:00+05:30,2024-03-20 11:45:00+05:30,long,21844.35,21846.2,21767.894774999997,1.8500000000021828,1.85,ST_TOUCH,2024-03
2024-03-20 13:15:00+05:30,2024-03-20 15:15:00+05:30,long,21909.2,21855.1,21832.5178,0.0,-54.1,EOD_EXIT,2024-03
2024-03-22 11:30:00+05:30,2024-03-22 15:15:00+05:30,long,22087.1,22080.8,22049.633062287863,64.65000000000146,-6.3,EOD_EXIT,2024-03
2024-04-03 12:15:00+05:30,2024-04-03 15:00:00+05:30,long,22483.8,22430.7,22430.81421654027,18.950000000000728,-53.1,STOP_LOSS,2024-04
2024-04-04 10:00:00+05:30,2024-04-04 12:30:00+05:30,short,22373.75,22467.75,22452.058125,10.849999999998545,-94.0,STOP_LOSS,2024-04
2024-04-08 09:30:00+05:30,2024-04-08 15:15:00+05:30,long,22607.0,22661.0,22598.953877793218,88.25,54.0,EOD_EXIT,2024-04
2024-04-10 13:30:00+05:30,2024-04-10 15:15:00+05:30,long,22743.0,22735.05,22684.968862298218,9.0,-7.95,EOD_EXIT,2024-04
2024-04-12 12:15:00+05:30,2024-04-12 15:15:00+05:30,short,22627.2,22519.4,22635.090967140408,111.35000000000218,107.8,EOD_EXIT,2024-04
2024-04-18 13:30:00+05:30,2024-04-18 15:15:00+05:30,short,22094.4,22045.75,22171.7304,128.75,48.65,EOD_EXIT,2024-04
2024-04-22 09:30:00+05:30,2024-04-22 15:15:00+05:30,long,22218.3,22370.5,22206.53278996636,152.20000000000073,152.2,EOD_EXIT,2024-04
2024-04-25 11:00:00+05:30,2024-04-25 15:15:00+05:30,long,22433.15,22559.25,22405.516854228088,168.0,126.1,EOD_EXIT,2024-04
2024-04-26 13:30:00+05:30,2024-04-26 15:15:00+05:30,short,22444.5,22450.2,22520.674907301145,36.25,-5.7,EOD_EXIT,2024-04
2024-04-29 11:00:00+05:30,2024-04-29 15:15:00+05:30,long,22536.85,22633.15,22533.839473871965,116.20000000000073,96.3,EOD_EXIT,2024-04
2024-05-02 09:30:00+05:30,2024-05-02 12:15:00+05:30,short,22657.4,22695.85,22695.345983966552,13.400000000001455,-38.45,STOP_LOSS,2024-05
2024-05-03 10:30:00+05:30,2024-05-03 15:15:00+05:30,short,22616.7,22456.7,22644.43047307314,241.04999999999927,160.0,EOD_EXIT,2024-05
2024-05-07 11:00:00+05:30,2024-05-07 15:15:00+05:30,short,22304.0,22304.5,22372.169757228196,64.29999999999927,-0.5,EOD_EXIT,2024-05
2024-05-09 10:00:00+05:30,2024-05-09 15:15:00+05:30,short,22194.4,21968.15,22217.6900564963,251.40000000000146,226.25,EOD_EXIT,2024-05
2024-05-10 10:00:00+05:30,2024-05-10 10:45:00+05:30,long,22110.1,22027.05,22032.714649999998,0.0,-83.05,STOP_LOSS,2024-05
2024-05-13 13:00:00+05:30,2024-05-13 15:15:00+05:30,long,22029.2,22119.4,21979.139987785326,92.25,90.2,EOD_EXIT,2024-05
2024-05-16 11:00:00+05:30,2024-05-16 12:00:00+05:30,short,22147.1,22289.5,22224.614849999998,7.399999999997817,-142.4,STOP_LOSS,2024-05
2024-05-28 12:30:00+05:30,2024-05-28 15:15:00+05:30,short,22914.35,22868.65,22974.22821387165,45.69999999999709,45.7,EOD_EXIT,2024-05
2024-06-05 11:15:00+05:30,2024-06-05 11:45:00+05:30,long,22426.3,22268.35,22347.80795,0.0,-157.95,STOP_LOSS,2024-06
2024-06-12 09:45:00+05:30,2024-06-12 15:15:00+05:30,long,23404.6,23308.4,23322.6839,31.55000000000291,-96.2,EOD_EXIT,2024-06
2024-06-14 10:15:00+05:30,2024-06-14 15:15:00+05:30,long,23439.3,23454.15,23411.387835312893,32.60000000000218,14.85,EOD_EXIT,2024-06
2024-06-21 12:30:00+05:30,2024-06-21 14:00:00+05:30,short,23460.3,23567.2,23542.41105,7.049999999999272,-106.9,STOP_LOSS,2024-06
2024-07-02 10:30:00+05:30,2024-07-02 12:45:00+05:30,long,24143.75,24070.2,24081.3146654123,38.70000000000073,-73.55,STOP_LOSS,2024-07
2024-07-08 12:30:00+05:30,2024-07-08 15:15:00+05:30,long,24289.55,24331.05,24228.90195201653,41.5,41.5,EOD_EXIT,2024-07
2024-07-10 10:15:00+05:30,2024-07-10 15:00:00+05:30,short,24238.0,24330.85,24322.833,43.20000000000073,-92.85,STOP_LOSS,2024-07
2024-07-18 13:15:00+05:30,2024-07-18 15:15:00+05:30,long,24731.6,24779.35,24665.3865675304,89.30000000000291,47.75,EOD_EXIT,2024-07
2024-07-19 11:30:00+05:30,2024-07-19 15:15:00+05:30,short,24637.4,24525.85,24650.624868477717,111.55000000000291,111.55,EOD_EXIT,2024-07
2024-07-30 12:15:00+05:30,2024-07-30 15:00:00+05:30,long,24950.95,24847.5,24863.621675000002,12.849999999998545,-103.45,STOP_LOSS,2024-07
2024-08-01 09:30:00+05:30,2024-08-01 15:15:00+05:30,long,25045.55,25006.0,24957.890574999998,8.0,-39.55,EOD_EXIT,2024-08
2024-08-08 10:30:00+05:30,2024-08-08 12:00:00+05:30,short,24196.7,24307.1,24281.388450000002,47.29999999999927,-110.4,STOP_LOSS,2024-08
2024-08-12 11:00:00+05:30,2024-08-12 14:45:00+05:30,long,24435.55,24349.0,24350.025575,14.900000000001455,-86.55,STOP_LOSS,2024-08
2024-08-29 12:30:00+05:30,2024-08-29 14:15:00+05:30,long,25163.0,25035.25,25074.9295,0.0,-127.75,STOP_LOSS,2024-08
2024-08-30 09:30:00+05:30,2024-08-30 15:15:00+05:30,long,25223.0,25247.0,25181.404897454013,29.150000000001455,24.0,EOD_EXIT,2024-08
2024-09-06 09:30:00+05:30,2024-09-06 15:15:00+05:30,short,25064.3,24868.5,25074.88724370051,246.0,195.8,EOD_EXIT,2024-09
2024-09-10 09:30:00+05:30,2024-09-10 15:00:00+05:30,long,24967.15,25042.95,24954.292497844115,157.4499999999971,75.8,TRAILING_PROFIT,2024-09
2024-09-18 13:15:00+05:30,2024-09-18 15:15:00+05:30,short,25362.0,25343.45,25426.005072742755,30.599999999998545,18.55,EOD_EXIT,2024-09
2024-09-20 10:30:00+05:30,2024-09-20 13:30:00+05:30,long,25677.65,25551.85,25640.051278552208,108.39999999999782,-125.8,STOP_LOSS,2024-09
2024-09-25 10:15:00+05:30,2024-09-25 15:00:00+05:30,short,25909.1,26017.55,25959.170404844735,28.94999999999709,-108.45,STOP_LOSS,2024-09
2024-10-04 11:45:00+05:30,2024-10-04 12:30:00+05:30,long,25423.65,25203.1,25334.667225,45.19999999999709,-220.55,STOP_LOSS,2024-10
2024-10-08 13:00:00+05:30,2024-10-08 15:15:00+05:30,long,24975.15,25039.5,24887.736975,64.34999999999854,64.35,EOD_EXIT,2024-10
2024-10-10 09:30:00+05:30,2024-10-10 10:00:00+05:30,short,25013.75,25116.95,25101.298125,0.0,-103.2,STOP_LOSS,2024-10
2024-10-15 10:00:00+05:30,2024-10-15 15:15:00+05:30,short,25055.3,25065.15,25131.168678158516,29.950000000000728,-9.85,EOD_EXIT,2024-10
2024-10-17 09:45:00+05:30,2024-10-17 15:15:00+05:30,short,24836.2,24750.2,24842.169525716392,101.40000000000146,86.0,EOD_EXIT,2024-10
2024-10-18 11:45:00+05:30,2024-10-18 15:15:00+05:30,long,24787.25,24862.65,24759.084474738305,92.09999999999854,75.4,EOD_EXIT,2024-10
2024-10-21 09:45:00+05:30,2024-10-21 13:45:00+05:30,short,24743.45,24854.3,24830.052075,22.5,-110.85,STOP_LOSS,2024-10
2024-10-28 09:45:00+05:30,2024-10-28 14:00:00+05:30,long,24287.95,24382.4,24276.001638202517,192.54999999999927,94.45,TRAILING_PROFIT,2024-10
2024-10-30 10:00:00+05:30,2024-10-30 14:00:00+05:30,long,24418.25,24324.1,24342.514561680975,41.70000000000073,-94.15,STOP_LOSS,2024-10
2024-11-05 13:30:00+05:30,2024-11-05 15:15:00+05:30,long,24073.35,24198.15,24051.735061460113,134.35000000000218,124.8,EOD_EXIT,2024-11
2024-11-11 10:30:00+05:30,2024-11-11 13:30:00+05:30,long,24239.45,24145.45,24186.730492778035,92.25,-94.0,STOP_LOSS,2024-11
2024-11-21 09:30:00+05:30,2024-11-21 15:15:00+05:30,short,23321.6,23346.75,23403.225599999998,12.849999999998545,-25.15,EOD_EXIT,2024-11
2024-11-28 10:45:00+05:30,2024-11-28 15:15:00+05:30,short,24113.95,23957.45,24136.501992777776,202.10000000000218,156.5,EOD_EXIT,2024-11
2024-11-29 11:15:00+05:30,2024-11-29 15:15:00+05:30,long,24132.0,24123.65,24047.538,29.900000000001455,-8.35,EOD_EXIT,2024-11
2024-12-04 12:30:00+05:30,2024-12-04 13:45:00+05:30,short,24439.9,24531.8,24525.43965,0.0,-91.9,STOP_LOSS,2024-12
2024-12-05 12:15:00+05:30,2024-12-05 14:45:00+05:30,long,24608.1,24522.3,24587.132967470912,219.60000000000218,-85.8,STOP_LOSS,2024-12
2024-12-11 10:15:00+05:30,2024-12-11 15:15:00+05:30,long,24653.2,24629.5,24575.206837424663,28.599999999998545,-23.7,EOD_EXIT,2024-12
2024-12-12 13:15:00+05:30,2024-12-12 15:15:00+05:30,short,24556.95,24539.5,24614.506587738284,17.450000000000728,17.45,EOD_EXIT,2024-12
2024-12-13 12:00:00+05:30,2024-12-13 15:15:00+05:30,long,24560.45,24781.3,24533.16242526377,220.84999999999854,220.85,EOD_EXIT,2024-12
2024-12-17 09:45:00+05:30,2024-12-17 15:15:00+05:30,short,24525.45,24319.35,24532.11950867226,207.54999999999927,206.1,EOD_EXIT,2024-12
2024-12-20 12:00:00+05:30,2024-12-20 15:15:00+05:30,short,23889.1,23631.35,23914.257334417693,349.7999999999993,257.75,EOD_EXIT,2024-12
2024-12-23 10:45:00+05:30,2024-12-23 12:30:00+05:30,long,23825.9,23737.7,23742.50935,36.849999999998545,-88.2,STOP_LOSS,2024-12
2024-12-27 09:30:00+05:30,2024-12-27 14:45:00+05:30,long,23862.5,23807.7,23811.871492515478,62.45000000000073,-54.8,STOP_LOSS,2024-12
2024-12-30 11:45:00+05:30,2024-12-30 12:15:00+05:30,long,23895.95,23794.45,23812.314175,0.0,-101.5,STOP_LOSS,2024-12
2024-12-30 13:30:00+05:30,2024-12-30 15:15:00+05:30,short,23692.8,23658.65,23775.7248,75.29999999999927,34.15,EOD_EXIT,2024-12
2025-01-01 11:00:00+05:30,2025-01-01 15:15:00+05:30,long,23754.05,23758.7,23682.000563828507,35.04999999999927,4.65,EOD_EXIT,2025-01
2025-01-03 10:00:00+05:30,2025-01-03 11:30:00+05:30,short,24042.2,24128.15,24126.347700000002,30.600000000002183,-85.95,STOP_LOSS,2025-01
2025-01-07 10:00:00+05:30,2025-01-07 15:15:00+05:30,long,23745.9,23694.6,23662.789350000003,12.94999999999709,-51.3,EOD_EXIT,2025-01
2025-01-08 10:30:00+05:30,2025-01-08 13:45:00+05:30,short,23553.65,23666.3,23636.087775,28.200000000000728,-112.65,STOP_LOSS,2025-01
2025-01-09 12:45:00+05:30,2025-01-09 15:15:00+05:30,short,23536.75,23557.2,23604.436764789592,23.599999999998545,-20.45,EOD_EXIT,2025-01
2025-01-15 10:30:00+05:30,2025-01-15 13:15:00+05:30,long,23268.25,23173.65,23186.811125,10.299999999999272,-94.6,STOP_LOSS,2025-01
2025-01-17 10:45:00+05:30,2025-01-17 12:00:00+05:30,short,23107.65,23208.95,23188.526775000002,0.0,-101.3,STOP_LOSS,2025-01
2025-01-20 11:15:00+05:30,2025-01-20 15:15:00+05:30,long,23330.95,23337.05,23261.203124003663,41.14999999999782,6.1,EOD_EXIT,2025-01
2025-01-21 10:15:00+05:30,2025-01-21 11:45:00+05:30,short,23141.5,23381.8,23222.49525,0.0,-240.3,STOP_LOSS,2025-01
2025-01-22 13:15:00+05:30,2025-01-22 14:15:00+05:30,short,23005.3,23118.9,23085.81855,19.049999999999272,-113.6,STOP_LOSS,2025-01
2025-01-23 09:30:00+05:30,2025-01-23 15:15:00+05:30,long,23197.95,23216.3,23161.50601489375,56.45000000000073,18.35,EOD_EXIT,2025-01
2025-01-24 11:30:00+05:30,2025-01-24 12:30:00+05:30,long,23321.75,23213.55,23240.123875,2.0,-108.2,STOP_LOSS,2025-01
2025-01-27 09:30:00+05:30,2025-01-27 12:15:00+05:30,short,22994.0,22936.25,23027.453601165438,147.45000000000073,57.75,TRAILING_PROFIT,2025-01
2025-01-28 11:15:00+05:30,2025-01-28 14:45:00+05:30,long,22971.2,22987.6,22946.74436559644,158.14999999999782,16.4,TRAILING_PROFIT,2025-01
2025-01-29 13:15:00+05:30,2025-01-29 15:15:00+05:30,long,23162.95,23176.2,23081.879675,13.25,13.25,EOD_EXIT,2025-01
2025-01-31 09:30:00+05:30,2025-01-31 15:15:00+05:30,long,23349.45,23533.85,23333.897322462602,184.39999999999782,184.4,EOD_EXIT,2025-01
2025-02-01 12:30:00+05:30,2025-02-01 14:00:00+05:30,short,23418.45,23520.25,23500.414575000003,45.04999999999927,-101.8,STOP_LOSS,2025-02
2025-02-06 10:00:00+05:30,2025-02-06 15:15:00+05:30,short,23627.8,23628.05,23647.28326835816,54.79999999999927,-0.25,EOD_EXIT,2025-02
2025-02-07 11:30:00+05:30,2025-02-07 12:00:00+05:30,long,23683.6,23573.9,23600.7074,0.0,-109.7,STOP_LOSS,2025-02
2025-02-10 09:30:00+05:30,2025-02-10 15:15:00+05:30,short,23408.25,23376.05,23433.277590278238,81.65000000000146,32.2,EOD_EXIT,2025-02
2025-02-12 12:45:00+05:30,2025-02-12 14:30:00+05:30,long,23074.8,22991.45,22994.0382,46.0,-83.35,STOP_LOSS,2025-02
2025-02-14 09:30:00+05:30,2025-02-14 14:30:00+05:30,short,23043.2,22961.3,23051.175137356226,251.25,81.9,ST_TOUCH,2025-02
2025-02-17 11:00:00+05:30,2025-02-17 13:30:00+05:30,short,22805.7,22937.55,22885.51995,0.0,-131.85,STOP_LOSS,2025-02
2025-02-18 10:45:00+05:30,2025-02-18 12:15:00+05:30,long,22869.65,22876.4,22789.606225000003,6.75,6.75,ST_TOUCH,2025-02
2025-02-19 10:15:00+05:30,2025-02-19 10:45:00+05:30,long,23034.3,22927.95,22953.679949999998,0.0,-106.35,STOP_LOSS,2025-02
2025-02-21 09:30:00+05:30,2025-02-21 15:00:00+05:30,short,22843.5,22810.75,22845.35436946674,107.90000000000146,32.75,TRAILING_PROFIT,2025-02
2025-03-11 09:30:00+05:30,2025-03-11 10:30:00+05:30,short,22362.65,22441.0,22440.919275,0.0,-78.35,STOP_LOSS,2025-03
2025-03-12 11:15:00+05:30,2025-03-12 14:15:00+05:30,short,22385.25,22464.95,22463.598375,45.5,-79.7,STOP_LOSS,2025-03
2025-03-13 09:30:00+05:30,2025-03-13 14:15:00+05:30,long,22490.15,22406.6,22419.38452522642,54.94999999999709,-83.55,STOP_LOSS,2025-03
2025-03-25 11:30:00+05:30,2025-03-25 13:45:00+05:30,short,23642.55,23733.1,23725.298925,0.0,-90.55,STOP_LOSS,2025-03
2025-03-28 11:30:00+05:30,2025-03-28 15:15:00+05:30,short,23569.05,23495.15,23596.63334267493,95.79999999999927,73.9,EOD_EXIT,2025-03
2025-04-02 13:15:00+05:30,2025-04-02 15:15:00+05:30,long,23298.25,23330.8,23237.160918788104,39.5,32.55,EOD_EXIT,2025-04
2025-04-04 09:30:00+05:30,2025-04-04 10:45:00+05:30,short,23062.25,22999.15,23108.721338955904,128.79999999999927,63.1,TRAILING_PROFIT,2025-04
2025-04-08 09:30:00+05:30,2025-04-08 10:00:00+05:30,long,22479.3,22383.95,22400.62245,0.0,-95.35,STOP_LOSS,2025-04
2025-04-17 11:30:00+05:30,2025-04-17 15:15:00+05:30,long,23596.5,23837.75,23580.31645558503,263.2000000000007,241.25,EOD_EXIT,2025-04
2025-04-23 10:45:00+05:30,2025-04-23 11:30:00+05:30,short,24152.45,24239.2,24236.983575000002,0.0,-86.75,STOP_LOSS,2025-04
2025-04-25 09:45:00+05:30,2025-04-25 12:45:00+05:30,short,24080.3,24026.45,24100.12096718815,207.79999999999927,53.85,TRAILING_PROFIT,2025-04
2025-04-28 09:30:00+05:30,2025-04-28 15:15:00+05:30,long,24176.6,24312.9,24157.13680095207,174.0,136.3,EOD_EXIT,2025-04
2025-05-02 10:15:00+05:30,2025-05-02 10:30:00+05:30,short,24520.7,24502.05,24606.52245,18.650000000001455,18.65,ST_TOUCH,2025-05
2025-05-02 11:30:00+05:30,2025-05-02 15:15:00+05:30,short,24336.1,24313.65,24421.27635,93.34999999999854,22.45,EOD_EXIT,2025-05
2025-05-06 11:30:00+05:30,2025-05-06 15:15:00+05:30,short,24361.15,24335.9,24443.35226268647,25.25,25.25,EOD_EXIT,2025-05
2025-05-15 10:45:00+05:30,2025-05-15 11:00:00+05:30,long,24780.3,24617.25,24693.56895,0.0,-163.05,STOP_LOSS,2025-05
2025-05-20 09:30:00+05:30,2025-05-20 15:15:00+05:30,short,24915.75,24713.85,24940.249107843236,239.79999999999927,201.9,EOD_EXIT,2025-05
2025-05-21 10:00:00+05:30,2025-05-21 12:00:00+05:30,long,24869.2,24733.45,24782.1578,46.89999999999782,-135.75,STOP_LOSS,2025-05
2025-05-23 09:30:00+05:30,2025-05-23 12:00:00+05:30,long,24781.4,24834.75,24716.2271408572,108.69999999999709,53.35,TRAILING_PROFIT,2025-05
2025-05-29 11:00:00+05:30,2025-05-29 15:00:00+05:30,short,24723.55,24850.75,24810.082425,23.0,-127.2,STOP_LOSS,2025-05
2025-05-30 12:30:00+05:30,2025-05-30 15:15:00+05:30,short,24737.15,24736.65,24823.730025,0.5,0.5,EOD_EXIT,2025-05
2025-06-02 13:30:00+05:30,2025-06-02 15:15:00+05:30,long,24728.25,24690.35,24641.701125,0.0,-37.9,EOD_EXIT,2025-06
2025-06-03 12:45:00+05:30,2025-06-03 15:15:00+05:30,short,24530.5,24538.4,24616.35675,0.0,-7.9,EOD_EXIT,2025-06
2025-06-06 09:30:00+05:30,2025-06-06 10:15:00+05:30,short,24687.35,24834.6,24773.755725,0.0,-147.25,STOP_LOSS,2025-06
2025-06-12 09:30:00+05:30,2025-06-12 15:15:00+05:30,short,25103.5,24856.0,25123.237993274848,256.09999999999854,247.5,EOD_EXIT,2025-06
2025-06-17 12:30:00+05:30,2025-06-17 15:15:00+05:30,short,24844.1,24841.5,24915.36967639908,16.19999999999709,2.6,EOD_EXIT,2025-06
2025-06-18 11:30:00+05:30,2025-06-18 15:15:00+05:30,short,24804.75,24798.75,24852.795522989116,38.54999999999927,6.0,EOD_EXIT,2025-06
2025-06-20 10:00:00+05:30,2025-06-20 15:15:00+05:30,long,24919.05,25079.75,24916.558415813175,197.54999999999927,160.7,EOD_EXIT,2025-06
2025-06-24 09:30:00+05:30,2025-06-24 12:30:00+05:30,long,25176.3,25181.15,25153.587040065024,132.45000000000073,4.85,TRAILING_PROFIT,2025-06
2025-06-24 13:30:00+05:30,2025-06-24 15:15:00+05:30,short,25043.5,25071.55,25131.15225,11.299999999999272,-28.05,EOD_EXIT,2025-06
2025-06-25 13:15:00+05:30,2025-06-25 15:15:00+05:30,long,25258.7,25236.35,25170.294550000002,0.0,-22.35,EOD_EXIT,2025-06
2025-06-30 10:15:00+05:30,2025-06-30 15:15:00+05:30,short,25555.0,25507.45,25563.38719595886,65.34999999999854,47.55,EOD_EXIT,2025-06
2025-07-02 11:00:00+05:30,2025-07-02 15:15:00+05:30,short,25477.2,25442.85,25481.581139786493,80.40000000000146,34.35,EOD_EXIT,2025-07
2025-07-03 09:45:00+05:30,2025-07-03 14:15:00+05:30,long,25545.35,25453.6,25455.941274999997,25.150000000001455,-91.75,STOP_LOSS,2025-07
2025-07-04 09:30:00+05:30,2025-07-04 14:30:00+05:30,short,25394.4,25454.55,25447.590980511457,54.80000000000291,-60.15,STOP_LOSS,2025-07
2025-07-10 09:30:00+05:30,2025-07-10 15:15:00+05:30,short,25438.55,25348.15,25446.180019690622,90.39999999999782,90.4,EOD_EXIT,2025-07
2025-07-17 10:30:00+05:30,2025-07-17 15:15:00+05:30,short,25148.9,25109.5,25187.557506439905,39.400000000001455,39.4,EOD_EXIT,2025-07
2025-07-21 10:00:00+05:30,2025-07-21 15:15:00+05:30,long,25052.55,25093.3,25006.009135708315,40.75,40.75,EOD_EXIT,2025-07
2025-07-24 11:15:00+05:30,2025-07-24 15:15:00+05:30,short,25112.65,25051.9,25138.337863334007,71.85000000000218,60.75,EOD_EXIT,2025-07
2025-07-30 09:30:00+05:30,2025-07-30 15:15:00+05:30,long,24877.2,24844.55,24790.129800000002,21.5,-32.65,EOD_EXIT,2025-07
2025-07-31 12:00:00+05:30,2025-07-31 14:15:00+05:30,long,24819.35,24867.15,24804.32896594674,107.60000000000218,47.8,TRAILING_PROFIT,2025-07
2025-08-01 09:30:00+05:30,2025-08-01 15:15:00+05:30,short,24709.0,24572.15,24716.522611118435,163.34999999999854,136.85,EOD_EXIT,2025-08
2025-08-04 12:45:00+05:30,2025-08-04 15:15:00+05:30,long,24705.7,24726.9,24625.227002738997,21.200000000000728,21.2,EOD_EXIT,2025-08
2025-08-05 13:15:00+05:30,2025-08-05 15:15:00+05:30,short,24605.0,24649.5,24691.1175,0.0,-44.5,EOD_EXIT,2025-08
2025-08-08 10:00:00+05:30,2025-08-08 15:15:00+05:30,short,24449.3,24350.85,24471.86607875761,100.09999999999854,98.45,EOD_EXIT,2025-08
2025-08-11 13:15:00+05:30,2025-08-11 15:15:00+05:30,long,24485.3,24562.15,24472.750390538175,100.65000000000146,76.85,EOD_EXIT,2025-08
2025-08-12 13:15:00+05:30,2025-08-12 15:15:00+05:30,short,24574.75,24485.85,24609.995183485196,88.90000000000146,88.9,EOD_EXIT,2025-08
2025-08-13 12:45:00+05:30,2025-08-13 15:15:00+05:30,long,24625.45,24630.4,24558.7897172569,32.70000000000073,4.95,EOD_EXIT,2025-08
2025-09-01 13:00:00+05:30,2025-09-01 15:15:00+05:30,long,24590.5,24624.3,24557.594954550772,41.75,33.8,EOD_EXIT,2025-09
2025-09-03 09:30:00+05:30,2025-09-03 13:45:00+05:30,short,24551.95,24652.95,24637.881825,0.0,-101.0,STOP_LOSS,2025-09
2025-09-04 09:30:00+05:30,2025-09-04 12:15:00+05:30,long,24885.85,24774.75,24798.749525,17.5,-111.1,STOP_LOSS,2025-09
2025-09-05 10:00:00+05:30,2025-09-05 13:45:00+05:30,short,24679.35,24770.3,24751.782027343124,40.849999999998545,-90.95,STOP_LOSS,2025-09
2025-09-12 09:30:00+05:30,2025-09-12 15:15:00+05:30,long,25049.7,25107.7,25038.861655553927,83.14999999999782,58.0,EOD_EXIT,2025-09
2025-09-16 10:00:00+05:30,2025-09-16 15:15:00+05:30,long,25165.05,25254.45,25152.35892524334,89.40000000000146,89.4,EOD_EXIT,2025-09
2025-09-19 09:30:00+05:30,2025-09-19 15:15:00+05:30,short,25340.55,25352.5,25370.700487165377,45.14999999999782,-11.95,EOD_EXIT,2025-09
2025-09-23 13:15:00+05:30,2025-09-23 15:15:00+05:30,long,25211.9,25185.8,25127.931107824144,9.44999999999709,-26.1,EOD_EXIT,2025-09
2025-09-29 09:45:00+05:30,2025-09-29 11:45:00+05:30,long,24758.1,24665.85,24671.446649999998,13.400000000001455,-92.25,STOP_LOSS,2025-09
2025-09-29 12:30:00+05:30,2025-09-29 13:15:00+05:30,short,24613.5,24701.35,24699.64725,0.0,-87.85,STOP_LOSS,2025-09
2025-10-01 11:30:00+05:30,2025-10-01 15:15:00+05:30,long,24776.35,24853.4,24730.925076879113,77.05000000000291,77.05,EOD_EXIT,2025-10
2025-10-08 10:45:00+05:30,2025-10-08 15:15:00+05:30,short,25089.55,25023.8,25137.48644076017,65.75,65.75,EOD_EXIT,2025-10
2025-10-09 11:30:00+05:30,2025-10-09 15:15:00+05:30,long,25154.4,25170.3,25081.307433368376,23.299999999999272,15.9,EOD_EXIT,2025-10
2025-10-14 12:00:00+05:30,2025-10-14 15:15:00+05:30,short,25118.35,25123.35,25206.264225,52.04999999999927,-5.0,EOD_EXIT,2025-10
2025-10-24 09:30:00+05:30,2025-10-24 15:15:00+05:30,short,25903.5,25797.45,25922.327825483,179.09999999999854,106.05,EOD_EXIT,2025-10
2025-10-28 10:45:00+05:30,2025-10-28 15:15:00+05:30,short,25862.5,25965.4,25953.01875,35.75,-102.9,EOD_EXIT,2025-10
2025-11-07 13:15:00+05:30,2025-11-07 15:15:00+05:30,long,25531.8,25510.05,25442.4387,5.400000000001455,-21.75,EOD_EXIT,2025-11
2025-11-11 13:15:00+05:30,2025-11-11 15:15:00+05:30,long,25608.35,25705.55,25594.10940779729,97.20000000000073,97.2,EOD_EXIT,2025-11
2025-11-14 09:30:00+05:30,2025-11-14 15:00:00+05:30,short,25856.2,25930.2,25869.299926692645,93.90000000000146,-74.0,STOP_LOSS,2025-11
2025-11-18 10:30:00+05:30,2025-11-18 14:00:00+05:30,short,25891.8,25988.7,25982.421299999998,0.0,-96.9,STOP_LOSS,2025-11
2025-11-19 12:15:00+05:30,2025-11-19 15:15:00+05:30,long,26013.3,26052.7,25983.69395225369,48.20000000000073,39.4,EOD_EXIT,2025-11
2025-11-21 09:45:00+05:30,2025-11-21 15:15:00+05:30,short,26119.4,26063.95,26162.973295814936,55.45000000000073,55.45,EOD_EXIT,2025-11
2025-11-26 09:45:00+05:30,2025-11-26 15:15:00+05:30,long,26077.45,26203.5,26065.699519458,136.04999999999927,126.05,EOD_EXIT,2025-11
2025-11-27 13:15:00+05:30,2025-11-27 15:15:00+05:30,short,26151.85,26219.85,26243.381475,3.7999999999992724,-68.0,EOD_EXIT,2025-11
2025-12-01 09:30:00+05:30,2025-12-01 12:00:00+05:30,long,26287.25,26175.65,26200.980505960415,0.0,-111.6,STOP_LOSS,2025-12
2025-12-04 09:45:00+05:30,2025-12-04 13:30:00+05:30,long,26028.3,25976.3,25990.555375091986,64.40000000000146,-52.0,STOP_LOSS,2025-12
2025-12-05 10:30:00+05:30,2025-12-05 15:15:00+05:30,long,26096.25,26176.65,26094.741998529043,96.40000000000146,80.4,EOD_EXIT,2025-12
2025-12-08 10:45:00+05:30,2025-12-08 15:15:00+05:30,short,26070.4,25932.8,26090.665610005144,156.0,137.6,EOD_EXIT,2025-12
2025-12-09 12:15:00+05:30,2025-12-09 15:15:00+05:30,long,25904.5,25841.75,25813.83425,0.0,-62.75,EOD_EXIT,2025-12
2025-12-10 12:30:00+05:30,2025-12-10 15:15:00+05:30,short,25771.55,25742.65,25858.666946736677,32.5,28.9,EOD_EXIT,2025-12
2025-12-11 12:15:00+05:30,2025-12-11 15:15:00+05:30,long,25907.3,25898.4,25816.62445,9.200000000000728,-8.9,EOD_EXIT,2025-12
2025-12-18 11:15:00+05:30,2025-12-18 14:15:00+05:30,long,25855.35,25789.55,25795.37778298975,38.5,-65.8,STOP_LOSS,2025-12
2025-12-26 09:30:00+05:30,2025-12-26 15:15:00+05:30,short,26085.7,26047.65,26089.35157013706,68.35000000000218,38.05,EOD_EXIT,2025-12
2025-12-29 11:00:00+05:30,2025-12-29 15:15:00+05:30,short,25983.7,25949.8,26001.213238768898,49.5,33.9,EOD_EXIT,2025-12
2025-12-31 09:30:00+05:30,2025-12-31 15:15:00+05:30,long,25973.25,26141.85,25970.466063383985,210.75,168.6,EOD_EXIT,2025-12
2026-01-06 09:30:00+05:30,2026-01-06 15:15:00+05:30,short,26199.35,26174.65,26225.535364541905,66.19999999999709,24.7,EOD_EXIT,2026-01
2026-01-12 12:30:00+05:30,2026-01-12 15:15:00+05:30,long,25723.05,25806.1,25654.009727639335,87.40000000000146,83.05,EOD_EXIT,2026-01
2026-01-14 11:45:00+05:30,2026-01-14 13:30:00+05:30,long,25775.65,25659.35,25685.435225,0.0,-116.3,STOP_LOSS,2026-01
2026-01-16 10:15:00+05:30,2026-01-16 12:15:00+05:30,long,25857.5,25752.05,25766.99875,0.0,-105.45,STOP_LOSS,2026-01
2026-01-16 13:30:00+05:30,2026-01-16 15:15:00+05:30,short,25696.35,25701.9,25786.287225,13.899999999997817,-5.55,EOD_EXIT,2026-01
2026-01-21 12:45:00+05:30,2026-01-21 13:45:00+05:30,long,25279.4,25153.25,25190.9221,0.0,-126.15,STOP_LOSS,2026-01
2026-01-22 13:15:00+05:30,2026-01-22 14:30:00+05:30,short,25179.05,25284.45,25267.176675,0.7000000000007276,-105.4,STOP_LOSS,2026-01
