id,start_time,end_time,duration_bars,quality,compression,upper_r2,lower_r2,containment,pivots_high,pivots_low,breakout_dir,breakout_price,bars_to_breakout
1,2022-11-02 13:10:00,2022-11-02 14:55:00,22,0.755,0.799,1.0,1.0,1.0,2,2,up,18084.4,1
2,2022-11-09 09:20:00,2022-11-09 11:10:00,23,0.79,0.59,1.0,1.0,0.913,2,2,up,18190.85,3
3,2022-11-14 09:20:00,2022-11-14 12:15:00,36,0.817,0.534,0.988,1.0,0.917,3,2,down,18323.6,4
4,2022-11-15 09:45:00,2022-11-15 10:55:00,15,0.808,0.514,1.0,1.0,0.933,2,2,up,18306.8,9
5,2022-11-17 09:35:00,2022-11-17 10:45:00,15,0.803,0.543,1.0,1.0,0.933,2,2,down,18362.65,3
6,2022-11-17 15:10:00,2022-11-18 10:25:00,19,0.83,0.37,1.0,1.0,0.895,2,2,down,18268.75,2
7,2022-11-18 11:20:00,2022-11-18 12:30:00,15,0.78,0.726,1.0,1.0,1.0,2,2,up,18258.0,3
8,2022-11-21 09:15:00,2022-11-21 12:00:00,34,0.839,0.42,1.0,0.988,0.912,2,3,down,18153.45,4
9,2022-11-23 09:15:00,2022-11-23 10:55:00,21,0.804,0.513,0.939,1.0,0.905,3,2,up,18270.2,1
10,2022-11-24 15:15:00,2022-11-25 10:15:00,16,0.813,0.436,1.0,1.0,0.875,2,2,up,18472.8,1
11,2022-11-25 09:55:00,2022-11-25 11:35:00,21,0.799,0.629,1.0,1.0,1.0,2,2,down,18452.7,4
12,2022-11-29 15:10:00,2022-11-30 10:05:00,15,0.745,0.767,1.0,1.0,0.867,2,2,down,18631.6,6
13,2022-12-01 09:15:00,2022-12-01 11:35:00,29,0.862,0.373,0.982,1.0,0.897,4,2,down,18827.2,1
14,2022-12-02 15:20:00,2022-12-05 11:15:00,27,0.751,0.444,0.798,1.0,0.889,3,2,up,18636.5,1
15,2022-12-06 10:40:00,2022-12-06 11:55:00,16,0.777,0.696,1.0,1.0,1.0,2,2,up,18605.8,4
16,2022-12-06 13:45:00,2022-12-06 14:55:00,15,0.733,0.691,1.0,1.0,0.933,2,2,up,18644.8,1
17,2022-12-06 15:00:00,2022-12-07 09:55:00,15,0.761,0.755,1.0,1.0,0.933,2,2,up,18661.7,3
18,2022-12-08 10:00:00,2022-12-08 11:25:00,18,0.79,0.621,1.0,1.0,0.944,2,2,down,18572.15,3
19,2022-12-12 09:15:00,2022-12-12 11:15:00,25,0.819,0.489,1.0,1.0,0.96,2,2,down,18503.95,1
20,2022-12-12 10:45:00,2022-12-12 12:00:00,16,0.711,0.725,0.96,1.0,0.875,3,2,up,18504.1,4
21,2022-12-15 09:55:00,2022-12-15 11:10:00,16,0.759,0.767,1.0,1.0,0.938,2,2,down,18568.9,3
22,2022-12-15 12:30:00,2022-12-15 13:40:00,15,0.772,0.763,1.0,1.0,1.0,2,2,down,18500.5,2
23,2022-12-16 09:25:00,2022-12-16 10:35:00,15,0.802,0.557,0.988,1.0,0.867,3,2,up,18314.55,7
24,2022-12-21 10:05:00,2022-12-21 11:15:00,15,0.817,0.539,1.0,1.0,1.0,2,2,up,18362.35,4
25,2022-12-21 13:35:00,2022-12-21 15:25:00,23,0.765,0.774,1.0,0.95,0.957,2,3,down,18178.35,5
26,2022-12-23 09:30:00,2022-12-23 11:00:00,19,0.805,0.493,1.0,1.0,0.895,2,2,up,17951.55,2
27,2022-12-27 09:15:00,2022-12-27 11:20:00,26,0.853,0.359,1.0,1.0,1.0,2,2,down,18039.3,2
28,2022-12-27 15:15:00,2022-12-28 11:15:00,28,0.834,0.383,1.0,1.0,0.929,2,2,up,18146.6,8
29,2023-01-02 12:20:00,2023-01-02 14:10:00,23,0.706,0.767,1.0,1.0,0.957,2,2,up,18190.2,7
30,2023-01-05 09:55:00,2023-01-05 11:15:00,17,0.839,0.37,1.0,1.0,0.941,2,2,down,18021.4,1
31,2023-01-06 09:15:00,2023-01-06 10:55:00,21,0.844,0.406,1.0,1.0,1.0,2,2,up,17924.1,7
32,2023-01-09 15:20:00,2023-01-10 11:00:00,24,0.756,0.534,0.959,1.0,0.875,3,2,up,17966.6,1
33,2023-01-11 15:25:00,2023-01-12 11:35:00,30,0.738,0.482,0.884,1.0,0.867,3,2,up,17811.75,1
34,2023-01-13 09:35:00,2023-01-13 11:25:00,23,0.729,0.526,1.0,0.892,0.87,2,3,down,17817.25,3
35,2023-01-17 09:30:00,2023-01-17 11:50:00,29,0.798,0.53,1.0,1.0,0.897,2,2,up,18010.0,1
36,2023-01-19 09:35:00,2023-01-19 11:45:00,27,0.766,0.797,1.0,1.0,1.0,2,2,down,18124.0,3
37,2023-01-20 15:05:00,2023-01-23 11:00:00,27,0.823,0.363,1.0,1.0,0.852,2,2,down,18147.55,1
38,2023-01-24 09:50:00,2023-01-24 13:00:00,39,0.826,0.527,0.963,0.992,0.897,3,3,down,18105.6,7
39,2023-01-25 11:10:00,2023-01-25 12:20:00,15,0.798,0.567,1.0,1.0,0.933,2,2,up,17908.45,2
40,2023-01-30 15:05:00,2023-01-31 11:05:00,28,0.79,0.533,1.0,1.0,0.857,2,2,up,17585.45,1
41,2023-02-01 14:40:00,2023-02-02 10:00:00,20,0.819,0.523,1.0,0.998,0.9,2,3,down,17525.15,5
42,2023-02-03 09:50:00,2023-02-03 11:30:00,21,0.78,0.675,1.0,1.0,0.952,2,2,up,17633.3,2
43,2023-02-07 10:40:00,2023-02-07 11:50:00,15,0.736,0.604,0.993,1.0,0.933,3,2,down,17707.65,5
44,2023-02-13 09:55:00,2023-02-13 11:55:00,25,0.663,0.62,0.558,1.0,0.88,3,2,down,17745.85,2
45,2023-02-14 09:15:00,2023-02-14 10:25:00,15,0.823,0.51,1.0,1.0,1.0,2,2,up,17847.25,2
46,2023-02-16 15:25:00,2023-02-17 10:45:00,20,0.84,0.424,1.0,1.0,1.0,2,2,down,17984.75,2
47,2023-02-17 10:10:00,2023-02-17 11:25:00,16,0.8,0.624,1.0,1.0,1.0,2,2,down,17980.1,2
48,2023-02-20 10:05:00,2023-02-20 11:15:00,15,0.868,0.283,1.0,1.0,1.0,2,2,down,17948.2,1
49,2023-02-23 09:20:00,2023-02-23 12:10:00,35,0.703,0.469,0.524,0.746,0.886,3,3,down,17555.0,1
50,2023-02-28 09:15:00,2023-02-28 10:30:00,16,0.812,0.502,1.0,1.0,0.938,2,2,down,17363.35,2
51,2023-02-28 10:25:00,2023-02-28 11:40:00,16,0.799,0.493,1.0,1.0,0.938,2,2,up,17383.6,2
52,2023-03-02 14:15:00,2023-03-02 15:25:00,15,0.773,0.695,1.0,1.0,0.933,2,2,up,17456.9,1
53,2023-03-08 09:50:00,2023-03-08 13:05:00,40,0.764,0.657,1.0,1.0,0.85,2,2,up,17670.95,1
54,2023-03-13 09:20:00,2023-03-13 10:45:00,18,0.793,0.63,0.992,1.0,0.889,3,2,down,17404.45,3
55,2023-03-14 09:15:00,2023-03-14 10:45:00,19,0.836,0.445,1.0,1.0,1.0,2,2,up,17082.2,10
56,2023-03-14 15:25:00,2023-03-15 10:20:00,15,0.738,0.6,1.0,1.0,0.933,2,2,down,17119.3,4
57,2023-03-16 09:50:00,2023-03-16 12:40:00,35,0.784,0.618,1.0,1.0,0.914,2,2,up,16946.0,3
58,2023-03-17 14:55:00,2023-03-20 11:00:00,29,0.808,0.484,1.0,1.0,0.897,2,2,up,16924.15,9
59,2023-03-22 09:15:00,2023-03-22 10:35:00,17,0.83,0.506,0.997,1.0,0.941,3,2,up,17141.45,3
60,2023-03-23 09:15:00,2023-03-23 12:20:00,38,0.833,0.426,1.0,0.967,0.921,2,3,down,17161.75,1
61,2023-03-24 10:00:00,2023-03-24 11:30:00,19,0.799,0.628,1.0,1.0,1.0,2,2,up,17073.6,2
62,2023-03-27 15:00:00,2023-03-28 10:50:00,26,0.765,0.539,0.999,1.0,0.885,3,2,down,16932.05,1
63,2023-03-31 15:25:00,2023-04-03 10:20:00,15,0.775,0.507,0.942,1.0,0.867,3,2,down,17357.7,2
64,2023-04-10 09:25:00,2023-04-10 10:35:00,15,0.773,0.759,1.0,1.0,1.0,2,2,up,17623.35,4
65,2023-04-10 15:25:00,2023-04-11 12:25:00,40,0.712,0.736,1.0,0.768,0.925,2,3,down,17673.8,4
66,2023-04-11 15:25:00,2023-04-12 11:10:00,25,0.84,0.447,1.0,0.979,0.96,2,3,up,17762.05,3
67,2023-04-12 15:05:00,2023-04-13 10:35:00,22,0.7,0.708,0.751,1.0,0.864,3,2,down,17773.4,2
68,2023-04-18 09:15:00,2023-04-18 11:25:00,27,0.832,0.404,0.972,1.0,0.889,3,2,up,17680.3,1
69,2023-04-19 09:20:00,2023-04-19 10:30:00,15,0.819,0.413,1.0,1.0,1.0,2,2,up,17645.1,6
70,2023-04-20 09:20:00,2023-04-20 11:45:00,30,0.788,0.652,1.0,0.96,0.933,2,3,up,17626.1,3
71,2023-04-21 09:15:00,2023-04-21 10:45:00,19,0.828,0.426,0.968,1.0,0.895,3,2,up,17606.05,1
72,2023-04-25 14:40:00,2023-04-26 11:15:00,35,0.708,0.675,0.759,1.0,0.857,3,2,up,17775.75,2
73,2023-05-03 10:35:00,2023-05-03 11:45:00,15,0.768,0.72,1.0,1.0,0.933,2,2,up,18079.5,2
74,2023-05-09 14:10:00,2023-05-09 15:20:00,15,0.77,0.774,1.0,1.0,1.0,2,2,up,18313.35,2
75,2023-05-09 15:25:00,2023-05-10 10:45:00,20,0.757,0.689,1.0,1.0,1.0,2,2,down,18241.45,2
76,2023-05-11 09:15:00,2023-05-11 11:05:00,23,0.814,0.512,1.0,1.0,0.957,2,2,down,18329.85,5
77,2023-05-11 15:05:00,2023-05-12 11:25:00,32,0.765,0.529,1.0,1.0,1.0,2,2,down,18273.6,3
78,2023-05-16 10:30:00,2023-05-16 11:50:00,17,0.776,0.688,1.0,1.0,0.941,2,2,up,18361.95,5
79,2023-05-18 15:00:00,2023-05-19 10:30:00,22,0.79,0.676,1.0,1.0,1.0,2,2,up,18090.05,5
80,2023-05-19 12:20:00,2023-05-19 13:35:00,16,0.816,0.543,1.0,1.0,1.0,2,2,up,18141.65,4
81,2023-05-30 12:10:00,2023-05-30 13:20:00,15,0.742,0.541,1.0,1.0,0.867,2,2,up,18613.75,2
82,2023-05-30 15:15:00,2023-05-31 10:10:00,15,0.718,0.787,1.0,1.0,1.0,2,2,up,18541.35,6
83,2023-05-31 15:15:00,2023-06-01 10:20:00,17,0.863,0.308,1.0,0.974,0.941,2,3,down,18567.4,7
84,2023-06-01 15:15:00,2023-06-02 10:55:00,24,0.811,0.569,1.0,1.0,1.0,2,2,up,18515.25,3
85,2023-06-08 11:50:00,2023-06-08 13:00:00,15,0.765,0.733,1.0,1.0,0.933,2,2,up,18702.9,8
86,2023-06-08 15:20:00,2023-06-09 11:05:00,25,0.777,0.543,0.885,1.0,0.88,3,2,up,18627.7,3
87,2023-06-09 15:20:00,2023-06-12 10:45:00,21,0.815,0.504,1.0,1.0,0.952,2,2,up,18609.6,4
88,2023-06-16 15:00:00,2023-06-19 11:25:00,33,0.791,0.642,1.0,1.0,0.97,2,2,up,18779.1,3
89,2023-06-30 09:15:00,2023-06-30 10:40:00,18,0.815,0.438,1.0,1.0,0.889,2,2,up,19094.65,2
90,2023-07-04 09:15:00,2023-07-04 10:45:00,19,0.824,0.504,1.0,1.0,1.0,2,2,up,19342.9,4
91,2023-07-07 10:40:00,2023-07-07 12:05:00,18,0.778,0.677,1.0,1.0,0.944,2,2,up,19385.7,2
92,2023-07-13 15:25:00,2023-07-14 10:50:00,21,0.8,0.577,1.0,1.0,0.952,2,2,up,19468.05,3
93,2023-07-17 10:10:00,2023-07-17 11:20:00,15,0.825,0.499,1.0,1.0,1.0,2,2,up,19619.5,8
94,2023-07-18 09:15:00,2023-07-18 10:25:00,15,0.721,0.425,0.629,1.0,0.867,3,2,up,19776.25,4
95,2023-07-18 11:05:00,2023-07-18 13:15:00,27,0.715,0.67,1.0,0.784,0.852,2,3,up,19738.65,5
96,2023-07-21 09:30:00,2023-07-21 10:55:00,18,0.797,0.584,1.0,1.0,0.944,2,2,down,19780.0,3
97,2023-07-21 14:50:00,2023-07-24 09:45:00,15,0.715,0.796,1.0,0.909,0.867,2,3,up,19726.7,1
98,2023-07-24 14:10:00,2023-07-24 15:25:00,16,0.793,0.535,1.0,1.0,0.875,2,2,up,19701.9,4
99,2023-07-25 09:15:00,2023-07-25 10:25:00,15,0.836,0.419,1.0,1.0,1.0,2,2,up,19678.25,3
100,2023-07-27 11:20:00,2023-07-27 12:50:00,19,0.773,0.761,1.0,1.0,1.0,2,2,down,19700.45,2
101,2023-07-28 09:15:00,2023-07-28 10:50:00,20,0.839,0.379,1.0,1.0,0.95,2,2,down,19584.55,10
102,2023-07-28 10:05:00,2023-07-28 11:55:00,23,0.742,0.779,1.0,0.969,0.87,2,3,up,19584.25,7
103,2023-07-31 15:10:00,2023-08-01 10:05:00,15,0.828,0.484,1.0,1.0,1.0,2,2,down,19762.45,3
104,2023-08-04 09:15:00,2023-08-04 10:35:00,17,0.793,0.6,1.0,1.0,0.941,2,2,up,19498.2,8
105,2023-08-08 12:40:00,2023-08-08 14:00:00,17,0.726,0.777,1.0,0.832,0.941,2,3,up,19589.5,4
106,2023-08-09 10:50:00,2023-08-09 12:00:00,15,0.788,0.683,1.0,1.0,1.0,2,2,up,19498.75,6
107,2023-08-11 12:45:00,2023-08-11 13:55:00,15,0.69,0.757,1.0,1.0,0.933,2,2,down,19470.3,4
108,2023-08-14 09:15:00,2023-08-14 10:40:00,18,0.854,0.299,1.0,1.0,0.944,2,2,down,19316.45,6
109,2023-08-14 11:15:00,2023-08-14 13:05:00,23,0.752,0.777,1.0,1.0,0.913,2,2,up,19372.75,4
110,2023-08-14 15:00:00,2023-08-16 10:35:00,23,0.836,0.474,1.0,0.982,0.87,2,4,up,19400.35,1
111,2023-08-16 15:00:00,2023-08-17 10:40:00,24,0.812,0.567,1.0,1.0,1.0,2,2,up,19406.8,3
112,2023-08-22 09:25:00,2023-08-22 11:00:00,20,0.804,0.407,1.0,1.0,0.9,2,2,up,19416.7,1
113,2023-08-23 13:00:00,2023-08-23 14:35:00,20,0.751,0.771,1.0,1.0,0.9,2,2,up,19461.75,3
114,2023-08-25 09:55:00,2023-08-25 12:15:00,29,0.791,0.622,1.0,0.999,0.862,2,3,down,19283.15,7
115,2023-08-30 11:05:00,2023-08-30 12:15:00,15,0.775,0.75,1.0,1.0,1.0,2,2,down,19437.8,5
116,2023-09-01 10:35:00,2023-09-01 11:55:00,17,0.732,0.627,1.0,0.789,0.882,2,3,down,19333.8,3
117,2023-09-04 09:25:00,2023-09-04 10:40:00,16,0.77,0.712,1.0,1.0,0.938,2,2,up,19459.25,2
118,2023-09-06 09:35:00,2023-09-06 11:00:00,18,0.769,0.779,1.0,1.0,1.0,2,2,down,19557.55,7
119,2023-09-06 15:15:00,2023-09-07 10:10:00,15,0.791,0.538,1.0,1.0,0.867,2,2,up,19587.35,1
120,2023-09-12 12:35:00,2023-09-12 14:00:00,18,0.701,0.672,1.0,1.0,0.889,2,2,up,20011.2,2
121,2023-09-15 09:20:00,2023-09-15 10:30:00,15,0.806,0.529,1.0,1.0,0.933,2,2,up,20167.65,5
122,2023-09-15 12:10:00,2023-09-15 13:40:00,19,0.792,0.665,1.0,1.0,1.0,2,2,up,20180.0,4
123,2023-09-18 09:15:00,2023-09-18 10:45:00,19,0.833,0.351,1.0,1.0,0.947,2,2,down,20173.15,3
124,2023-09-25 13:45:00,2023-09-26 10:30:00,37,0.737,0.726,0.742,0.989,0.892,4,3,down,19670.15,5
125,2023-10-05 10:25:00,2023-10-05 12:00:00,20,0.788,0.584,1.0,1.0,0.9,2,2,down,19554.8,2
126,2023-10-09 10:25:00,2023-10-09 11:45:00,17,0.794,0.594,1.0,1.0,0.941,2,2,down,19558.9,1
127,2023-10-11 09:50:00,2023-10-11 11:35:00,22,0.795,0.605,1.0,1.0,0.955,2,2,up,19817.8,5
128,2023-10-13 09:45:00,2023-10-13 12:10:00,30,0.651,0.762,0.622,1.0,0.867,3,2,up,19704.0,2
129,2023-10-13 15:00:00,2023-10-16 11:10:00,30,0.779,0.616,0.907,1.0,0.933,3,2,up,19773.25,6
130,2023-10-17 10:05:00,2023-10-17 11:20:00,16,0.768,0.658,1.0,1.0,0.875,2,2,down,19829.0,2
131,2023-10-19 09:30:00,2023-10-19 11:00:00,19,0.786,0.609,1.0,0.95,0.895,2,3,up,19640.85,5
132,2023-10-20 09:20:00,2023-10-20 10:45:00,18,0.819,0.556,0.993,1.0,0.944,3,2,up,19567.25,5
133,2023-10-20 12:50:00,2023-10-20 14:20:00,19,0.768,0.601,1.0,1.0,1.0,2,2,down,19538.05,7
134,2023-10-25 13:35:00,2023-10-25 14:50:00,16,0.775,0.751,1.0,1.0,1.0,2,2,down,19123.25,3
135,2023-10-31 15:20:00,2023-11-01 10:15:00,15,0.706,0.732,1.0,1.0,0.933,2,2,up,19049.7,5
136,2023-11-01 09:45:00,2023-11-01 10:55:00,15,0.778,0.522,1.0,1.0,0.933,2,2,down,19037.55,2
137,2023-11-01 13:10:00,2023-11-01 14:55:00,22,0.786,0.65,1.0,1.0,0.955,2,2,down,18992.5,1
138,2023-11-02 09:15:00,2023-11-02 11:15:00,25,0.821,0.481,1.0,1.0,0.96,2,2,down,19091.55,5
139,2023-11-06 15:10:00,2023-11-07 10:05:00,15,0.788,0.687,1.0,1.0,1.0,2,2,up,19366.2,1
140,2023-11-08 09:20:00,2023-11-08 10:50:00,19,0.778,0.723,1.0,1.0,0.895,3,2,down,19408.2,4
141,2023-11-13 09:15:00,2023-11-13 10:50:00,20,0.803,0.508,1.0,1.0,0.9,2,2,up,19424.25,3
142,2023-11-17 09:15:00,2023-11-17 10:40:00,18,0.834,0.457,1.0,1.0,1.0,2,2,down,19789.75,3
143,2023-11-21 09:15:00,2023-11-21 10:55:00,21,0.822,0.517,1.0,1.0,1.0,2,2,up,19782.05,4
144,2023-11-21 12:45:00,2023-11-21 14:35:00,23,0.8,0.623,1.0,1.0,1.0,2,2,down,19783.65,7
145,2023-11-23 09:55:00,2023-11-23 11:05:00,15,0.797,0.638,1.0,1.0,1.0,2,2,up,19813.05,4
146,2023-11-28 11:25:00,2023-11-28 13:35:00,27,0.705,0.791,1.0,1.0,1.0,2,2,down,19818.2,4
147,2023-11-30 09:25:00,2023-11-30 11:40:00,28,0.817,0.401,1.0,0.939,0.857,2,3,down,20062.8,4
148,2023-12-04 09:15:00,2023-12-04 12:05:00,35,0.86,0.345,0.996,0.984,0.857,3,3,up,20582.65,1
149,2023-12-05 11:00:00,2023-12-05 13:00:00,25,0.807,0.551,1.0,1.0,0.96,2,2,down,20799.0,4
150,2023-12-06 09:25:00,2023-12-06 11:00:00,20,0.829,0.482,1.0,1.0,1.0,2,2,up,20938.95,8
151,2023-12-06 10:45:00,2023-12-06 11:55:00,15,0.786,0.63,1.0,1.0,0.933,2,2,down,20915.35,6
152,2023-12-07 10:20:00,2023-12-07 12:45:00,30,0.802,0.579,0.957,1.0,0.933,3,2,down,20909.75,3
153,2023-12-11 10:20:00,2023-12-11 11:30:00,15,0.793,0.529,1.0,1.0,0.867,2,2,down,20983.7,1
154,2023-12-12 09:55:00,2023-12-12 11:35:00,21,0.806,0.538,1.0,1.0,1.0,2,2,up,21011.85,5
155,2023-12-14 09:15:00,2023-12-14 11:30:00,28,0.814,0.504,1.0,1.0,0.857,2,3,up,21167.15,1
156,2023-12-15 15:10:00,2023-12-18 11:10:00,28,0.855,0.367,1.0,0.997,0.929,2,3,down,21463.95,2
157,2023-12-20 09:15:00,2023-12-20 10:50:00,20,0.815,0.501,1.0,1.0,0.95,2,2,down,21555.2,5
158,2023-12-26 09:30:00,2023-12-26 11:30:00,25,0.798,0.595,1.0,0.966,0.92,2,3,down,21452.45,1
159,2023-12-29 09:20:00,2023-12-29 10:50:00,19,0.723,0.719,1.0,1.0,0.947,2,2,down,21712.6,3
160,2024-01-03 10:00:00,2024-01-03 11:20:00,17,0.814,0.531,1.0,1.0,0.882,3,2,down,21557.75,2
161,2024-01-05 09:20:00,2024-01-05 10:35:00,16,0.785,0.639,1.0,1.0,0.938,2,2,down,21705.4,1
162,2024-01-08 11:50:00,2024-01-08 13:30:00,21,0.815,0.504,1.0,1.0,0.952,2,2,down,21562.2,2
163,2024-01-11 09:15:00,2024-01-11 10:30:00,16,0.81,0.575,1.0,1.0,1.0,2,2,up,21657.8,5
164,2024-01-16 13:25:00,2024-01-16 14:50:00,18,0.797,0.638,1.0,1.0,1.0,2,2,down,22025.5,5
165,2024-01-17 11:50:00,2024-01-17 13:15:00,18,0.758,0.723,1.0,1.0,0.889,2,2,up,21647.05,2
166,2024-01-18 12:25:00,2024-01-18 14:10:00,22,0.798,0.56,0.886,1.0,0.909,4,2,up,21444.3,2
167,2024-01-20 10:10:00,2024-01-20 12:20:00,27,0.752,0.519,0.968,1.0,0.926,3,2,down,21629.2,2
168,2024-01-31 12:20:00,2024-01-31 14:10:00,23,0.768,0.787,1.0,1.0,1.0,2,2,up,21699.95,6
169,2024-02-01 10:45:00,2024-02-01 12:55:00,27,0.721,0.657,0.731,1.0,0.852,4,2,up,21718.2,14
170,2024-02-01 12:30:00,2024-02-01 14:15:00,22,0.742,0.692,1.0,1.0,1.0,2,2,down,21706.95,4
171,2024-02-02 09:20:00,2024-02-02 10:30:00,15,0.792,0.508,0.92,1.0,0.867,3,2,up,21939.65,5
172,2024-02-05 09:50:00,2024-02-05 11:25:00,20,0.812,0.431,1.0,1.0,0.95,2,2,up,21938.05,2
173,2024-02-07 09:55:00,2024-02-07 11:05:00,15,0.791,0.675,1.0,0.984,0.933,2,3,down,21887.95,5
174,2024-02-09 09:15:00,2024-02-09 11:05:00,23,0.836,0.446,1.0,0.995,0.913,2,3,up,21722.15,7
175,2024-02-12 09:25:00,2024-02-12 12:20:00,36,0.636,0.648,1.0,0.441,0.944,2,3,up,21644.15,14
176,2024-02-15 09:45:00,2024-02-15 10:55:00,15,0.824,0.506,1.0,1.0,1.0,2,2,down,21858.0,9
177,2024-02-15 13:35:00,2024-02-15 15:00:00,18,0.776,0.635,1.0,1.0,0.889,2,2,up,21925.35,4
178,2024-02-26 09:15:00,2024-02-26 12:25:00,39,0.81,0.586,0.851,0.961,0.872,4,5,up,22108.7,1
179,2024-03-04 09:20:00,2024-03-04 11:15:00,24,0.782,0.633,1.0,1.0,0.917,2,2,up,22417.3,6
180,2024-03-06 11:45:00,2024-03-06 13:10:00,18,0.749,0.771,1.0,1.0,0.889,2,2,up,22307.3,5
181,2024-03-11 11:30:00,2024-03-11 13:45:00,28,0.677,0.725,0.563,0.999,0.857,4,3,down,22393.8,4
182,2024-03-12 11:50:00,2024-03-12 13:05:00,16,0.762,0.743,1.0,1.0,1.0,2,2,up,22379.7,2
183,2024-03-19 10:10:00,2024-03-19 11:20:00,15,0.792,0.666,1.0,1.0,1.0,2,2,down,21832.4,3
184,2024-03-26 10:05:00,2024-03-26 11:50:00,22,0.831,0.468,1.0,1.0,1.0,2,2,down,22031.6,4
185,2024-03-27 11:10:00,2024-03-27 13:00:00,23,0.649,0.784,1.0,0.629,0.87,2,3,up,22175.95,7
186,2024-04-01 10:50:00,2024-04-01 12:00:00,15,0.783,0.646,1.0,1.0,0.933,2,2,down,22462.2,2
187,2024-04-04 11:00:00,2024-04-04 12:10:00,15,0.71,0.699,0.991,1.0,0.867,3,2,up,22418.85,5
188,2024-04-08 13:20:00,2024-04-08 14:30:00,15,0.818,0.536,1.0,1.0,1.0,2,2,up,22706.95,12
189,2024-04-09 13:55:00,2024-04-09 15:05:00,15,0.769,0.686,1.0,0.963,0.867,2,3,up,22647.3,2
190,2024-04-10 09:45:00,2024-04-10 10:55:00,15,0.807,0.457,1.0,1.0,0.867,2,2,down,22693.2,4
191,2024-04-15 10:40:00,2024-04-15 11:50:00,15,0.764,0.669,1.0,1.0,0.867,2,2,up,22383.55,1
192,2024-04-16 09:40:00,2024-04-16 11:05:00,18,0.792,0.553,1.0,1.0,0.889,2,2,up,22203.3,3
193,2024-04-25 15:25:00,2024-04-26 11:00:00,23,0.82,0.567,0.994,1.0,0.957,3,2,up,22541.55,7
194,2024-04-26 10:20:00,2024-04-26 11:45:00,18,0.78,0.727,1.0,1.0,1.0,2,2,down,22510.25,10
195,2024-04-26 13:25:00,2024-04-26 14:50:00,18,0.8,0.569,1.0,1.0,0.944,2,2,down,22410.15,2
196,2024-04-29 10:15:00,2024-04-29 11:35:00,17,0.825,0.441,1.0,1.0,0.941,2,2,up,22554.3,4
197,2024-05-06 09:30:00,2024-05-06 11:05:00,20,0.866,0.297,1.0,1.0,1.0,2,2,up,22520.95,13
198,2024-05-07 14:10:00,2024-05-07 15:25:00,16,0.754,0.689,1.0,1.0,0.938,2,2,down,22224.45,1
199,2024-05-09 15:10:00,2024-05-10 11:25:00,31,0.783,0.71,1.0,1.0,1.0,2,2,down,22036.4,4
200,2024-05-10 10:45:00,2024-05-10 12:10:00,18,0.731,0.748,1.0,1.0,1.0,2,2,down,22013.6,7
201,2024-05-13 12:05:00,2024-05-13 13:15:00,15,0.785,0.698,1.0,1.0,1.0,2,2,down,21966.35,1
202,2024-05-15 09:25:00,2024-05-15 12:35:00,39,0.803,0.646,0.984,1.0,0.923,4,3,up,22199.6,5
203,2024-05-21 13:20:00,2024-05-21 14:45:00,18,0.78,0.671,1.0,1.0,0.944,2,2,down,22516.25,2
204,2024-05-28 09:45:00,2024-05-28 10:55:00,15,0.811,0.571,1.0,1.0,1.0,2,2,down,22975.1,1
205,2024-05-28 12:40:00,2024-05-28 14:15:00,20,0.762,0.664,1.0,1.0,0.85,2,2,down,22898.2,4
206,2024-05-29 09:15:00,2024-05-29 10:45:00,19,0.757,0.737,1.0,1.0,0.895,2,2,up,22735.1,8
207,2024-05-30 09:20:00,2024-05-30 12:05:00,34,0.8,0.537,1.0,1.0,0.912,2,2,up,22579.15,8
208,2024-05-31 11:20:00,2024-05-31 12:30:00,15,0.746,0.755,1.0,1.0,1.0,2,2,up,22539.0,4
209,2024-06-04 14:40:00,2024-06-05 10:10:00,22,0.782,0.693,1.0,0.984,0.909,2,3,up,22118.05,7
210,2024-06-05 11:20:00,2024-06-05 12:45:00,18,0.805,0.522,0.961,1.0,0.889,3,2,up,22359.05,2
211,2024-06-10 09:15:00,2024-06-10 10:25:00,15,0.82,0.39,1.0,1.0,0.867,2,2,up,23340.05,10
212,2024-06-10 11:50:00,2024-06-10 13:20:00,19,0.762,0.659,1.0,1.0,1.0,2,2,up,23358.35,4
213,2024-06-11 10:35:00,2024-06-11 11:50:00,16,0.681,0.571,0.681,1.0,0.875,3,2,up,23332.5,5
214,2024-06-14 10:05:00,2024-06-14 11:15:00,15,0.778,0.525,1.0,1.0,0.867,2,2,down,23432.45,3
215,2024-06-18 10:05:00,2024-06-18 11:20:00,16,0.816,0.545,1.0,1.0,1.0,2,2,down,23539.3,5
216,2024-06-21 14:50:00,2024-06-24 11:45:00,39,0.765,0.623,1.0,0.973,0.974,2,3,up,23545.1,8
217,2024-06-27 12:45:00,2024-06-27 14:00:00,16,0.653,0.748,0.614,1.0,0.875,3,2,up,23981.3,8
218,2024-06-27 14:25:00,2024-06-28 10:30:00,29,0.738,0.698,1.0,1.0,0.931,2,2,down,24130.65,3
219,2024-06-28 14:55:00,2024-07-01 10:30:00,23,0.714,0.616,1.0,1.0,0.87,2,2,down,24083.15,3
220,2024-07-02 12:45:00,2024-07-02 13:55:00,15,0.765,0.668,1.0,1.0,1.0,2,2,up,24140.3,8
221,2024-07-03 09:45:00,2024-07-03 11:00:00,16,0.792,0.625,0.995,1.0,0.875,3,2,down,24254.5,4
222,2024-07-04 10:20:00,2024-07-04 11:50:00,19,0.844,0.403,1.0,1.0,1.0,2,2,down,24327.9,2
223,2024-07-16 10:25:00,2024-07-16 11:35:00,15,0.767,0.704,1.0,1.0,1.0,2,2,down,24634.7,3
224,2024-07-18 14:50:00,2024-07-19 11:50:00,40,0.817,0.612,0.896,0.978,0.85,5,5,up,24651.05,2
225,2024-07-24 09:30:00,2024-07-24 10:50:00,17,0.636,0.583,0.44,1.0,0.882,3,2,down,24408.3,7
226,2024-07-29 09:20:00,2024-07-29 10:40:00,17,0.756,0.677,1.0,0.903,0.882,2,3,up,24895.6,2
227,2024-07-29 12:15:00,2024-07-29 13:45:00,19,0.851,0.356,0.999,1.0,0.895,3,2,down,24825.75,2
228,2024-08-01 09:15:00,2024-08-01 11:00:00,22,0.798,0.546,1.0,1.0,0.909,2,2,up,25033.45,2
229,2024-08-01 12:25:00,2024-08-01 14:05:00,21,0.776,0.652,1.0,1.0,0.905,2,2,down,24973.05,4
230,2024-08-02 11:05:00,2024-08-02 13:00:00,24,0.766,0.795,1.0,1.0,1.0,2,2,up,24775.5,5
231,2024-08-06 10:25:00,2024-08-06 12:05:00,21,0.843,0.408,1.0,1.0,1.0,2,2,down,24223.75,2
232,2024-08-07 10:25:00,2024-08-07 11:55:00,19,0.807,0.592,1.0,1.0,1.0,2,2,up,24247.9,4
233,2024-08-09 09:15:00,2024-08-09 11:15:00,25,0.82,0.484,1.0,1.0,0.96,2,2,up,24351.1,3
234,2024-08-14 09:20:00,2024-08-14 10:30:00,15,0.761,0.769,1.0,0.992,0.867,2,3,down,24133.3,5
235,2024-08-19 13:15:00,2024-08-19 14:55:00,21,0.754,0.758,1.0,1.0,0.905,2,2,down,24574.95,1
236,2024-08-20 09:35:00,2024-08-20 11:35:00,25,0.791,0.588,1.0,1.0,0.92,2,2,up,24713.4,2
237,2024-08-22 09:25:00,2024-08-22 11:00:00,20,0.803,0.559,1.0,1.0,0.95,2,2,down,24821.0,6
238,2024-08-28 11:30:00,2024-08-28 12:50:00,17,0.822,0.455,1.0,1.0,0.941,2,2,up,25109.0,6
239,2024-09-02 15:00:00,2024-09-03 11:35:00,35,0.743,0.592,0.822,0.766,0.857,4,4,up,25250.0,4
240,2024-09-04 09:15:00,2024-09-04 11:40:00,30,0.729,0.529,0.602,0.912,0.867,3,4,up,25139.2,7
241,2024-09-05 09:55:00,2024-09-05 11:25:00,19,0.754,0.738,1.0,1.0,1.0,2,2,down,25176.5,4
242,2024-09-06 09:15:00,2024-09-06 10:35:00,17,0.77,0.718,1.0,1.0,0.941,2,2,up,24919.15,1
243,2024-09-06 10:45:00,2024-09-06 12:00:00,16,0.814,0.491,1.0,1.0,0.938,2,2,up,24934.05,1
244,2024-09-06 12:55:00,2024-09-06 14:05:00,15,0.761,0.755,1.0,1.0,0.933,2,2,down,24818.3,10
245,2024-09-13 10:50:00,2024-09-13 12:00:00,15,0.679,0.771,1.0,1.0,0.867,2,2,up,25367.95,1
246,2024-09-16 09:15:00,2024-09-16 11:45:00,31,0.729,0.689,1.0,1.0,0.871,2,2,up,25366.1,10
247,2024-09-18 10:40:00,2024-09-18 11:50:00,15,0.813,0.495,1.0,1.0,0.933,2,2,up,25474.35,7
248,2024-09-19 09:40:00,2024-09-19 10:50:00,15,0.794,0.653,1.0,1.0,1.0,2,2,down,25440.05,7
249,2024-09-19 11:50:00,2024-09-19 13:25:00,20,0.69,0.715,0.732,1.0,0.85,3,2,down,25378.7,4
250,2024-09-23 09:35:00,2024-09-23 11:50:00,28,0.79,0.61,1.0,0.966,0.893,2,3,up,25879.95,1
251,2024-09-23 11:30:00,2024-09-23 12:40:00,15,0.709,0.716,1.0,1.0,1.0,2,2,up,25881.75,4
252,2024-09-27 10:55:00,2024-09-27 12:25:00,19,0.789,0.574,1.0,1.0,1.0,2,2,down,26196.15,5
253,2024-09-30 09:45:00,2024-09-30 12:05:00,29,0.823,0.51,1.0,1.0,1.0,2,2,up,25907.6,3
254,2024-10-03 13:45:00,2024-10-03 14:55:00,15,0.781,0.569,0.924,1.0,0.867,3,2,up,25266.0,6
255,2024-10-04 12:25:00,2024-10-04 13:50:00,18,0.837,0.382,1.0,1.0,0.944,2,2,up,25035.95,3
256,2024-10-07 11:00:00,2024-10-07 12:20:00,17,0.799,0.573,1.0,1.0,0.941,2,2,down,24896.05,2
257,2024-10-10 10:55:00,2024-10-10 12:25:00,19,0.795,0.649,1.0,1.0,1.0,2,2,down,25031.5,2
258,2024-10-15 10:10:00,2024-10-15 12:45:00,32,0.825,0.478,0.944,1.0,0.875,3,3,down,25058.8,2
259,2024-10-15 13:00:00,2024-10-15 14:30:00,19,0.79,0.677,1.0,1.0,1.0,2,2,down,25035.95,2
260,2024-10-17 09:40:00,2024-10-17 12:55:00,40,0.837,0.537,0.969,0.916,0.85,3,5,up,24763.8,18
261,2024-10-18 13:10:00,2024-10-18 14:30:00,17,0.81,0.576,1.0,1.0,1.0,2,2,down,24857.1,1
262,2024-10-22 10:10:00,2024-10-22 12:00:00,23,0.755,0.746,1.0,1.0,0.913,2,2,up,24695.35,4
263,2024-10-22 12:00:00,2024-10-22 14:05:00,26,0.773,0.656,0.946,1.0,0.885,3,2,up,24632.55,1
264,2024-10-23 11:40:00,2024-10-23 13:40:00,25,0.788,0.733,0.996,1.0,0.96,3,2,down,24518.5,5
265,2024-10-24 09:15:00,2024-10-24 11:40:00,30,0.865,0.316,0.993,1.0,0.933,3,2,down,24409.5,2
266,2024-10-25 10:40:00,2024-10-25 11:50:00,15,0.809,0.579,1.0,1.0,1.0,2,2,up,24154.55,2
267,2024-10-29 09:15:00,2024-10-29 10:45:00,19,0.822,0.515,1.0,1.0,1.0,2,2,up,24206.15,2
268,2024-10-30 15:15:00,2024-10-31 10:20:00,17,0.824,0.507,1.0,1.0,1.0,2,2,up,24266.7,3
269,2024-11-04 09:15:00,2024-11-04 12:00:00,34,0.782,0.515,0.819,1.0,0.882,4,2,up,23927.25,1
270,2024-11-04 15:20:00,2024-11-05 10:15:00,15,0.792,0.694,1.0,1.0,0.933,2,3,up,24022.9,2
271,2024-11-05 15:25:00,2024-11-06 11:00:00,23,0.767,0.703,1.0,1.0,0.913,2,2,up,24389.15,6
272,2024-11-07 10:50:00,2024-11-07 12:50:00,25,0.798,0.633,1.0,1.0,1.0,2,2,down,24198.25,7
273,2024-11-13 10:35:00,2024-11-13 12:10:00,20,0.822,0.531,1.0,0.954,0.9,2,4,up,23709.7,4
274,2024-11-14 09:35:00,2024-11-14 11:35:00,25,0.805,0.602,1.0,1.0,1.0,2,2,up,23516.35,2
275,2024-11-18 09:35:00,2024-11-18 11:00:00,18,0.81,0.576,1.0,1.0,1.0,2,2,up,23404.95,3
276,2024-11-21 09:45:00,2024-11-21 11:20:00,20,0.85,0.376,1.0,1.0,1.0,2,2,up,23344.05,5
277,2024-11-21 12:40:00,2024-11-21 13:55:00,16,0.741,0.669,1.0,1.0,0.938,2,2,down,23341.5,1
278,2024-11-22 09:35:00,2024-11-22 11:25:00,23,0.834,0.421,1.0,0.973,0.913,2,3,up,23529.55,1
279,2024-11-25 09:15:00,2024-11-25 10:55:00,21,0.842,0.27,1.0,1.0,0.857,2,2,up,24340.5,1
280,2024-11-25 12:50:00,2024-11-25 14:10:00,17,0.807,0.475,1.0,1.0,0.882,2,2,up,24229.6,5
281,2024-11-28 11:05:00,2024-11-28 12:25:00,17,0.777,0.741,1.0,1.0,1.0,2,2,down,24015.85,2
282,2024-11-28 12:20:00,2024-11-28 13:30:00,15,0.757,0.707,1.0,1.0,0.867,2,2,up,24046.1,5
283,2024-11-28 13:50:00,2024-11-28 15:00:00,15,0.851,0.372,1.0,1.0,1.0,2,2,up,23915.6,2
284,2024-12-03 11:55:00,2024-12-03 13:15:00,17,0.798,0.634,1.0,1.0,1.0,2,2,up,24455.15,3
285,2024-12-04 09:15:00,2024-12-04 10:55:00,21,0.779,0.585,1.0,1.0,0.857,2,2,up,24547.3,8
286,2024-12-04 10:30:00,2024-12-04 11:40:00,15,0.807,0.588,1.0,1.0,1.0,2,2,down,24414.0,3
287,2024-12-06 10:45:00,2024-12-06 12:00:00,16,0.766,0.793,1.0,1.0,1.0,2,2,up,24710.8,5
288,2024-12-10 09:55:00,2024-12-10 11:30:00,20,0.757,0.57,1.0,1.0,1.0,2,2,down,24629.1,3
289,2024-12-11 12:20:00,2024-12-11 13:50:00,19,0.775,0.647,1.0,1.0,0.895,2,2,down,24649.95,5
290,2024-12-11 15:25:00,2024-12-12 11:00:00,23,0.607,0.733,1.0,0.552,0.87,2,4,up,24607.35,3
291,2024-12-16 11:10:00,2024-12-16 12:30:00,17,0.762,0.697,1.0,1.0,0.882,2,2,up,24650.25,2
292,2024-12-18 10:15:00,2024-12-18 12:00:00,22,0.802,0.512,1.0,1.0,0.864,3,2,up,24218.35,12
293,2024-12-18 12:50:00,2024-12-18 14:00:00,15,0.775,0.75,1.0,1.0,1.0,2,2,down,24173.1,6
294,2024-12-19 11:35:00,2024-12-19 12:45:00,15,0.787,0.558,1.0,1.0,0.867,2,2,down,23942.9,6
295,2024-12-24 10:25:00,2024-12-24 11:35:00,15,0.797,0.639,1.0,1.0,1.0,2,2,down,23799.45,5
296,2024-12-24 13:55:00,2024-12-24 15:05:00,15,0.789,0.682,1.0,1.0,1.0,2,2,up,23737.8,3
297,2024-12-27 09:45:00,2024-12-27 13:00:00,40,0.801,0.648,0.989,1.0,0.95,3,2,up,23853.15,1
298,2025-01-01 11:15:00,2025-01-01 13:35:00,29,0.815,0.535,0.957,0.987,0.862,3,3,up,23785.95,4
299,2025-01-07 09:40:00,2025-01-07 10:50:00,15,0.747,0.579,0.818,1.0,0.867,3,2,down,23719.4,3
300,2025-01-07 10:50:00,2025-01-07 12:20:00,19,0.737,0.687,1.0,1.0,1.0,2,2,up,23759.7,14
301,2025-01-09 12:00:00,2025-01-09 13:30:00,19,0.814,0.556,1.0,1.0,1.0,2,2,up,23532.9,3
302,2025-01-14 09:50:00,2025-01-14 12:20:00,31,0.724,0.704,1.0,1.0,0.968,2,2,up,23169.5,2
303,2025-01-20 11:10:00,2025-01-20 12:30:00,17,0.756,0.578,1.0,0.851,0.882,2,3,down,23337.8,2
304,2025-01-20 13:05:00,2025-01-20 14:15:00,15,0.775,0.683,1.0,1.0,0.933,2,2,up,23361.9,7
305,2025-01-21 11:30:00,2025-01-21 13:00:00,19,0.787,0.689,1.0,1.0,1.0,2,2,up,23273.55,5
306,2025-01-22 09:15:00,2025-01-22 10:25:00,15,0.791,0.608,0.985,1.0,0.867,3,2,down,23074.8,2
307,2025-01-23 09:55:00,2025-01-23 11:50:00,24,0.763,0.727,1.0,1.0,0.917,2,2,up,23254.25,5
308,2025-01-27 13:35:00,2025-01-27 14:45:00,15,0.666,0.772,1.0,0.849,0.867,2,3,up,22840.85,4
309,2025-01-28 14:35:00,2025-01-29 09:30:00,15,0.758,0.703,1.0,1.0,0.867,2,2,up,23036.4,1
310,2025-01-30 10:50:00,2025-01-30 12:15:00,18,0.783,0.58,1.0,0.925,0.889,2,3,up,23278.55,3
311,2025-02-01 15:25:00,2025-02-03 11:15:00,26,0.839,0.391,1.0,1.0,0.962,2,2,up,23296.2,9
312,2025-02-03 10:15:00,2025-02-03 12:20:00,26,0.789,0.603,1.0,1.0,0.923,2,2,down,23271.85,3
313,2025-02-04 15:20:00,2025-02-05 10:50:00,22,0.796,0.591,0.991,1.0,0.864,3,2,down,23731.05,3
314,2025-02-05 10:25:00,2025-02-05 11:45:00,17,0.784,0.707,1.0,1.0,1.0,2,2,down,23743.25,1
315,2025-02-06 09:40:00,2025-02-06 11:45:00,26,0.82,0.54,0.998,1.0,0.923,3,2,up,23619.45,5
316,2025-02-10 09:20:00,2025-02-10 10:40:00,17,0.718,0.615,1.0,0.775,0.882,2,3,up,23395.3,3
317,2025-02-10 10:25:00,2025-02-10 11:35:00,15,0.777,0.766,1.0,1.0,0.933,3,2,down,23364.4,4
318,2025-02-10 15:25:00,2025-02-11 10:20:00,15,0.754,0.646,1.0,1.0,0.933,2,2,up,23289.0,1
319,2025-02-11 10:40:00,2025-02-11 12:10:00,19,0.768,0.678,1.0,1.0,0.895,2,2,down,23240.55,2
320,2025-02-12 13:30:00,2025-02-12 14:40:00,15,0.754,0.721,1.0,1.0,0.867,2,2,up,22989.75,3
321,2025-02-14 09:15:00,2025-02-14 10:25:00,15,0.721,0.735,0.997,1.0,0.867,3,2,down,23026.15,1
322,2025-02-14 12:35:00,2025-02-14 14:05:00,19,0.766,0.688,1.0,1.0,0.895,2,2,up,22855.6,2
323,2025-02-17 10:30:00,2025-02-17 12:20:00,23,0.808,0.583,1.0,1.0,1.0,2,2,up,22880.45,7
324,2025-02-19 10:15:00,2025-02-19 12:40:00,30,0.787,0.684,1.0,1.0,1.0,2,2,down,22924.55,5
325,2025-02-25 13:05:00,2025-02-25 14:35:00,19,0.786,0.687,0.968,1.0,0.947,3,2,down,22572.9,3
326,2025-02-27 09:35:00,2025-02-27 12:35:00,37,0.883,0.418,0.999,0.962,0.892,3,5,up,22529.05,2
327,2025-02-28 10:10:00,2025-02-28 11:20:00,15,0.705,0.596,0.692,1.0,0.867,3,2,up,22260.15,3
328,2025-03-03 10:05:00,2025-03-03 11:30:00,18,0.783,0.6,1.0,1.0,0.889,2,2,up,22025.05,6
329,2025-03-03 13:55:00,2025-03-03 15:25:00,19,0.825,0.501,1.0,1.0,1.0,2,2,down,21985.4,1
330,2025-03-05 13:20:00,2025-03-05 15:10:00,23,0.633,0.732,1.0,0.537,0.87,2,3,up,22432.75,4
331,2025-03-07 12:20:00,2025-03-07 13:40:00,17,0.699,0.725,1.0,0.747,0.882,2,3,down,22540.85,2
332,2025-03-10 10:05:00,2025-03-10 11:40:00,20,0.799,0.63,1.0,1.0,1.0,2,2,down,22594.85,4
333,2025-03-11 09:55:00,2025-03-11 11:55:00,25,0.798,0.554,1.0,1.0,0.92,2,2,up,22437.7,3
334,2025-03-12 15:15:00,2025-03-13 11:15:00,28,0.681,0.605,0.662,1.0,0.857,3,2,down,22471.9,2
335,2025-03-13 15:25:00,2025-03-17 11:00:00,23,0.847,0.345,1.0,1.0,0.957,2,2,down,22477.55,2
336,2025-03-17 13:45:00,2025-03-17 14:55:00,15,0.728,0.765,1.0,1.0,0.933,2,2,up,22611.5,7
337,2025-03-19 10:40:00,2025-03-19 11:55:00,16,0.665,0.582,1.0,0.542,0.875,2,3,up,22906.9,7
338,2025-03-20 09:15:00,2025-03-20 10:50:00,20,0.831,0.468,1.0,1.0,1.0,2,2,up,23063.55,4
339,2025-03-20 15:10:00,2025-03-21 10:05:00,15,0.74,0.793,1.0,1.0,0.867,2,2,down,23257.3,1
340,2025-03-26 15:25:00,2025-03-27 11:15:00,26,0.837,0.364,1.0,1.0,0.923,2,2,down,23585.25,1
341,2025-03-28 10:15:00,2025-03-28 11:35:00,17,0.781,0.621,1.0,1.0,1.0,2,2,down,23569.05,1
342,2025-04-02 09:40:00,2025-04-02 11:35:00,24,0.732,0.651,1.0,1.0,0.875,2,2,down,23259.05,1
343,2025-04-04 09:25:00,2025-04-04 12:25:00,37,0.831,0.506,0.927,1.0,0.865,5,2,up,22964.45,3
344,2025-04-07 09:55:00,2025-04-07 11:35:00,21,0.783,0.66,1.0,1.0,0.952,2,2,down,21965.2,4
345,2025-04-08 13:35:00,2025-04-08 15:25:00,23,0.836,0.313,1.0,1.0,0.87,2,2,down,22410.55,1
346,2025-04-09 09:20:00,2025-04-09 10:50:00,19,0.868,0.315,0.992,1.0,0.947,3,2,down,22367.2,2
347,2025-04-09 13:05:00,2025-04-09 14:15:00,15,0.819,0.528,1.0,1.0,1.0,2,2,up,22403.0,4
348,2025-04-15 09:55:00,2025-04-15 11:15:00,17,0.801,0.621,1.0,1.0,1.0,2,2,up,23312.8,8
349,2025-04-22 12:55:00,2025-04-22 14:05:00,15,0.743,0.716,1.0,1.0,0.867,2,2,down,24175.25,5
350,2025-04-24 09:30:00,2025-04-24 11:00:00,19,0.859,0.288,1.0,1.0,0.895,3,2,up,24277.65,3
351,2025-04-25 13:45:00,2025-04-25 14:55:00,15,0.779,0.729,1.0,1.0,1.0,2,2,down,24001.65,5
352,2025-04-28 12:45:00,2025-04-28 13:55:00,15,0.755,0.782,1.0,1.0,0.933,2,2,down,24327.0,4
353,2025-04-28 14:10:00,2025-04-28 15:25:00,16,0.752,0.742,1.0,1.0,0.875,2,2,up,24439.25,1
354,2025-04-29 09:15:00,2025-04-29 10:30:00,16,0.797,0.516,1.0,1.0,0.875,2,2,up,24350.7,3
355,2025-04-30 09:15:00,2025-04-30 12:25:00,39,0.855,0.363,0.935,0.997,0.923,3,3,down,24333.8,9
356,2025-05-05 11:10:00,2025-05-05 12:20:00,15,0.747,0.755,1.0,1.0,0.867,2,2,up,24457.35,1
357,2025-05-09 11:15:00,2025-05-09 12:50:00,20,0.779,0.572,1.0,1.0,0.9,2,2,down,23977.95,6
358,2025-05-12 09:45:00,2025-05-12 10:55:00,15,0.793,0.528,1.0,1.0,0.867,2,2,up,24708.4,2
359,2025-05-12 15:25:00,2025-05-13 11:00:00,23,0.698,0.579,0.623,1.0,0.913,3,2,up,24797.15,5
360,2025-05-13 10:50:00,2025-05-13 12:15:00,18,0.807,0.61,0.988,1.0,0.944,3,2,down,24669.45,3
361,2025-05-14 12:35:00,2025-05-14 14:20:00,22,0.811,0.432,1.0,1.0,0.864,2,2,down,24611.2,1
362,2025-05-15 10:35:00,2025-05-15 11:45:00,15,0.808,0.452,1.0,1.0,0.867,2,2,up,24639.7,3
363,2025-05-15 13:55:00,2025-05-15 15:05:00,15,0.783,0.645,1.0,1.0,0.933,2,2,down,25003.7,5
364,2025-05-15 15:25:00,2025-05-16 10:20:00,15,0.8,0.624,1.0,1.0,1.0,2,2,up,24988.95,20
365,2025-05-21 12:55:00,2025-05-21 14:40:00,22,0.698,0.708,1.0,0.651,0.909,2,4,up,24816.75,4
366,2025-05-22 09:15:00,2025-05-22 10:35:00,17,0.818,0.416,1.0,1.0,0.882,2,2,down,24594.6,7
367,2025-05-23 11:30:00,2025-05-23 13:25:00,24,0.736,0.56,0.673,1.0,0.917,4,2,down,24851.0,3
368,2025-05-26 11:15:00,2025-05-26 12:25:00,15,0.658,0.734,0.627,1.0,0.867,3,2,down,24968.4,3
369,2025-05-27 11:25:00,2025-05-27 13:15:00,23,0.795,0.512,1.0,0.903,0.913,2,3,up,24825.8,3
370,2025-05-27 14:00:00,2025-05-28 11:00:00,40,0.694,0.799,0.614,0.828,0.85,4,4,down,24755.05,6
371,2025-05-28 10:55:00,2025-05-28 12:05:00,15,0.728,0.72,1.0,1.0,1.0,2,2,up,24770.05,3
372,2025-05-28 12:45:00,2025-05-28 14:30:00,22,0.759,0.741,1.0,1.0,0.909,2,2,down,24756.55,6
373,2025-05-29 09:15:00,2025-05-29 10:40:00,18,0.826,0.497,1.0,1.0,1.0,2,2,down,24716.7,4
374,2025-05-29 12:35:00,2025-05-29 14:45:00,27,0.765,0.588,0.807,0.996,0.889,3,3,up,24797.75,3
375,2025-05-29 15:25:00,2025-05-30 10:45:00,20,0.82,0.474,1.0,1.0,0.95,2,2,up,24751.25,2
376,2025-06-02 15:05:00,2025-06-03 10:20:00,19,0.715,0.729,1.0,1.0,1.0,2,2,down,24637.7,7
377,2025-06-03 11:05:00,2025-06-03 12:15:00,15,0.752,0.669,1.0,0.997,0.933,2,3,up,24632.95,4
378,2025-06-03 12:35:00,2025-06-03 13:45:00,15,0.792,0.53,1.0,1.0,0.867,2,2,up,24568.35,2
379,2025-06-03 14:45:00,2025-06-04 11:15:00,34,0.737,0.618,1.0,0.801,0.882,2,5,down,24586.7,6
380,2025-06-06 11:40:00,2025-06-06 13:00:00,17,0.781,0.661,1.0,1.0,0.941,2,2,up,24980.0,6
381,2025-06-09 09:20:00,2025-06-09 12:00:00,33,0.819,0.501,1.0,1.0,0.97,2,2,up,25116.55,2
382,2025-06-09 11:00:00,2025-06-09 13:55:00,36,0.766,0.729,0.86,1.0,0.861,5,2,down,25090.4,3
383,2025-06-10 10:40:00,2025-06-10 12:25:00,22,0.703,0.577,1.0,0.717,0.909,2,3,down,25127.3,10
384,2025-06-12 09:30:00,2025-06-12 10:40:00,15,0.566,0.753,1.0,0.507,0.867,2,3,up,25069.75,7
385,2025-06-12 15:00:00,2025-06-13 11:15:00,31,0.832,0.465,1.0,1.0,1.0,2,2,up,24663.15,2
386,2025-06-16 11:00:00,2025-06-16 12:25:00,18,0.779,0.565,1.0,0.901,0.889,2,3,up,24937.55,1
387,2025-06-17 09:40:00,2025-06-17 11:40:00,25,0.801,0.525,1.0,1.0,0.96,2,2,down,24872.45,2
388,2025-06-18 10:15:00,2025-06-18 12:05:00,23,0.752,0.718,1.0,1.0,0.957,2,2,down,24787.05,5
389,2025-06-18 12:45:00,2025-06-18 14:10:00,18,0.777,0.738,1.0,1.0,1.0,2,2,down,24766.1,1
390,2025-06-19 09:40:00,2025-06-19 11:30:00,23,0.797,0.466,1.0,0.878,0.913,2,3,up,24806.0,6
391,2025-06-20 15:15:00,2025-06-23 11:05:00,26,0.806,0.481,1.0,1.0,0.885,2,2,up,24928.55,1
392,2025-06-24 13:35:00,2025-06-24 14:55:00,17,0.681,0.477,1.0,0.481,0.941,2,3,up,25069.4,5
393,2025-06-25 14:15:00,2025-06-25 15:25:00,15,0.775,0.712,1.0,1.0,0.867,2,3,up,25283.65,1
394,2025-06-26 15:20:00,2025-06-27 10:15:00,15,0.85,0.377,1.0,1.0,1.0,2,2,up,25570.55,5
395,2025-06-30 10:00:00,2025-06-30 11:10:00,15,0.813,0.492,1.0,1.0,0.933,2,2,up,25560.05,4
396,2025-07-01 09:20:00,2025-07-01 11:40:00,29,0.818,0.45,0.945,1.0,0.862,4,2,up,25518.3,4
397,2025-07-01 11:50:00,2025-07-01 13:40:00,23,0.769,0.648,1.0,1.0,0.87,2,2,down,25528.35,1
398,2025-07-02 09:15:00,2025-07-02 11:25:00,27,0.793,0.614,0.942,1.0,0.852,3,3,up,25485.3,3
399,2025-07-03 11:25:00,2025-07-03 13:15:00,23,0.727,0.567,1.0,0.714,0.913,2,3,up,25517.1,3
400,2025-07-04 09:15:00,2025-07-04 10:25:00,15,0.795,0.488,0.919,1.0,0.867,3,2,down,25403.85,1
401,2025-07-07 09:40:00,2025-07-07 12:15:00,32,0.819,0.496,1.0,1.0,0.969,2,2,up,25444.8,1
402,2025-07-07 15:05:00,2025-07-08 11:00:00,27,0.755,0.606,0.961,1.0,0.852,3,2,down,25431.85,1
403,2025-07-08 15:05:00,2025-07-09 11:00:00,27,0.812,0.437,0.965,0.888,0.852,3,3,down,25521.25,1
404,2025-07-11 12:30:00,2025-07-11 13:40:00,15,0.796,0.513,1.0,1.0,0.867,2,2,up,25161.3,1
405,2025-07-14 09:15:00,2025-07-14 10:40:00,18,0.825,0.443,1.0,1.0,0.944,2,2,down,25073.2,3
406,2025-07-14 10:55:00,2025-07-14 12:45:00,23,0.74,0.737,0.899,1.0,0.87,3,2,down,25041.3,1
407,2025-07-14 12:45:00,2025-07-14 13:55:00,15,0.758,0.784,1.0,1.0,1.0,2,2,up,25083.55,11
408,2025-07-16 12:15:00,2025-07-16 13:35:00,17,0.767,0.732,1.0,1.0,0.941,2,2,up,25214.55,1
409,2025-07-18 09:15:00,2025-07-18 11:50:00,32,0.804,0.662,0.993,0.977,0.906,3,3,up,24942.95,3
410,2025-07-21 15:25:00,2025-07-22 10:20:00,15,0.81,0.508,1.0,1.0,0.933,2,2,down,25056.05,9
411,2025-07-23 15:15:00,2025-07-24 10:40:00,21,0.802,0.567,1.0,1.0,0.952,2,2,up,25173.35,2
412,2025-08-01 09:30:00,2025-08-01 12:40:00,39,0.755,0.755,1.0,0.773,0.872,2,6,up,24683.75,9
413,2025-08-01 15:25:00,2025-08-04 10:40:00,19,0.792,0.667,1.0,1.0,1.0,2,2,down,24612.75,1
414,2025-08-06 15:25:00,2025-08-07 10:20:00,15,0.822,0.354,1.0,1.0,0.933,2,2,down,24450.15,1
415,2025-08-07 15:25:00,2025-08-08 11:50:00,33,0.761,0.579,0.859,1.0,0.879,3,2,up,24433.85,1
416,2025-08-18 11:50:00,2025-08-18 13:40:00,23,0.779,0.671,1.0,0.986,0.87,2,3,down,24924.25,1
417,2025-08-28 10:10:00,2025-08-28 12:20:00,27,0.774,0.754,1.0,1.0,1.0,2,2,down,24577.75,7
418,2025-09-01 09:50:00,2025-09-01 11:55:00,26,0.672,0.647,0.627,1.0,0.885,3,2,up,24557.15,5
419,2025-09-02 10:45:00,2025-09-02 12:15:00,19,0.749,0.774,1.0,1.0,0.895,2,2,up,24737.05,2
420,2025-09-04 10:20:00,2025-09-04 11:30:00,15,0.752,0.731,1.0,1.0,0.867,2,2,up,24823.05,6
421,2025-09-08 09:50:00,2025-09-08 11:00:00,15,0.709,0.689,1.0,1.0,0.933,2,2,up,24806.8,2
422,2025-09-11 09:15:00,2025-09-11 10:35:00,17,0.8,0.429,1.0,1.0,1.0,2,2,up,24985.45,5
423,2025-09-11 13:10:00,2025-09-11 14:25:00,16,0.728,0.701,1.0,1.0,1.0,2,2,up,25053.3,13
424,2025-09-19 09:55:00,2025-09-19 11:05:00,15,0.701,0.708,1.0,1.0,0.933,2,2,up,25310.35,3
425,2025-09-23 09:25:00,2025-09-23 10:35:00,15,0.769,0.645,1.0,1.0,0.867,2,2,up,25128.55,5
426,2025-09-23 14:00:00,2025-09-23 15:10:00,15,0.787,0.688,1.0,1.0,1.0,2,2,down,25092.3,4
427,2025-09-24 09:15:00,2025-09-24 11:05:00,23,0.809,0.578,1.0,1.0,1.0,2,2,up,25064.05,4
428,2025-09-25 09:20:00,2025-09-25 10:30:00,15,0.83,0.451,1.0,1.0,1.0,2,2,down,25013.55,1
429,2025-09-26 09:15:00,2025-09-26 10:25:00,15,0.798,0.503,1.0,1.0,0.867,2,2,up,24802.6,4
430,2025-10-01 15:20:00,2025-10-03 10:15:00,15,0.828,0.485,1.0,1.0,1.0,2,2,down,24782.85,5
431,2025-10-06 11:00:00,2025-10-06 12:30:00,19,0.823,0.498,1.0,1.0,0.895,3,2,up,25014.9,2
432,2025-10-07 15:10:00,2025-10-08 10:05:00,15,0.724,0.7,1.0,0.778,0.933,2,3,down,25141.95,2
433,2025-10-09 11:30:00,2025-10-09 12:40:00,15,0.736,0.716,1.0,1.0,1.0,2,2,up,25139.8,5
434,2025-10-10 10:50:00,2025-10-10 12:00:00,15,0.782,0.715,1.0,1.0,1.0,2,2,down,25277.2,3
435,2025-10-13 09:35:00,2025-10-13 10:55:00,17,0.8,0.565,1.0,1.0,0.941,2,2,down,25178.45,4
436,2025-10-13 13:45:00,2025-10-13 14:55:00,15,0.714,0.78,1.0,1.0,1.0,2,2,down,25215.5,1
437,2025-10-20 10:25:00,2025-10-20 12:15:00,23,0.798,0.635,1.0,1.0,1.0,2,2,up,25860.1,3
438,2025-10-20 14:35:00,2025-10-21 14:40:00,23,0.731,0.757,1.0,1.0,1.0,2,2,up,26003.75,1
439,2025-10-23 14:30:00,2025-10-24 11:05:00,35,0.809,0.633,0.943,0.978,0.857,4,3,up,25837.1,7
440,2025-10-28 09:30:00,2025-10-28 11:00:00,19,0.793,0.658,1.0,1.0,1.0,2,2,up,25862.05,3
441,2025-10-30 15:20:00,2025-10-31 12:10:00,38,0.738,0.623,1.0,0.98,0.895,2,3,up,25811.65,10
442,2025-11-06 09:25:00,2025-11-06 11:35:00,27,0.81,0.49,1.0,1.0,1.0,2,2,up,25551.6,2
443,2025-11-07 09:15:00,2025-11-07 10:55:00,21,0.832,0.404,1.0,0.991,0.857,2,3,up,25410.55,3
444,2025-11-13 13:40:00,2025-11-13 15:10:00,19,0.717,0.768,1.0,1.0,1.0,2,2,down,25810.7,4
445,2025-11-13 15:25:00,2025-11-14 10:20:00,15,0.755,0.718,1.0,1.0,0.867,2,2,up,25785.6,5
446,2025-11-14 10:45:00,2025-11-14 13:05:00,29,0.771,0.668,1.0,1.0,0.897,2,2,down,25767.15,6
447,2025-11-17 15:25:00,2025-11-18 10:20:00,15,0.83,0.475,1.0,1.0,1.0,2,2,up,25891.8,4
448,2025-11-20 14:25:00,2025-11-21 10:35:00,30,0.762,0.624,1.0,0.853,0.933,2,3,up,26075.75,2
449,2025-11-21 15:15:00,2025-11-24 10:10:00,15,0.797,0.638,1.0,1.0,1.0,2,2,up,26137.45,5
450,2025-11-28 10:50:00,2025-11-28 12:25:00,20,0.721,0.781,1.0,1.0,0.9,2,2,down,26207.8,4
451,2025-11-28 12:45:00,2025-11-28 14:50:00,26,0.65,0.775,1.0,0.49,0.885,2,5,up,26285.3,8
452,2025-12-03 10:10:00,2025-12-03 11:20:00,15,0.769,0.715,1.0,1.0,0.933,2,2,up,25920.35,2
453,2025-12-12 09:15:00,2025-12-12 12:10:00,36,0.769,0.656,1.0,0.867,0.889,2,4,down,26022.15,5
454,2025-12-15 09:15:00,2025-12-15 11:25:00,27,0.815,0.44,1.0,1.0,0.889,2,2,down,25967.8,1
455,2025-12-17 11:40:00,2025-12-17 13:00:00,17,0.782,0.692,1.0,1.0,0.882,2,3,up,25803.6,3
456,2025-12-18 09:45:00,2025-12-18 11:30:00,22,0.752,0.616,1.0,1.0,0.864,2,2,down,25851.75,3
457,2025-12-19 10:05:00,2025-12-19 11:20:00,16,0.788,0.683,1.0,1.0,1.0,2,2,down,25931.55,1
458,2025-12-22 15:10:00,2025-12-23 10:35:00,21,0.809,0.569,1.0,1.0,1.0,2,2,down,26178.55,4
459,2025-12-26 14:45:00,2025-12-29 11:20:00,35,0.719,0.652,1.0,0.786,0.886,2,3,up,25968.75,20
460,2025-12-31 15:15:00,2026-01-01 11:10:00,27,0.655,0.671,0.73,1.0,0.963,3,2,down,26165.8,3
461,2026-01-01 15:20:00,2026-01-02 10:15:00,15,0.737,0.556,1.0,1.0,0.933,2,2,down,26252.0,1
462,2026-01-05 09:30:00,2026-01-05 11:00:00,19,0.733,0.658,1.0,0.969,0.895,2,3,down,26353.1,1
463,2026-01-06 09:15:00,2026-01-06 11:50:00,32,0.807,0.596,0.984,1.0,0.938,3,2,up,26168.75,12
464,2026-01-06 11:15:00,2026-01-06 13:05:00,23,0.805,0.598,1.0,1.0,1.0,2,2,down,26155.65,6
465,2026-01-07 09:25:00,2026-01-07 11:05:00,21,0.757,0.587,1.0,1.0,1.0,2,2,down,26138.85,3
466,2026-01-08 11:55:00,2026-01-08 13:05:00,15,0.783,0.643,1.0,1.0,0.933,2,2,down,25893.5,4
467,2026-01-08 15:15:00,2026-01-09 10:10:00,15,0.751,0.675,1.0,1.0,0.867,2,2,up,25887.85,3
468,2026-01-09 10:05:00,2026-01-09 12:55:00,35,0.74,0.791,0.995,0.999,0.857,4,3,up,25691.05,3
469,2026-01-12 09:15:00,2026-01-12 10:25:00,15,0.814,0.487,1.0,1.0,0.933,2,2,down,25547.35,6
470,2026-01-14 11:50:00,2026-01-14 13:10:00,17,0.759,0.769,0.974,1.0,0.882,3,2,down,25717.15,2
471,2026-01-16 09:40:00,2026-01-16 11:55:00,28,0.794,0.653,1.0,1.0,1.0,2,2,up,25811.95,2
472,2026-01-16 13:20:00,2026-01-16 15:25:00,26,0.801,0.619,1.0,1.0,1.0,2,2,down,25597.4,1
473,2026-01-19 10:25:00,2026-01-19 11:50:00,18,0.786,0.641,1.0,1.0,0.944,2,2,down,25520.45,2
474,2026-01-20 09:25:00,2026-01-20 11:15:00,23,0.822,0.471,1.0,1.0,0.957,2,2,up,25465.6,4
475,2026-01-21 13:30:00,2026-01-21 15:00:00,19,0.785,0.648,1.0,1.0,0.947,2,2,up,25165.7,1
476,2026-01-22 15:20:00,2026-01-23 10:15:00,15,0.779,0.596,1.0,1.0,0.867,2,2,up,25303.8,3
477,2026-01-27 10:15:00,2026-01-27 13:30:00,40,0.769,0.616,0.939,1.0,0.9,4,2,down,25031.7,1
478,2026-01-30 09:35:00,2026-01-30 10:45:00,15,0.811,0.504,0.981,1.0,0.867,3,2,down,25263.1,4
479,2026-02-01 12:10:00,2026-02-01 13:30:00,17,0.867,0.29,1.0,1.0,1.0,2,2,down,25077.1,2
480,2026-02-05 09:35:00,2026-02-05 11:10:00,20,0.778,0.685,1.0,1.0,0.95,2,2,up,25640.8,21
481,2026-02-09 10:10:00,2026-02-09 12:25:00,28,0.793,0.669,0.99,1.0,0.929,3,2,down,25839.65,1
482,2026-02-18 15:25:00,2026-02-19 12:15:00,38,0.78,0.711,1.0,0.997,0.895,2,3,up,25598.45,9
483,2026-02-24 09:30:00,2026-02-24 10:40:00,15,0.82,0.527,1.0,1.0,1.0,2,2,up,25505.85,6
484,2026-02-25 09:35:00,2026-02-25 10:45:00,15,0.803,0.608,1.0,1.0,1.0,2,2,down,25612.35,2
485,2026-02-27 10:05:00,2026-02-27 11:15:00,15,0.755,0.783,1.0,1.0,0.933,2,2,down,25307.0,2
486,2026-03-02 09:20:00,2026-03-02 11:45:00,30,0.839,0.355,0.955,1.0,0.9,3,2,down,24784.0,2
487,2026-03-05 11:15:00,2026-03-05 13:00:00,22,0.748,0.796,1.0,1.0,0.909,2,2,down,24639.65,2
488,2026-03-05 14:45:00,2026-03-06 10:00:00,19,0.817,0.489,1.0,1.0,0.947,2,2,up,24653.6,1
489,2026-03-06 09:45:00,2026-03-06 13:00:00,40,0.606,0.753,0.948,0.516,0.85,6,4,up,24609.25,15
490,2026-03-06 15:15:00,2026-03-09 10:10:00,15,0.827,0.488,1.0,1.0,1.0,2,2,up,23776.3,2
491,2026-03-16 10:45:00,2026-03-16 12:00:00,16,0.786,0.63,1.0,1.0,0.938,2,2,down,23159.55,1
492,2026-03-19 09:55:00,2026-03-19 12:05:00,27,0.76,0.611,1.0,0.895,0.852,2,3,up,23265.5,1
493,2026-03-19 14:55:00,2026-03-20 11:00:00,29,0.833,0.38,1.0,0.976,0.862,2,3,down,23290.15,1
494,2026-03-27 10:30:00,2026-03-27 11:50:00,17,0.778,0.71,1.0,1.0,0.882,3,2,up,22962.3,7
495,2026-03-30 09:15:00,2026-03-30 11:50:00,32,0.846,0.425,1.0,0.915,0.969,2,4,up,22549.35,2
496,2026-04-01 13:05:00,2026-04-01 15:25:00,29,0.789,0.615,0.902,1.0,0.897,4,2,down,22228.0,1
497,2026-04-06 09:20:00,2026-04-06 10:50:00,19,0.777,0.54,0.876,1.0,0.895,3,2,down,22590.05,2
498,2026-04-07 11:40:00,2026-04-07 12:50:00,15,0.733,0.623,1.0,1.0,1.0,2,2,up,22967.3,5
