direction,entry_time,exit_time,entry_price,exit_price,sl_at_entry,sl_at_exit,be_triggered,pnl,mfe_pts,mae_pts,exit_reason,holding_mins,opt_dS,opt_delta_entry,opt_delta_exit,opt_gamma,opt_theta_daily,opt_vega,opt_delta_effect,opt_gamma_pnl,opt_theta_effect,opt_vega_effect,opt_change,opt_pnl_per_lot,opt_gross_pnl,opt_slippage,opt_total_pnl,opt_breakeven_dS,opt_lot_size
short,2024-12-09 10:25:00+05:30,2024-12-09 11:10:00+05:30,24611.95,24632.236369063747,24632.236369063747,24632.236369063747,False,-20.29,22.9,34.1,STOP_LOSS,45,20.2864,-0.45,-0.4358,0.0007,-10.53,5.0,-8.9992,9.3625,-1.2636,0.0,-10.2628,-10.2628,-667.08,50.0,-717.08,-2.8019,65
short,2024-12-18 09:30:00+05:30,2024-12-18 09:35:00+05:30,24313.0,24336.835893310385,24336.835893310385,24336.835893310385,False,-23.84,11.9,40.8,STOP_LOSS,5,23.8359,-0.45,-0.433315,0.0007,-10.53,5.0,-10.5472,12.9254,-0.1404,0.0,-10.6876,-10.6876,-694.69,50.0,-744.69,-0.3119,65
short,2024-12-18 10:20:00+05:30,2024-12-18 10:40:00+05:30,24272.05,24300.908008997078,24300.908008997078,24300.908008997078,False,-28.86,17.1,33.85,STOP_LOSS,20,28.858,-0.45,-0.429799,0.0007,-10.53,5.0,-12.7238,18.9459,-0.5616,0.0,-13.2854,-13.2854,-863.55,50.0,-913.55,-1.2468,65
short,2024-12-19 09:50:00+05:30,2024-12-19 15:00:00+05:30,23981.2,23958.0,24019.871630848822,24019.871630848822,False,23.2,63.8,23.7,SOFT_EOD_EXIT,310,-23.2,-0.45,-0.46624,0.0007,-10.53,5.0,10.6095,12.245,-8.7048,0.0,1.9047,1.9047,123.81,50.0,73.81,-19.0614,65
short,2024-12-20 10:20:00+05:30,2024-12-20 10:35:00+05:30,23881.4,23930.402589949976,23930.402589949976,23930.402589949976,False,-49.0,13.3,69.4,STOP_LOSS,15,49.0026,-0.45,-0.415698,0.0007,-10.53,5.0,-21.2948,54.6285,-0.4212,0.0,-21.716,-21.716,-1411.54,50.0,-1461.54,-0.9353,65
short,2024-12-30 10:00:00+05:30,2024-12-30 10:25:00+05:30,23760.65,23785.33135124143,23785.33135124143,23785.33135124143,False,-24.68,14.1,35.65,STOP_LOSS,25,24.6814,-0.45,-0.432723,0.0007,-10.53,5.0,-10.9147,13.8586,-0.702,0.0,-11.6167,-11.6167,-755.09,50.0,-805.09,-1.5581,65
short,2024-12-31 09:35:00+05:30,2024-12-31 10:15:00+05:30,23580.7,23492.622356781645,23610.360744918456,23492.622356781645,True,88.08,120.25,3.8,TRAIL_SL,40,-88.0776,-0.45,-0.511654,0.0007,-10.53,5.0,42.0786,176.487,-1.1232,0.0,40.9554,40.9554,2662.1,50.0,2612.1,-2.4912,65
short,2024-12-31 10:15:00+05:30,2024-12-31 10:50:00+05:30,23521.8,23551.642553180114,23551.642553180114,23551.642553180114,False,-29.84,23.1,70.25,STOP_LOSS,35,29.8426,-0.45,-0.42911,0.0007,-10.53,5.0,-13.1486,20.2606,-0.9828,0.0,-14.1314,-14.1314,-918.54,50.0,-968.54,-2.1803,65
short,2025-01-01 10:05:00+05:30,2025-01-01 10:10:00+05:30,23597.2,23619.929124471437,23619.929124471437,23619.929124471437,False,-22.73,1.35,51.05,STOP_LOSS,5,22.7291,-0.45,-0.43409,0.0007,-10.53,5.0,-10.0654,11.7529,-0.1404,0.0,-10.2058,-10.2058,-663.38,50.0,-713.38,-0.3119,65
short,2025-01-03 10:20:00+05:30,2025-01-03 11:20:00+05:30,24066.95,24091.76381958406,24091.76381958406,24091.76381958406,False,-24.81,66.7,69.95,STOP_LOSS,60,24.8138,-0.45,-0.43263,0.0007,-10.53,5.0,-10.9723,14.0078,-1.6848,0.0,-12.6571,-12.6571,-822.71,50.0,-872.71,-3.7332,65
short,2025-01-09 09:50:00+05:30,2025-01-09 11:10:00+05:30,23625.0,23560.990395291592,23644.645435787585,23560.990395291592,True,64.01,87.05,27.85,TRAIL_SL,80,-64.0096,-0.45,-0.494807,0.0007,-10.53,5.0,30.0949,93.212,-2.2464,0.0,27.8485,27.8485,1810.16,50.0,1760.16,-4.9728,65
short,2025-01-10 10:15:00+05:30,2025-01-10 10:45:00+05:30,23420.2,23449.842840592646,23449.842840592646,23449.842840592646,False,-29.64,30.15,46.85,STOP_LOSS,30,29.6428,-0.45,-0.42925,0.0007,-10.53,5.0,-13.0625,19.9904,-0.8424,0.0,-13.9049,-13.9049,-903.82,50.0,-953.82,-1.8693,65
short,2025-01-13 10:00:00+05:30,2025-01-13 10:25:00+05:30,23261.45,23296.92166096395,23296.92166096395,23296.92166096395,False,-35.47,22.25,62.0,STOP_LOSS,25,35.4717,-0.45,-0.42517,0.0007,-10.53,5.0,-15.5659,28.6249,-0.702,0.0,-16.2679,-16.2679,-1057.41,50.0,-1107.41,-1.5581,65
long,2025-01-16 09:50:00+05:30,2025-01-16 15:00:00+05:30,23306.9,23310.6,23274.344796288653,23274.344796288653,False,3.7,34.0,34.85,SOFT_EOD_EXIT,310,3.7,0.45,0.45259,0.0007,-10.53,5.0,1.6693,0.3114,-8.7048,0.0,-7.0355,-7.0355,-457.31,50.0,-507.31,19.0614,65
short,2025-01-17 09:55:00+05:30,2025-01-17 10:25:00+05:30,23226.0,23252.713379248027,23252.713379248027,23252.713379248027,False,-26.71,28.5,38.15,STOP_LOSS,30,26.7134,-0.45,-0.431301,0.0007,-10.53,5.0,-11.7962,16.2345,-0.8424,0.0,-12.6386,-12.6386,-821.51,50.0,-871.51,-1.8693,65
short,2025-01-24 10:20:00+05:30,2025-01-24 10:35:00+05:30,23156.9,23183.321773323176,23183.321773323176,23183.321773323176,False,-26.42,0.0,70.2,STOP_LOSS,15,26.4218,-0.45,-0.431505,0.0007,-10.53,5.0,-11.6699,15.882,-0.4212,0.0,-12.0911,-12.0911,-785.92,50.0,-835.92,-0.9353,65
long,2025-01-29 10:15:00+05:30,2025-01-29 11:10:00+05:30,23055.4,23106.49690141993,23019.59322374714,23106.49690141993,True,51.1,70.45,0.0,TRAIL_SL,55,51.0969,0.45,0.485768,0.0007,-10.53,5.0,23.816,59.3978,-1.5444,0.0,22.2716,22.2716,1447.66,50.0,1397.66,3.4229,65
long,2025-01-31 10:10:00+05:30,2025-01-31 11:05:00+05:30,23340.2,23426.480875863013,23299.343542124738,23426.480875863013,True,86.28,104.35,8.5,TRAIL_SL,55,86.2809,0.45,0.510397,0.0007,-10.53,5.0,41.1714,169.3599,-1.5444,0.0,39.627,39.627,2575.75,50.0,2525.75,3.4229,65
long,2025-02-01 10:05:00+05:30,2025-02-01 11:35:00+05:30,23558.15,23609.014537449166,23520.246006174926,23609.014537449166,True,50.86,74.3,27.35,TRAIL_SL,90,50.8645,0.45,0.485605,0.0007,-10.53,5.0,23.704,58.8588,-2.5272,0.0,21.1768,21.1768,1376.49,50.0,1326.49,5.5917,65
short,2025-02-03 10:20:00+05:30,2025-02-03 10:40:00+05:30,23276.6,23303.45376531413,23303.45376531413,23303.45376531413,False,-26.85,9.95,39.05,STOP_LOSS,20,26.8538,-0.45,-0.431202,0.0007,-10.53,5.0,-11.857,16.4056,-0.5616,0.0,-12.4186,-12.4186,-807.21,50.0,-857.21,-1.2468,65
long,2025-02-04 10:15:00+05:30,2025-02-04 10:35:00+05:30,23525.35,23489.11336775267,23489.11336775267,23489.11336775267,False,-36.24,9.15,102.2,STOP_LOSS,20,-36.2366,0.45,0.424634,0.0007,-10.53,5.0,-15.8929,29.8729,-0.5616,0.0,-16.4545,-16.4545,-1069.54,50.0,-1119.54,1.2468,65
long,2025-02-05 09:50:00+05:30,2025-02-05 11:15:00+05:30,23759.5,23726.87669032651,23726.87669032651,23726.87669032651,False,-32.62,26.8,45.0,STOP_LOSS,85,-32.6233,0.45,0.427164,0.0007,-10.53,5.0,-14.3452,24.2124,-2.3868,0.0,-16.732,-16.732,-1087.58,50.0,-1137.58,5.2823,65
short,2025-02-06 10:20:00+05:30,2025-02-06 13:55:00+05:30,23647.75,23576.653044696355,23666.057360967283,23576.653044696355,True,71.1,85.5,9.15,TRAIL_SL,215,-71.097,-0.45,-0.499768,0.0007,-10.53,5.0,33.5859,114.9962,-6.0372,0.0,27.5487,27.5487,1790.66,50.0,1740.66,-13.2789,65
short,2025-02-11 09:40:00+05:30,2025-02-11 10:20:00+05:30,23339.95,23279.17948843486,23359.94291495327,23279.17948843486,True,60.77,78.7,3.4,TRAIL_SL,40,-60.7705,-0.45,-0.492539,0.0007,-10.53,5.0,28.51,84.017,-1.1232,0.0,27.3868,27.3868,1780.14,50.0,1730.14,-2.4912,65
short,2025-02-11 10:25:00+05:30,2025-02-11 13:15:00+05:30,23289.0,23051.251177613893,23306.62185303051,23051.251177613893,True,237.75,266.55,12.75,TRAIL_SL,170,-237.7488,-0.45,-0.616424,0.0007,-10.53,5.0,124.7922,1285.9324,-4.7736,0.0,120.0186,120.0186,7801.21,50.0,7751.21,-10.5219,65
short,2025-02-12 10:25:00+05:30,2025-02-12 10:30:00+05:30,22857.85,22887.53669833139,22887.53669833139,22887.53669833139,False,-29.69,7.7,32.9,STOP_LOSS,5,29.6867,-0.45,-0.429219,0.0007,-10.53,5.0,-13.0814,20.0496,-0.1404,0.0,-13.2218,-13.2218,-859.42,50.0,-909.42,-0.3119,65
short,2025-02-17 10:05:00+05:30,2025-02-17 10:25:00+05:30,22779.0,22813.173971873883,22813.173971873883,22813.173971873883,False,-34.17,29.0,48.85,STOP_LOSS,20,34.174,-0.45,-0.426078,0.0007,-10.53,5.0,-15.0104,26.5688,-0.5616,0.0,-15.572,-15.572,-1012.18,50.0,-1062.18,-1.2468,65
short,2025-02-19 09:30:00+05:30,2025-02-19 09:45:00+05:30,22890.65,22915.157426706206,22915.157426706206,22915.157426706206,False,-24.51,8.55,74.25,STOP_LOSS,15,24.5074,-0.45,-0.432845,0.0007,-10.53,5.0,-10.8391,13.664,-0.4212,0.0,-11.2603,-11.2603,-731.92,50.0,-781.92,-0.9353,65
short,2025-02-20 09:35:00+05:30,2025-02-20 13:50:00+05:30,22891.15,22913.861914741083,22913.861914741083,22913.861914741083,False,-22.71,78.4,31.85,STOP_LOSS,255,22.7119,-0.45,-0.434102,0.0007,-10.53,5.0,-10.0579,11.7352,-7.1604,0.0,-17.2183,-17.2183,-1119.19,50.0,-1169.19,-15.7198,65
short,2025-02-28 10:15:00+05:30,2025-02-28 12:15:00+05:30,22286.55,22227.973421673203,22309.33994014403,22227.973421673203,True,58.58,69.05,13.95,TRAIL_SL,120,-58.5766,-0.45,-0.491004,0.0007,-10.53,5.0,27.4403,78.0602,-3.3696,0.0,24.0707,24.0707,1564.6,50.0,1514.6,-7.4449,65
short,2025-03-04 09:35:00+05:30,2025-03-04 10:55:00+05:30,22047.75,22081.08103098711,22081.08103098711,22081.08103098711,False,-33.33,34.15,43.3,STOP_LOSS,80,33.331,-0.45,-0.426668,0.0007,-10.53,5.0,-14.649,25.2743,-2.2464,0.0,-16.8954,-16.8954,-1098.2,50.0,-1148.2,-4.9728,65
long,2025-03-05 10:15:00+05:30,2025-03-05 11:05:00+05:30,22219.45,22274.968520212642,22187.15465041585,22274.968520212642,True,55.52,76.9,8.35,TRAIL_SL,50,55.5185,0.45,0.488863,0.0007,-10.53,5.0,25.9543,70.1225,-1.404,0.0,24.5503,24.5503,1595.77,50.0,1545.77,3.1125,65
long,2025-03-10 10:10:00+05:30,2025-03-10 12:00:00+05:30,22631.75,22599.98619287431,22599.98619287431,22599.98619287431,False,-31.76,18.75,40.65,STOP_LOSS,110,-31.7638,0.45,0.427765,0.0007,-10.53,5.0,-13.9759,22.9534,-3.0888,0.0,-17.0647,-17.0647,-1109.21,50.0,-1159.21,6.8277,65
short,2025-03-11 09:45:00+05:30,2025-03-11 10:40:00+05:30,22399.75,22431.399873260554,22431.399873260554,22431.399873260554,False,-31.65,30.7,49.6,STOP_LOSS,55,31.6499,-0.45,-0.427845,0.0007,-10.53,5.0,-13.9269,22.789,-1.5444,0.0,-15.4713,-15.4713,-1005.63,50.0,-1055.63,-3.4229,65
long,2025-03-13 10:20:00+05:30,2025-03-13 10:55:00+05:30,22532.65,22504.004359926646,22504.004359926646,22504.004359926646,False,-28.65,14.55,46.8,STOP_LOSS,35,-28.6456,0.45,0.429948,0.0007,-10.53,5.0,-12.6321,18.668,-0.9828,0.0,-13.6149,-13.6149,-884.97,50.0,-934.97,2.1803,65
long,2025-03-19 09:30:00+05:30,2025-03-19 10:45:00+05:30,22843.3,22895.378121684935,22809.30959399111,22895.378121684935,True,52.08,68.55,31.15,TRAIL_SL,75,52.0781,0.45,0.486455,0.0007,-10.53,5.0,24.2895,61.701,-2.106,0.0,22.1835,22.1835,1441.93,50.0,1391.93,4.6631,65
long,2025-03-20 09:45:00+05:30,2025-03-20 13:00:00+05:30,23021.25,23107.325837538465,22986.053408450985,23107.325837538465,True,86.08,94.0,47.3,TRAIL_SL,195,86.0758,0.45,0.510253,0.0007,-10.53,5.0,41.068,168.5559,-5.4756,0.0,35.5924,35.5924,2313.5,50.0,2263.5,12.055,65
long,2025-03-24 09:35:00+05:30,2025-03-24 11:05:00+05:30,23439.65,23615.86299125517,23395.371751513943,23615.86299125517,True,176.21,199.25,6.15,TRAIL_SL,90,176.213,0.45,0.573349,0.0007,-10.53,5.0,89.0769,706.4107,-2.5272,0.0,86.5497,86.5497,5625.73,50.0,5575.73,5.5917,65
long,2025-03-25 10:15:00+05:30,2025-03-25 10:35:00+05:30,23798.2,23749.653379309268,23749.653379309268,23749.653379309268,False,-48.55,28.15,92.3,STOP_LOSS,20,-48.5466,0.45,0.416017,0.0007,-10.53,5.0,-21.1036,53.6166,-0.5616,0.0,-21.6652,-21.6652,-1408.24,50.0,-1458.24,1.2468,65
short,2025-03-28 09:50:00+05:30,2025-03-28 10:30:00+05:30,23549.55,23571.60574428887,23571.60574428887,23571.60574428887,False,-22.06,30.55,77.5,STOP_LOSS,40,22.0557,-0.45,-0.434561,0.0007,-10.53,5.0,-9.7719,11.0669,-1.1232,0.0,-10.8951,-10.8951,-708.18,50.0,-758.18,-2.4912,65
short,2025-04-01 10:15:00+05:30,2025-04-01 12:10:00+05:30,23480.15,23197.746914525906,23510.580464192837,23197.746914525906,True,282.4,307.05,3.55,TRAIL_SL,115,-282.4031,-0.45,-0.647682,0.0007,-10.53,5.0,152.2031,1814.3467,-3.2292,0.0,148.9739,148.9739,9683.3,50.0,9633.3,-7.1364,65
short,2025-04-03 10:00:00+05:30,2025-04-03 10:10:00+05:30,23250.1,23274.716839549757,23274.716839549757,23274.716839549757,False,-24.62,3.6,32.35,STOP_LOSS,10,24.6168,-0.45,-0.432768,0.0007,-10.53,5.0,-10.8867,13.7862,-0.2808,0.0,-11.1675,-11.1675,-725.89,50.0,-775.89,-0.6237,65
short,2025-04-07 10:25:00+05:30,2025-04-07 12:35:00+05:30,22005.15,21843.026929216743,22067.368330584944,21843.026929216743,True,162.12,208.25,77.55,TRAIL_SL,130,-162.1231,-0.45,-0.563486,0.0007,-10.53,5.0,81.2348,597.9585,-3.6504,0.0,77.5844,77.5844,5042.99,50.0,4992.99,-8.0615,65
short,2025-04-09 09:40:00+05:30,2025-04-09 10:00:00+05:30,22467.85,22423.14418045697,22513.71684060211,22423.14418045697,True,44.71,86.55,0.85,TRAIL_SL,20,-44.7058,-0.45,-0.481294,0.0007,-10.53,5.0,20.7472,45.4684,-0.5616,0.0,20.1856,20.1856,1312.06,50.0,1262.06,-1.2468,65
short,2025-04-09 10:00:00+05:30,2025-04-09 15:00:00+05:30,22430.3,22394.9,22473.435362161716,22473.435362161716,False,35.4,77.05,25.15,SOFT_EOD_EXIT,300,-35.4,-0.45,-0.47478,0.0007,-10.53,5.0,16.3247,28.5094,-8.424,0.0,7.9007,7.9007,513.55,50.0,463.55,-18.4551,65
long,2025-04-11 10:20:00+05:30,2025-04-11 10:35:00+05:30,22794.8,22747.8724397088,22747.8724397088,22747.8724397088,False,-46.93,41.4,58.75,STOP_LOSS,15,-46.9276,0.45,0.417151,0.0007,-10.53,5.0,-20.4237,50.1,-0.4212,0.0,-20.8449,-20.8449,-1354.92,50.0,-1404.92,0.9353,65
long,2025-04-16 10:10:00+05:30,2025-04-16 10:15:00+05:30,23355.8,23332.193241520657,23332.193241520657,23332.193241520657,False,-23.61,3.15,47.05,STOP_LOSS,5,-23.6068,0.45,0.433475,0.0007,-10.53,5.0,-10.4475,12.6781,-0.1404,0.0,-10.5879,-10.5879,-688.21,50.0,-738.21,0.3119,65
long,2025-04-21 10:15:00+05:30,2025-04-21 11:30:00+05:30,24021.0,24113.401866865934,23980.473750089965,24113.401866865934,True,92.4,111.75,11.7,TRAIL_SL,75,92.4019,0.45,0.514681,0.0007,-10.53,5.0,44.2703,194.2419,-2.106,0.0,42.1643,42.1643,2740.68,50.0,2690.68,4.6631,65
long,2025-05-02 10:20:00+05:30,2025-05-02 10:30:00+05:30,24551.3,24510.781375900846,24510.781375900846,24510.781375900846,False,-40.52,5.6,66.55,STOP_LOSS,10,-40.5186,0.45,0.421637,0.0007,-10.53,5.0,-17.7162,37.35,-0.2808,0.0,-17.997,-17.997,-1169.81,50.0,-1219.81,0.6237,65
long,2025-05-05 10:20:00+05:30,2025-05-05 11:45:00+05:30,24477.05,24438.34482472569,24438.34482472569,24438.34482472569,False,-38.71,49.35,47.85,STOP_LOSS,85,-38.7052,0.45,0.422906,0.0007,-10.53,5.0,-16.9454,34.0816,-2.3868,0.0,-19.3322,-19.3322,-1256.59,50.0,-1306.59,5.2823,65
short,2025-05-07 10:20:00+05:30,2025-05-07 11:15:00+05:30,24348.35,24380.450752173296,24380.450752173296,24380.450752173296,False,-32.1,23.6,51.85,STOP_LOSS,55,32.1008,-0.45,-0.427529,0.0007,-10.53,5.0,-14.1207,23.4429,-1.5444,0.0,-15.6651,-15.6651,-1018.23,50.0,-1068.23,-3.4229,65
short,2025-05-09 10:10:00+05:30,2025-05-09 11:00:00+05:30,24060.65,24004.217746456296,24103.87936955738,24004.217746456296,True,56.43,84.0,26.1,TRAIL_SL,50,-56.4323,-0.45,-0.489503,0.0007,-10.53,5.0,26.3977,72.4496,-1.404,0.0,24.9937,24.9937,1624.59,50.0,1574.59,-3.1125,65
short,2025-05-13 10:10:00+05:30,2025-05-13 10:40:00+05:30,24770.85,24696.423056225933,24818.87874076156,24696.423056225933,True,74.43,135.95,26.75,TRAIL_SL,30,-74.4269,-0.45,-0.502099,0.0007,-10.53,5.0,35.237,126.0207,-0.8424,0.0,34.3946,34.3946,2235.65,50.0,2185.65,-1.8693,65
long,2025-05-14 10:25:00+05:30,2025-05-14 10:55:00+05:30,24744.65,24710.55800797602,24710.55800797602,24710.55800797602,False,-34.09,2.5,61.2,STOP_LOSS,30,-34.092,0.45,0.426136,0.0007,-10.53,5.0,-14.9753,26.4415,-0.8424,0.0,-15.8177,-15.8177,-1028.15,50.0,-1078.15,1.8693,65
short,2025-05-15 10:10:00+05:30,2025-05-15 10:30:00+05:30,24561.7,24591.424907307817,24591.424907307817,24591.424907307817,False,-29.72,28.5,65.55,STOP_LOSS,20,29.7249,-0.45,-0.429193,0.0007,-10.53,5.0,-13.0979,20.1012,-0.5616,0.0,-13.6595,-13.6595,-887.87,50.0,-937.87,-1.2468,65
short,2025-05-20 10:10:00+05:30,2025-05-20 10:35:00+05:30,24899.4,24920.26796955756,24920.26796955756,24920.26796955756,False,-20.87,20.4,32.6,STOP_LOSS,25,20.868,-0.45,-0.435392,0.0007,-10.53,5.0,-9.2534,9.907,-0.702,0.0,-9.9554,-9.9554,-647.1,50.0,-697.1,-1.5581,65
short,2025-05-22 09:55:00+05:30,2025-05-22 13:10:00+05:30,24629.65,24524.55757265524,24664.638271114392,24524.55757265524,True,105.09,120.55,2.05,TRAIL_SL,195,-105.0924,-0.45,-0.523565,0.0007,-10.53,5.0,50.7706,251.2605,-5.4756,0.0,45.295,45.295,2944.17,50.0,2894.17,-12.055,65
short,2025-06-02 09:55:00+05:30,2025-06-02 10:35:00+05:30,24598.05,24623.4974931097,24623.4974931097,24623.4974931097,False,-25.45,43.85,30.4,STOP_LOSS,40,25.4475,-0.45,-0.432187,0.0007,-10.53,5.0,-11.2474,14.7323,-1.1232,0.0,-12.3706,-12.3706,-804.09,50.0,-854.09,-2.4912,65
short,2025-06-03 09:35:00+05:30,2025-06-03 10:20:00+05:30,24674.15,24709.674649175635,24709.674649175635,24709.674649175635,False,-35.52,55.0,92.3,STOP_LOSS,45,35.5246,-0.45,-0.425133,0.0007,-10.53,5.0,-15.5886,28.7105,-1.2636,0.0,-16.8522,-16.8522,-1095.39,50.0,-1145.39,-2.8019,65
long,2025-06-05 10:10:00+05:30,2025-06-05 10:45:00+05:30,24732.25,24706.7498498261,24706.7498498261,24706.7498498261,False,-25.5,8.9,30.45,STOP_LOSS,35,-25.5002,0.45,0.43215,0.0007,-10.53,5.0,-11.2702,14.7934,-0.9828,0.0,-12.253,-12.253,-796.45,50.0,-846.45,2.1803,65
short,2025-06-06 09:55:00+05:30,2025-06-06 10:05:00+05:30,24712.3,24728.49368816143,24728.49368816143,24728.49368816143,False,-16.19,40.85,104.8,STOP_LOSS,10,16.1937,-0.45,-0.438664,0.0007,-10.53,5.0,-7.2046,5.9659,-0.2808,0.0,-7.4854,-7.4854,-486.55,50.0,-536.55,-0.6237,65
long,2025-06-10 10:20:00+05:30,2025-06-10 10:50:00+05:30,25145.25,25120.43066924069,25120.43066924069,25120.43066924069,False,-24.82,8.55,40.0,STOP_LOSS,30,-24.8193,0.45,0.432626,0.0007,-10.53,5.0,-10.9747,14.014,-0.8424,0.0,-11.8171,-11.8171,-768.11,50.0,-818.11,1.8693,65
short,2025-06-12 10:25:00+05:30,2025-06-12 12:10:00+05:30,25103.8,25034.99409858206,25121.444386416104,25034.99409858206,True,68.81,94.45,11.95,TRAIL_SL,105,-68.8059,-0.45,-0.498164,0.0007,-10.53,5.0,32.4539,107.7042,-2.9484,0.0,29.5055,29.5055,1917.86,50.0,1867.86,-6.5189,65
short,2025-06-13 10:10:00+05:30,2025-06-13 10:45:00+05:30,24644.15,24674.369426385627,24674.369426385627,24674.369426385627,False,-30.22,18.95,43.9,STOP_LOSS,35,30.2194,-0.45,-0.428846,0.0007,-10.53,5.0,-13.3111,20.7756,-0.9828,0.0,-14.2939,-14.2939,-929.1,50.0,-979.1,-2.1803,65
short,2025-06-17 10:20:00+05:30,2025-06-17 10:35:00+05:30,24877.65,24894.452061975895,24894.452061975895,24894.452061975895,False,-16.8,10.15,30.75,STOP_LOSS,15,16.8021,-0.45,-0.438239,0.0007,-10.53,5.0,-7.472,6.4225,-0.4212,0.0,-7.8932,-7.8932,-513.06,50.0,-563.06,-0.9353,65
long,2025-06-18 09:55:00+05:30,2025-06-18 10:30:00+05:30,24902.25,24873.65976481516,24873.65976481516,24873.65976481516,False,-28.59,26.6,48.15,STOP_LOSS,35,-28.5902,0.45,0.429987,0.0007,-10.53,5.0,-12.6081,18.5959,-0.9828,0.0,-13.5909,-13.5909,-883.41,50.0,-933.41,2.1803,65
long,2025-06-24 09:45:00+05:30,2025-06-24 10:45:00+05:30,25138.15,25213.26838301674,25081.718996270658,25213.26838301674,True,75.12,119.8,0.8,TRAIL_SL,60,75.1184,0.45,0.502583,0.0007,-10.53,5.0,35.5807,128.3731,-1.6848,0.0,33.8959,33.8959,2203.24,50.0,2153.24,3.7332,65
long,2025-06-25 10:10:00+05:30,2025-06-25 13:15:00+05:30,25173.9,25231.566367745003,25146.714187602214,25231.566367745003,True,57.67,71.45,1.25,TRAIL_SL,185,57.6664,0.45,0.490366,0.0007,-10.53,5.0,26.9974,75.6531,-5.1948,0.0,21.8026,21.8026,1417.17,50.0,1367.17,11.4422,65
long,2025-06-26 10:15:00+05:30,2025-06-26 10:40:00+05:30,25380.5,25347.39187932628,25347.39187932628,25347.39187932628,False,-33.11,7.05,76.45,STOP_LOSS,25,-33.1081,0.45,0.426824,0.0007,-10.53,5.0,-14.5534,24.9374,-0.702,0.0,-15.2554,-15.2554,-991.6,50.0,-1041.6,1.5581,65
long,2025-06-27 09:35:00+05:30,2025-06-27 12:20:00+05:30,25560.35,25621.14325045918,25519.831703096726,25621.14325045918,True,60.79,72.15,31.9,TRAIL_SL,165,60.7933,0.45,0.492555,0.0007,-10.53,5.0,28.5211,84.0799,-4.6332,0.0,23.8879,23.8879,1552.72,50.0,1502.72,10.2148,65
short,2025-06-30 10:10:00+05:30,2025-06-30 13:30:00+05:30,25586.4,25510.939145577006,25604.92367592031,25510.939145577006,True,75.46,95.9,13.6,TRAIL_SL,200,-75.4609,-0.45,-0.502823,0.0007,-10.53,5.0,35.7511,129.5462,-5.616,0.0,30.1351,30.1351,1958.78,50.0,1908.78,-12.3612,65
long,2025-07-01 09:50:00+05:30,2025-07-01 10:10:00+05:30,25560.7,25534.122275729445,25534.122275729445,25534.122275729445,False,-26.58,12.05,30.2,STOP_LOSS,20,-26.5777,0.45,0.431396,0.0007,-10.53,5.0,-11.7375,16.07,-0.5616,0.0,-12.2991,-12.2991,-799.44,50.0,-849.44,1.2468,65
short,2025-07-04 09:30:00+05:30,2025-07-04 14:35:00+05:30,25406.75,25428.663481244686,25428.663481244686,25428.663481244686,False,-21.91,75.1,43.85,STOP_LOSS,305,21.9135,-0.45,-0.434661,0.0007,-10.53,5.0,-9.7098,10.9246,-8.5644,0.0,-18.2742,-18.2742,-1187.82,50.0,-1237.82,-18.7583,65
long,2025-07-09 10:25:00+05:30,2025-07-09 13:00:00+05:30,25518.7,25499.589743262113,25499.589743262113,25499.589743262113,False,-19.11,30.0,28.2,STOP_LOSS,155,-19.1103,0.45,0.436623,0.0007,-10.53,5.0,-8.4846,8.3083,-4.3524,0.0,-12.837,-12.837,-834.4,50.0,-884.4,9.6003,65
short,2025-07-10 09:45:00+05:30,2025-07-10 11:25:00+05:30,25453.5,25376.95517589624,25468.05099464131,25376.95517589624,True,76.54,89.8,0.6,TRAIL_SL,100,-76.5448,-0.45,-0.503581,0.0007,-10.53,5.0,36.2908,133.2948,-2.808,0.0,33.4828,33.4828,2176.38,50.0,2126.38,-6.21,65
short,2025-07-11 09:40:00+05:30,2025-07-11 10:50:00+05:30,25315.25,25203.528020866368,25335.344153884515,25203.528020866368,True,111.72,125.4,0.55,TRAIL_SL,70,-111.722,-0.45,-0.528205,0.0007,-10.53,5.0,54.2067,283.961,-1.9656,0.0,52.2411,52.2411,3395.67,50.0,3345.67,-4.3533,65
short,2025-07-14 09:40:00+05:30,2025-07-14 09:50:00+05:30,25090.0,25108.785958488283,25108.785958488283,25108.785958488283,False,-18.79,13.0,25.1,STOP_LOSS,10,18.786,-0.45,-0.43685,0.0007,-10.53,5.0,-8.3425,8.0288,-0.2808,0.0,-8.6233,-8.6233,-560.52,50.0,-610.52,-0.6237,65
short,2025-07-14 10:05:00+05:30,2025-07-14 13:15:00+05:30,25106.65,25031.008710647857,25124.29067497612,25031.008710647857,True,75.64,104.7,20.4,TRAIL_SL,190,-75.6413,-0.45,-0.502949,0.0007,-10.53,5.0,35.8409,130.1665,-5.3352,0.0,30.5057,30.5057,1982.87,50.0,1932.87,-11.7486,65
short,2025-07-16 10:20:00+05:30,2025-07-16 11:45:00+05:30,25148.3,25160.223095649515,25160.223095649515,25160.223095649515,False,-11.92,27.25,18.15,STOP_LOSS,85,11.9231,-0.45,-0.441654,0.0007,-10.53,5.0,-5.3206,3.2341,-2.3868,0.0,-7.7074,-7.7074,-500.98,50.0,-550.98,-5.2823,65
short,2025-07-21 09:40:00+05:30,2025-07-21 09:45:00+05:30,24938.7,24960.42505601363,24960.42505601363,24960.42505601363,False,-21.73,7.75,59.5,STOP_LOSS,5,21.7251,-0.45,-0.434792,0.0007,-10.53,5.0,-9.6276,10.7375,-0.1404,0.0,-9.768,-9.768,-634.92,50.0,-684.92,-0.3119,65
long,2025-07-22 09:35:00+05:30,2025-07-22 11:05:00+05:30,25108.1,25077.868663588022,25077.868663588022,25077.868663588022,False,-30.23,23.5,52.4,STOP_LOSS,90,-30.2313,0.45,0.428838,0.0007,-10.53,5.0,-13.3162,20.792,-2.5272,0.0,-15.8434,-15.8434,-1029.82,50.0,-1079.82,5.5917,65
short,2025-07-28 09:45:00+05:30,2025-07-28 10:10:00+05:30,24812.75,24838.10888166041,24838.10888166041,24838.10888166041,False,-25.36,17.95,31.5,STOP_LOSS,25,25.3589,-0.45,-0.432249,0.0007,-10.53,5.0,-11.2089,14.6299,-0.702,0.0,-11.9109,-11.9109,-774.21,50.0,-824.21,-1.5581,65
long,2025-07-30 09:55:00+05:30,2025-07-30 10:35:00+05:30,24839.35,24804.693713567547,24804.693713567547,24804.693713567547,False,-34.66,19.4,36.75,STOP_LOSS,40,-34.6563,0.45,0.425741,0.0007,-10.53,5.0,-15.217,27.3241,-1.1232,0.0,-16.3402,-16.3402,-1062.11,50.0,-1112.11,2.4912,65
short,2025-07-31 10:20:00+05:30,2025-07-31 10:45:00+05:30,24686.25,24705.954164471965,24705.954164471965,24705.954164471965,False,-19.7,23.65,36.7,STOP_LOSS,25,19.7042,-0.45,-0.436207,0.0007,-10.53,5.0,-8.7446,8.8328,-0.702,0.0,-9.4466,-9.4466,-614.03,50.0,-664.03,-1.5581,65
short,2025-08-05 10:05:00+05:30,2025-08-05 12:10:00+05:30,24633.65,24651.066461993807,24651.066461993807,24651.066461993807,False,-17.42,36.8,35.05,STOP_LOSS,125,17.4165,-0.45,-0.437808,0.0007,-10.53,5.0,-7.7419,6.9008,-3.51,0.0,-11.2519,-11.2519,-731.37,50.0,-781.37,-7.7532,65
short,2025-08-08 10:25:00+05:30,2025-08-08 15:00:00+05:30,24467.6,24396.5,24484.991801734403,24484.991801734403,False,71.1,84.9,13.75,SOFT_EOD_EXIT,275,-71.1,-0.45,-0.49977,0.0007,-10.53,5.0,33.5874,115.006,-7.722,0.0,25.8654,25.8654,1681.25,50.0,1631.25,-16.9369,65
long,2025-08-12 10:10:00+05:30,2025-08-12 10:25:00+05:30,24662.35,24634.122578468116,24634.122578468116,24634.122578468116,False,-28.23,19.65,50.85,STOP_LOSS,15,-28.2274,0.45,0.430241,0.0007,-10.53,5.0,-12.4514,18.1269,-0.4212,0.0,-12.8726,-12.8726,-836.72,50.0,-886.72,0.9353,65
long,2025-08-13 10:10:00+05:30,2025-08-13 13:10:00+05:30,24580.5,24623.32263431748,24551.657465591958,24623.32263431748,True,42.82,57.55,41.6,TRAIL_SL,180,42.8226,0.45,0.479976,0.0007,-10.53,5.0,19.8478,41.7184,-5.0544,0.0,14.7934,14.7934,961.57,50.0,911.57,11.1356,65
long,2025-08-18 10:25:00+05:30,2025-08-18 11:30:00+05:30,24975.45,24947.904558483082,24947.904558483082,24947.904558483082,False,-27.55,21.1,35.45,STOP_LOSS,65,-27.5454,0.45,0.430718,0.0007,-10.53,5.0,-12.1564,17.2616,-1.8252,0.0,-13.9816,-13.9816,-908.81,50.0,-958.81,4.0433,65
short,2025-08-26 10:15:00+05:30,2025-08-26 11:25:00+05:30,24802.9,24820.6046519975,24820.6046519975,24820.6046519975,False,-17.7,37.75,30.55,STOP_LOSS,70,17.7047,-0.45,-0.437607,0.0007,-10.53,5.0,-7.8684,7.1311,-1.9656,0.0,-9.834,-9.834,-639.21,50.0,-689.21,-4.3533,65
short,2025-08-28 09:55:00+05:30,2025-08-28 10:45:00+05:30,24592.45,24618.099369208947,24618.099369208947,24618.099369208947,False,-25.65,37.65,53.45,STOP_LOSS,50,25.6494,-0.45,-0.432045,0.0007,-10.53,5.0,-11.335,14.967,-1.404,0.0,-12.739,-12.739,-828.03,50.0,-878.03,-3.1125,65
short,2025-08-29 10:15:00+05:30,2025-08-29 10:20:00+05:30,24494.2,24513.803478411202,24513.803478411202,24513.803478411202,False,-19.6,0.8,23.9,STOP_LOSS,5,19.6035,-0.45,-0.436278,0.0007,-10.53,5.0,-8.7005,8.7427,-0.1404,0.0,-8.8409,-8.8409,-574.66,50.0,-624.66,-0.3119,65
long,2025-09-02 10:20:00+05:30,2025-09-02 13:20:00+05:30,24720.25,24697.699291623518,24697.699291623518,24697.699291623518,False,-22.55,35.85,41.35,STOP_LOSS,180,-22.5507,0.45,0.434215,0.0007,-10.53,5.0,-9.9876,11.5692,-5.0544,0.0,-15.042,-15.042,-977.73,50.0,-1027.73,11.1356,65
short,2025-09-03 09:30:00+05:30,2025-09-03 10:05:00+05:30,24577.25,24603.461831061042,24603.461831061042,24603.461831061042,False,-26.21,28.85,36.7,STOP_LOSS,35,26.2118,-0.45,-0.431652,0.0007,-10.53,5.0,-11.5789,15.6306,-0.9828,0.0,-12.5617,-12.5617,-816.51,50.0,-866.51,-2.1803,65
long,2025-09-04 10:20:00+05:30,2025-09-04 10:35:00+05:30,24873.75,24836.53535244608,24836.53535244608,24836.53535244608,False,-37.21,1.15,44.8,STOP_LOSS,15,-37.2146,0.45,0.42395,0.0007,-10.53,5.0,-16.3103,31.5072,-0.4212,0.0,-16.7315,-16.7315,-1087.55,50.0,-1137.55,0.9353,65
short,2025-09-05 10:25:00+05:30,2025-09-05 12:25:00+05:30,24721.75,24656.750888557428,24751.139899965365,24656.750888557428,True,65.0,79.45,8.35,TRAIL_SL,120,-64.9991,-0.45,-0.495499,0.0007,-10.53,5.0,30.5804,96.1161,-3.3696,0.0,27.2108,27.2108,1768.7,50.0,1718.7,-7.4449,65
long,2025-09-08 09:55:00+05:30,2025-09-08 13:15:00+05:30,24809.8,24861.027761777907,24780.088374071955,24861.027761777907,True,51.23,61.1,44.85,TRAIL_SL,200,51.2278,0.45,0.485859,0.0007,-10.53,5.0,23.8791,59.7025,-5.616,0.0,18.2631,18.2631,1187.1,50.0,1137.1,12.3612,65
long,2025-09-17 10:10:00+05:30,2025-09-17 15:00:00+05:30,25314.15,25329.2,25293.297291377905,25293.297291377905,False,15.05,32.35,34.3,SOFT_EOD_EXIT,290,15.05,0.45,0.460535,0.0007,-10.53,5.0,6.8438,5.1529,-8.1432,0.0,-1.2994,-1.2994,-84.46,50.0,-134.46,17.8482,65
long,2025-09-18 10:10:00+05:30,2025-09-18 12:40:00+05:30,25408.0,25386.865765640203,25386.865765640203,25386.865765640203,False,-21.13,34.4,39.05,STOP_LOSS,150,-21.1342,0.45,0.435206,0.0007,-10.53,5.0,-9.3697,10.1614,-4.212,0.0,-13.5817,-13.5817,-882.81,50.0,-932.81,9.2928,65
short,2025-09-19 10:20:00+05:30,2025-09-19 13:25:00+05:30,25330.2,25344.179869328356,25344.179869328356,25344.179869328356,False,-13.98,43.9,17.3,STOP_LOSS,185,13.9799,-0.45,-0.440214,0.0007,-10.53,5.0,-6.2294,4.4462,-5.1948,0.0,-11.4242,-11.4242,-742.57,50.0,-792.57,-11.4422,65
short,2025-09-22 09:30:00+05:30,2025-09-22 14:50:00+05:30,25303.15,25190.5362260871,25326.042282639493,25190.5362260871,True,112.61,152.1,28.55,TRAIL_SL,320,-112.6138,-0.45,-0.52883,0.0007,-10.53,5.0,54.671,288.5124,-8.9856,0.0,45.6854,45.6854,2969.55,50.0,2919.55,-19.6672,65
short,2025-09-23 10:00:00+05:30,2025-09-23 12:30:00+05:30,25152.7,25171.854061287053,25171.854061287053,25171.854061287053,False,-19.15,68.05,35.95,STOP_LOSS,150,19.1541,-0.45,-0.436592,0.0007,-10.53,5.0,-8.5038,8.3465,-4.212,0.0,-12.7158,-12.7158,-826.52,50.0,-876.52,-9.2928,65
short,2025-09-24 09:55:00+05:30,2025-09-24 13:00:00+05:30,25091.95,25111.124572185996,25111.124572185996,25111.124572185996,False,-19.17,64.5,33.5,STOP_LOSS,185,19.1746,-0.45,-0.436578,0.0007,-10.53,5.0,-8.5127,8.3644,-5.1948,0.0,-13.7075,-13.7075,-890.99,50.0,-940.99,-11.4422,65
short,2025-09-25 10:20:00+05:30,2025-09-25 12:50:00+05:30,25042.3,24973.21580371762,25057.48402668205,24973.21580371762,True,69.08,82.75,11.5,TRAIL_SL,150,-69.0842,-0.45,-0.498359,0.0007,-10.53,5.0,32.5913,108.5772,-4.212,0.0,28.3793,28.3793,1844.65,50.0,1794.65,-9.2928,65
short,2025-09-26 09:45:00+05:30,2025-09-26 14:10:00+05:30,24813.9,24660.832818746036,24836.267316888658,24660.832818746036,True,153.07,175.5,12.3,TRAIL_SL,265,-153.0672,-0.45,-0.557147,0.0007,-10.53,5.0,76.2605,533.0225,-7.4412,0.0,68.8193,68.8193,4473.26,50.0,4423.26,-16.3286,65
long,2025-10-07 10:20:00+05:30,2025-10-07 11:15:00+05:30,25173.2,25148.539907451093,25148.539907451093,25148.539907451093,False,-24.66,22.75,32.95,STOP_LOSS,55,-24.6601,0.45,0.432738,0.0007,-10.53,5.0,-10.9055,13.8347,-1.5444,0.0,-12.4499,-12.4499,-809.24,50.0,-859.24,3.4229,65
long,2025-10-10 10:05:00+05:30,2025-10-10 11:20:00+05:30,25256.65,25297.613703278785,25229.399838374266,25297.613703278785,True,40.96,58.9,7.9,TRAIL_SL,75,40.9637,0.45,0.478675,0.0007,-10.53,5.0,18.9622,38.1751,-2.106,0.0,16.8562,16.8562,1095.66,50.0,1045.66,4.6631,65
short,2025-10-13 09:40:00+05:30,2025-10-13 14:25:00+05:30,25216.25,25239.276170700334,25239.276170700334,25239.276170700334,False,-23.03,54.15,51.05,STOP_LOSS,285,23.0262,-0.45,-0.433882,0.0007,-10.53,5.0,-10.1948,12.0622,-8.0028,0.0,-18.1976,-18.1976,-1182.84,50.0,-1232.84,-17.5446,65
short,2025-10-14 10:25:00+05:30,2025-10-14 11:35:00+05:30,25210.45,25146.0683107359,25229.437648604584,25146.0683107359,True,64.38,94.9,29.8,TRAIL_SL,70,-64.3817,-0.45,-0.495067,0.0007,-10.53,5.0,30.2774,94.2988,-1.9656,0.0,28.3118,28.3118,1840.27,50.0,1790.27,-4.3533,65
long,2025-10-16 10:10:00+05:30,2025-10-16 12:45:00+05:30,25423.45,25502.599270043305,25400.69400082845,25502.599270043305,True,79.15,93.25,5.9,TRAIL_SL,155,79.1493,0.45,0.505404,0.0007,-10.53,5.0,37.5905,142.5198,-4.3524,0.0,33.2381,33.2381,2160.48,50.0,2110.48,9.6003,65
long,2025-10-20 09:45:00+05:30,2025-10-20 11:15:00+05:30,25820.2,25866.07834409888,25764.320173241817,25866.07834409888,True,45.88,72.75,28.65,TRAIL_SL,90,45.8783,0.45,0.482115,0.0007,-10.53,5.0,21.3083,47.8847,-2.5272,0.0,18.7811,18.7811,1220.77,50.0,1170.77,5.5917,65
long,2025-10-23 10:25:00+05:30,2025-10-23 13:30:00+05:30,26073.4,26045.744331669088,26045.744331669088,26045.744331669088,False,-27.66,30.8,53.1,STOP_LOSS,185,-27.6557,0.45,0.430641,0.0007,-10.53,5.0,-12.2041,17.4,-5.1948,0.0,-17.3989,-17.3989,-1130.93,50.0,-1180.93,11.4422,65
short,2025-10-24 09:40:00+05:30,2025-10-24 11:10:00+05:30,25903.5,25824.221417501412,25931.96790472284,25824.221417501412,True,79.28,107.7,0.65,TRAIL_SL,90,-79.2786,-0.45,-0.505495,0.0007,-10.53,5.0,37.6552,142.9859,-2.5272,0.0,35.128,35.128,2283.32,50.0,2233.32,-5.5917,65
long,2025-10-29 09:35:00+05:30,2025-10-29 10:35:00+05:30,25965.2,26045.99653373647,25925.839432133133,26045.99653373647,True,80.8,99.35,4.9,TRAIL_SL,60,80.7965,0.45,0.506558,0.0007,-10.53,5.0,38.4148,148.5138,-1.6848,0.0,36.73,36.73,2387.45,50.0,2337.45,3.7332,65
short,2025-10-30 10:05:00+05:30,2025-10-30 11:20:00+05:30,25946.25,25966.634855356162,25966.634855356162,25966.634855356162,False,-20.38,34.3,28.75,STOP_LOSS,75,20.3849,-0.45,-0.435731,0.0007,-10.53,5.0,-9.0423,9.4536,-2.106,0.0,-11.1483,-11.1483,-724.64,50.0,-774.64,-4.6631,65
short,2025-11-04 10:00:00+05:30,2025-11-04 14:35:00+05:30,25716.65,25624.293628286687,25732.645722760175,25624.293628286687,True,92.36,124.0,3.9,TRAIL_SL,275,-92.3564,-0.45,-0.514649,0.0007,-10.53,5.0,44.2472,194.0507,-7.722,0.0,36.5252,36.5252,2374.14,50.0,2324.14,-16.9369,65
short,2025-11-07 09:45:00+05:30,2025-11-07 11:20:00+05:30,25389.6,25416.84606678175,25416.84606678175,25416.84606678175,False,-27.25,58.55,42.7,STOP_LOSS,95,27.2461,-0.45,-0.430928,0.0007,-10.53,5.0,-12.0269,16.8884,-2.6676,0.0,-14.6945,-14.6945,-955.14,50.0,-1005.14,-5.9009,65
short,2025-11-11 09:55:00+05:30,2025-11-11 12:00:00+05:30,25519.05,25537.944566610273,25537.944566610273,25537.944566610273,False,-18.89,69.8,22.05,STOP_LOSS,125,18.8946,-0.45,-0.436774,0.0007,-10.53,5.0,-8.3901,8.1219,-3.51,0.0,-11.9001,-11.9001,-773.51,50.0,-823.51,-7.7532,65
long,2025-11-12 10:15:00+05:30,2025-11-12 12:10:00+05:30,25836.95,25892.886569309943,25808.87823132364,25892.886569309943,True,55.94,70.9,7.0,TRAIL_SL,115,55.9366,0.45,0.489156,0.0007,-10.53,5.0,26.1571,71.1825,-3.2292,0.0,22.9279,22.9279,1490.31,50.0,1440.31,7.1364,65
short,2025-11-13 09:40:00+05:30,2025-11-13 09:45:00+05:30,25857.0,25876.86632313896,25876.86632313896,25876.86632313896,False,-19.87,1.45,25.95,STOP_LOSS,5,19.8663,-0.45,-0.436094,0.0007,-10.53,5.0,-8.8155,8.9788,-0.1404,0.0,-8.9559,-8.9559,-582.14,50.0,-632.14,-0.3119,65
short,2025-11-14 09:40:00+05:30,2025-11-14 10:15:00+05:30,25856.2,25797.20936545639,25883.030228118314,25797.20936545639,True,58.99,91.3,10.55,TRAIL_SL,35,-58.9906,-0.45,-0.491293,0.0007,-10.53,5.0,27.642,79.1676,-0.9828,0.0,26.6592,26.6592,1732.84,50.0,1682.84,-2.1803,65
short,2025-11-14 10:15:00+05:30,2025-11-14 10:50:00+05:30,25798.65,25823.453305891737,25823.453305891737,25823.453305891737,False,-24.8,46.95,39.15,STOP_LOSS,35,24.8033,-0.45,-0.432638,0.0007,-10.53,5.0,-10.9677,13.9959,-0.9828,0.0,-11.9505,-11.9505,-776.78,50.0,-826.78,-2.1803,65
long,2025-11-17 10:00:00+05:30,2025-11-17 14:15:00+05:30,25954.1,26010.136200974797,25926.49992300652,26010.136200974797,True,56.04,69.15,39.0,TRAIL_SL,255,56.0362,0.45,0.489225,0.0007,-10.53,5.0,26.2054,71.4363,-7.1604,0.0,19.045,19.045,1237.93,50.0,1187.93,15.7198,65
short,2025-11-19 09:40:00+05:30,2025-11-19 10:05:00+05:30,25909.3,25929.639870625997,25929.639870625997,25929.639870625997,False,-20.34,25.5,26.9,STOP_LOSS,25,20.3399,-0.45,-0.435762,0.0007,-10.53,5.0,-9.0226,9.4119,-0.702,0.0,-9.7246,-9.7246,-632.1,50.0,-682.1,-1.5581,65
long,2025-11-20 09:45:00+05:30,2025-11-20 11:45:00+05:30,26088.65,26140.426935926378,26060.632666206424,26140.426935926378,True,51.78,60.0,14.55,TRAIL_SL,120,51.7769,0.45,0.486244,0.0007,-10.53,5.0,24.1441,60.9894,-3.3696,0.0,20.7745,20.7745,1350.34,50.0,1300.34,7.4449,65
short,2025-11-25 09:35:00+05:30,2025-11-25 10:05:00+05:30,25969.5,25990.91347498232,25990.91347498232,25990.91347498232,False,-21.41,17.4,36.35,STOP_LOSS,30,21.4135,-0.45,-0.435011,0.0007,-10.53,5.0,-9.4916,10.4317,-0.8424,0.0,-10.334,-10.334,-671.71,50.0,-721.71,-1.8693,65
long,2025-11-27 09:35:00+05:30,2025-11-27 13:05:00+05:30,26249.55,26218.932631009207,26218.932631009207,26218.932631009207,False,-30.62,60.9,34.6,STOP_LOSS,210,-30.6174,0.45,0.428568,0.0007,-10.53,5.0,-13.4825,21.3264,-5.8968,0.0,-19.3793,-19.3793,-1259.66,50.0,-1309.66,12.9731,65
long,2025-12-01 09:50:00+05:30,2025-12-01 10:50:00+05:30,26273.55,26244.11071864126,26244.11071864126,26244.11071864126,False,-29.44,17.3,44.6,STOP_LOSS,60,-29.4393,0.45,0.429393,0.0007,-10.53,5.0,-12.9747,19.7168,-1.6848,0.0,-14.6595,-14.6595,-952.87,50.0,-1002.87,3.7332,65
short,2025-12-02 10:25:00+05:30,2025-12-02 10:55:00+05:30,26078.8,26092.2033622572,26092.2033622572,26092.2033622572,False,-13.4,9.15,20.8,STOP_LOSS,30,13.4034,-0.45,-0.440618,0.0007,-10.53,5.0,-5.9749,4.087,-0.8424,0.0,-6.8173,-6.8173,-443.13,50.0,-493.13,-1.8693,65
short,2025-12-08 10:20:00+05:30,2025-12-08 13:00:00+05:30,26101.65,26021.452209573887,26118.60852995268,26021.452209573887,True,80.2,97.15,2.25,TRAIL_SL,160,-80.1978,-0.45,-0.506138,0.0007,-10.53,5.0,38.115,146.3208,-4.4928,0.0,33.6222,33.6222,2185.44,50.0,2135.44,-9.9077,65
short,2025-12-09 10:05:00+05:30,2025-12-09 10:15:00+05:30,25778.1,25800.483384061426,25800.483384061426,25800.483384061426,False,-22.38,4.0,70.75,STOP_LOSS,10,22.3834,-0.45,-0.434332,0.0007,-10.53,5.0,-9.9147,11.3981,-0.2808,0.0,-10.1955,-10.1955,-662.71,50.0,-712.71,-0.6237,65
short,2025-12-11 10:00:00+05:30,2025-12-11 10:05:00+05:30,25739.0,25763.69919092409,25763.69919092409,25763.69919092409,False,-24.7,5.6,35.1,STOP_LOSS,5,24.6992,-0.45,-0.432711,0.0007,-10.53,5.0,-10.9225,13.8786,-0.1404,0.0,-11.0629,-11.0629,-719.09,50.0,-769.09,-0.3119,65
long,2025-12-12 10:00:00+05:30,2025-12-12 10:20:00+05:30,26001.65,25976.732819803972,25976.732819803972,25976.732819803972,False,-24.92,6.6,44.05,STOP_LOSS,20,-24.9172,0.45,0.432558,0.0007,-10.53,5.0,-11.0172,14.1247,-0.5616,0.0,-11.5788,-11.5788,-752.62,50.0,-802.62,1.2468,65
short,2025-12-15 09:55:00+05:30,2025-12-15 10:25:00+05:30,25951.6,25969.99088842257,25969.99088842257,25969.99088842257,False,-18.39,14.1,26.5,STOP_LOSS,30,18.3909,-0.45,-0.437126,0.0007,-10.53,5.0,-8.1694,7.6946,-0.8424,0.0,-9.0118,-9.0118,-585.76,50.0,-635.76,-1.8693,65
short,2025-12-16 09:50:00+05:30,2025-12-16 14:20:00+05:30,25942.0,25870.091603632973,25956.653986476136,25870.091603632973,True,71.91,93.6,0.85,TRAIL_SL,270,-71.9084,-0.45,-0.500336,0.0007,-10.53,5.0,33.9876,117.6361,-7.5816,0.0,26.406,26.406,1716.39,50.0,1666.39,-16.6328,65
long,2025-12-19 10:10:00+05:30,2025-12-19 14:25:00+05:30,25935.6,25980.858095897147,25909.546631407775,25980.858095897147,True,45.26,57.75,30.0,TRAIL_SL,255,45.2581,0.45,0.481681,0.0007,-10.53,5.0,21.0114,46.5987,-7.1604,0.0,13.851,13.851,900.31,50.0,850.31,15.7198,65
long,2025-12-22 10:25:00+05:30,2025-12-22 15:00:00+05:30,26124.85,26176.7,26105.705829869767,26105.705829869767,False,51.85,54.6,13.1,SOFT_EOD_EXIT,275,51.85,0.45,0.486295,0.0007,-10.53,5.0,24.1794,61.1616,-7.722,0.0,16.4574,16.4574,1069.73,50.0,1019.73,16.9369,65
short,2025-12-26 10:25:00+05:30,2025-12-26 14:50:00+05:30,26091.75,26018.212237401705,26102.91253154601,26018.212237401705,True,73.54,83.15,5.85,TRAIL_SL,265,-73.5378,-0.45,-0.501476,0.0007,-10.53,5.0,34.7955,123.0275,-7.4412,0.0,27.3543,27.3543,1778.03,50.0,1728.03,-16.3286,65
long,2026-01-02 10:25:00+05:30,2026-01-02 12:45:00+05:30,26247.1,26302.15787665512,26226.79093433461,26302.15787665512,True,55.06,65.3,12.05,TRAIL_SL,140,55.0579,0.45,0.488541,0.0007,-10.53,5.0,25.7309,68.9637,-3.9312,0.0,21.7997,21.7997,1416.98,50.0,1366.98,8.6774,65
short,2026-01-06 09:30:00+05:30,2026-01-06 09:55:00+05:30,26215.05,26237.1488137646,26237.1488137646,26237.1488137646,False,-22.1,24.4,44.3,STOP_LOSS,25,22.0988,-0.45,-0.434531,0.0007,-10.53,5.0,-9.7906,11.1101,-0.702,0.0,-10.4926,-10.4926,-682.02,50.0,-732.02,-1.5581,65
short,2026-01-09 09:50:00+05:30,2026-01-09 12:00:00+05:30,25877.3,25754.539409558874,25907.512554068468,25754.539409558874,True,122.76,142.15,24.65,TRAIL_SL,130,-122.7606,-0.45,-0.535932,0.0007,-10.53,5.0,59.9894,342.8462,-3.6504,0.0,56.339,56.339,3662.03,50.0,3612.03,-8.0615,65
short,2026-01-12 09:45:00+05:30,2026-01-12 11:45:00+05:30,25595.45,25488.32271267491,25623.67396415429,25488.32271267491,True,107.13,122.05,13.1,TRAIL_SL,120,-107.1273,-0.45,-0.524989,0.0007,-10.53,5.0,51.8223,261.0848,-3.3696,0.0,48.4527,48.4527,3149.43,50.0,3099.43,-7.4449,65
short,2026-01-19 10:20:00+05:30,2026-01-19 13:45:00+05:30,25540.65,25561.894790236798,25561.894790236798,25561.894790236798,False,-21.24,46.3,35.4,STOP_LOSS,205,21.2448,-0.45,-0.435129,0.0007,-10.53,5.0,-9.418,10.268,-5.7564,0.0,-15.1744,-15.1744,-986.33,50.0,-1036.33,-12.6672,65
short,2026-01-20 10:05:00+05:30,2026-01-20 14:00:00+05:30,25479.8,25375.129422361817,25502.260616765678,25375.129422361817,True,104.67,130.25,24.2,TRAIL_SL,235,-104.6706,-0.45,-0.523269,0.0007,-10.53,5.0,50.5529,249.2474,-6.5988,0.0,43.9541,43.9541,2857.02,50.0,2807.02,-14.5005,65
short,2026-01-21 09:30:00+05:30,2026-01-21 10:55:00+05:30,25242.85,24992.282343136743,25280.861767091057,24992.282343136743,True,250.57,323.05,8.45,TRAIL_SL,85,-250.5677,-0.45,-0.625397,0.0007,-10.53,5.0,132.5325,1428.3394,-2.3868,0.0,130.1457,130.1457,8459.47,50.0,8409.47,-5.2823,65
