direction,entry_time,exit_time,entry_price,exit_price,sl_initial,sl_final,be_triggered,pnl,mfe_pts,mae_pts,exit_reason,entry_idx,exit_idx
long,2024-12-10 09:55:00+05:30,2024-12-10 10:35:00+05:30,24668.95,24640.54674563171,24640.54674563171,24640.54674563171,False,-28.4,8.85,52.9,STOP_LOSS,158,166
short,2024-12-11 12:35:00+05:30,2024-12-11 13:00:00+05:30,24632.5,24645.34667916361,24645.34667916361,24645.34667916361,False,-12.85,6.4,20.65,STOP_LOSS,265,270
long,2024-12-13 11:50:00+05:30,2024-12-13 12:30:00+05:30,24417.6,24559.732519705984,24364.79993989508,24559.732519705984,True,142.13,197.95,0.0,TRAIL_SL,406,414
short,2024-12-18 10:00:00+05:30,2024-12-18 10:40:00+05:30,24261.1,24293.21428015395,24293.21428015395,24293.21428015395,False,-32.11,34.25,44.8,STOP_LOSS,609,617
long,2024-12-20 09:40:00+05:30,2024-12-20 09:45:00+05:30,24045.95,23997.22006385611,23997.22006385611,23997.22006385611,False,-48.73,5.9,191.45,STOP_LOSS,755,756
short,2024-12-20 09:45:00+05:30,2024-12-20 10:15:00+05:30,23862.65,23908.78038207794,23908.78038207794,23908.78038207794,False,-46.13,55.35,98.15,STOP_LOSS,756,762
long,2024-12-23 14:35:00+05:30,2024-12-23 15:00:00+05:30,23759.15,23740.15,23729.169123218406,23729.169123218406,False,-19.0,11.55,30.85,SOFT_EOD_EXIT,889,894
short,2024-12-24 12:10:00+05:30,2024-12-24 15:00:00+05:30,23793.3,23723.55,23804.77100602764,23804.77100602764,False,69.75,78.6,25.85,SOFT_EOD_EXIT,935,969
short,2025-01-01 09:45:00+05:30,2025-01-01 10:05:00+05:30,23570.65,23594.776668406797,23594.776668406797,23594.776668406797,False,-24.13,7.85,36.0,STOP_LOSS,1281,1285
short,2025-01-03 09:30:00+05:30,2025-01-03 10:45:00+05:30,24105.2,24028.202248681762,24126.22377999859,24028.202248681762,True,77.0,98.45,22.8,TRAIL_SL,1428,1443
short,2025-01-10 09:30:00+05:30,2025-01-10 10:05:00+05:30,23458.6,23381.985311606797,23483.51857469945,23381.985311606797,True,76.61,114.25,33.0,TRAIL_SL,1803,1810
short,2025-01-21 10:05:00+05:30,2025-01-21 10:35:00+05:30,23263.5,23168.54694070981,23290.72782874524,23168.54694070981,True,94.95,135.8,10.85,TRAIL_SL,2335,2341
long,2025-01-21 11:45:00+05:30,2025-01-21 12:10:00+05:30,23370.95,23300.85503914003,23300.85503914003,23300.85503914003,False,-70.09,50.3,95.4,STOP_LOSS,2355,2360
short,2025-01-21 12:20:00+05:30,2025-01-21 12:55:00+05:30,23127.15,23177.501542658167,23177.501542658167,23177.501542658167,False,-50.35,16.05,143.85,STOP_LOSS,2362,2369
long,2025-01-22 14:15:00+05:30,2025-01-23 09:15:00+05:30,23090.95,23147.65054654052,23052.17141316463,23147.65054654052,True,56.7,78.6,8.55,TRAIL_SL,2460,2475
short,2025-01-24 09:50:00+05:30,2025-01-24 10:35:00+05:30,23158.25,23184.48895940554,23184.48895940554,23184.48895940554,False,-26.24,55.35,68.85,STOP_LOSS,2557,2566
short,2025-01-28 14:50:00+05:30,2025-01-28 15:00:00+05:30,22970.35,22929.4,23000.34119493506,23000.34119493506,False,40.95,44.65,32.05,SOFT_EOD_EXIT,2767,2769
short,2025-02-01 11:50:00+05:30,2025-02-01 12:00:00+05:30,23396.6,23443.348924096652,23443.348924096652,23443.348924096652,False,-46.75,32.9,98.35,STOP_LOSS,3031,3033
long,2025-02-03 13:05:00+05:30,2025-02-03 15:00:00+05:30,23351.55,23353.35,23320.350724506407,23320.350724506407,False,1.8,19.15,45.2,SOFT_EOD_EXIT,3121,3144
short,2025-02-07 10:15:00+05:30,2025-02-07 10:55:00+05:30,23549.5,23585.25453671958,23585.25453671958,23585.25453671958,False,-35.75,55.9,63.7,STOP_LOSS,3387,3395
short,2025-02-10 09:40:00+05:30,2025-02-10 09:50:00+05:30,23408.25,23435.546242884346,23435.546242884346,23435.546242884346,False,-27.3,3.35,46.1,STOP_LOSS,3455,3457
long,2025-02-10 14:55:00+05:30,2025-02-10 15:00:00+05:30,23400.4,23388.0,23376.99990424121,23376.99990424121,False,-12.4,9.5,20.85,SOFT_EOD_EXIT,3518,3519
long,2025-02-12 11:40:00+05:30,2025-02-12 12:15:00+05:30,23009.55,23030.349388964212,22958.179798418354,23030.349388964212,True,20.8,67.85,36.15,TRAIL_SL,3629,3636
long,2025-02-14 14:30:00+05:30,2025-02-14 14:55:00+05:30,22892.8,22938.90492914591,22853.521290625198,22938.90492914591,True,46.1,73.65,0.0,TRAIL_SL,3813,3818
short,2025-02-18 10:15:00+05:30,2025-02-18 12:30:00+05:30,22868.0,22893.495295081386,22893.495295081386,22893.495295081386,False,-25.5,66.5,32.7,STOP_LOSS,3912,3939
long,2025-02-19 09:55:00+05:30,2025-02-19 10:45:00+05:30,22989.1,23017.558511923016,22950.105445195793,23017.558511923016,True,28.46,60.85,34.85,TRAIL_SL,3983,3993
short,2025-02-21 09:40:00+05:30,2025-02-21 10:30:00+05:30,22843.5,22777.391779208403,22860.460971061755,22777.391779208403,True,66.11,110.2,9.45,TRAIL_SL,4130,4140
long,2025-02-21 12:30:00+05:30,2025-02-21 12:50:00+05:30,22822.35,22800.684407774606,22800.684407774606,22800.684407774606,False,-21.67,2.1,24.25,STOP_LOSS,4164,4168
long,2025-02-24 11:45:00+05:30,2025-02-24 11:55:00+05:30,22614.65,22593.59207643296,22593.59207643296,22593.59207643296,False,-21.06,3.15,26.1,STOP_LOSS,4230,4232
long,2025-02-25 09:35:00+05:30,2025-02-25 10:45:00+05:30,22601.2,22569.22685804437,22569.22685804437,22569.22685804437,False,-31.97,24.1,39.7,STOP_LOSS,4279,4293
short,2025-03-03 09:45:00+05:30,2025-03-03 10:15:00+05:30,22086.2,22042.566573015825,22119.301046835113,22042.566573015825,True,43.63,73.95,2.2,TRAIL_SL,4506,4512
long,2025-03-07 10:05:00+05:30,2025-03-07 12:00:00+05:30,22584.9,22540.663785573815,22540.663785573815,22540.663785573815,False,-44.24,48.9,58.7,STOP_LOSS,4810,4833
long,2025-03-12 13:15:00+05:30,2025-03-12 13:50:00+05:30,22424.2,22395.17103950273,22395.17103950273,22395.17103950273,False,-29.03,21.1,32.15,STOP_LOSS,5073,5080
short,2025-03-13 11:35:00+05:30,2025-03-13 12:55:00+05:30,22432.65,22451.538140736444,22451.538140736444,22451.538140736444,False,-18.89,29.5,29.15,STOP_LOSS,5128,5144
long,2025-03-17 09:30:00+05:30,2025-03-17 10:10:00+05:30,22566.1,22525.114522007952,22525.114522007952,22525.114522007952,False,-40.99,1.6,53.35,STOP_LOSS,5178,5186
short,2025-03-18 12:25:00+05:30,2025-03-18 13:00:00+05:30,22730.8,22742.917606784144,22742.917606784144,22742.917606784144,False,-12.12,33.05,21.85,STOP_LOSS,5288,5295
long,2025-03-18 13:15:00+05:30,2025-03-18 15:00:00+05:30,22782.0,22814.8,22759.753036670754,22759.753036670754,False,32.8,38.3,16.4,SOFT_EOD_EXIT,5298,5319
long,2025-03-20 09:30:00+05:30,2025-03-20 09:45:00+05:30,23065.65,23030.77139441151,23030.77139441151,23030.77139441151,False,-34.88,5.45,47.05,STOP_LOSS,5403,5406
long,2025-03-27 09:50:00+05:30,2025-03-27 10:30:00+05:30,23566.2,23599.684742051813,23517.80375638293,23599.684742051813,True,33.48,60.55,7.3,TRAIL_SL,5782,5790
short,2025-03-28 12:30:00+05:30,2025-03-28 12:45:00+05:30,23491.3,23508.571298933533,23508.571298933533,23508.571298933533,False,-17.27,7.45,33.5,STOP_LOSS,5889,5892
long,2025-03-28 14:25:00+05:30,2025-03-28 15:00:00+05:30,23571.8,23535.698015144062,23535.698015144062,23535.698015144062,False,-36.1,40.25,47.85,STOP_LOSS,5912,5919
long,2025-04-02 09:30:00+05:30,2025-04-02 09:40:00+05:30,23279.05,23236.66458859152,23236.66458859152,23236.66458859152,False,-42.39,14.6,45.55,STOP_LOSS,6003,6005
short,2025-04-15 14:40:00+05:30,2025-04-15 14:45:00+05:30,23309.6,23316.672818560684,23316.672818560684,23316.672818560684,False,-7.07,0.45,14.9,STOP_LOSS,6590,6591
short,2025-04-25 09:40:00+05:30,2025-04-25 10:10:00+05:30,24208.15,23993.8607746674,24237.93542407203,23993.8607746674,True,214.29,258.0,7.7,TRAIL_SL,7055,7061
long,2025-04-25 12:55:00+05:30,2025-04-25 14:00:00+05:30,24026.45,24128.3752296579,23984.335973307072,24128.3752296579,True,101.93,124.2,13.4,TRAIL_SL,7094,7107
long,2025-04-28 09:30:00+05:30,2025-04-28 10:20:00+05:30,24184.3,24252.528724785618,24120.87342803314,24252.528724785618,True,68.23,98.7,10.85,TRAIL_SL,7128,7138
short,2025-04-28 14:35:00+05:30,2025-04-28 14:50:00+05:30,24281.55,24296.23410805019,24296.23410805019,24296.23410805019,False,-14.68,20.65,32.05,STOP_LOSS,7189,7192
long,2025-04-30 09:45:00+05:30,2025-04-30 10:25:00+05:30,24381.55,24340.97028630169,24340.97028630169,24340.97028630169,False,-40.58,13.65,51.0,STOP_LOSS,7281,7289
long,2025-05-02 09:30:00+05:30,2025-05-02 10:15:00+05:30,24525.0,24560.033874490207,24456.721124802927,24560.033874490207,True,35.03,64.15,20.35,TRAIL_SL,7353,7362
short,2025-05-05 11:50:00+05:30,2025-05-05 11:55:00+05:30,24422.8,24440.49644715628,24440.49644715628,24440.49644715628,False,-17.7,4.05,23.55,STOP_LOSS,7456,7457
long,2025-05-07 09:30:00+05:30,2025-05-07 09:45:00+05:30,24447.4,24396.493361224624,24396.493361224624,24396.493361224624,False,-50.91,2.2,112.2,STOP_LOSS,7578,7581
short,2025-05-13 09:30:00+05:30,2025-05-13 09:35:00+05:30,24743.25,24783.360750427943,24783.360750427943,24783.360750427943,False,-40.11,0.0,103.35,STOP_LOSS,7878,7879
short,2025-05-15 09:35:00+05:30,2025-05-15 10:30:00+05:30,24564.05,24588.545499190786,24588.545499190786,24588.545499190786,False,-24.5,69.6,63.2,STOP_LOSS,8029,8040
short,2025-05-16 09:50:00+05:30,2025-05-16 10:00:00+05:30,24979.15,25007.370392845565,25007.370392845565,25007.370392845565,False,-28.22,1.35,49.75,STOP_LOSS,8107,8109
long,2025-05-21 09:35:00+05:30,2025-05-21 10:55:00+05:30,24808.75,24915.232356785793,24765.009835044377,24915.232356785793,True,106.48,137.45,17.1,TRAIL_SL,8329,8345
short,2025-05-21 12:00:00+05:30,2025-05-21 13:15:00+05:30,24781.55,24803.646949275237,24803.646949275237,24803.646949275237,False,-22.1,96.2,49.5,STOP_LOSS,8358,8373
short,2025-05-22 09:30:00+05:30,2025-05-22 09:40:00+05:30,24548.95,24581.966336902366,24581.966336902366,24581.966336902366,False,-33.02,7.35,67.1,STOP_LOSS,8403,8405
long,2025-05-22 14:55:00+05:30,2025-05-22 15:00:00+05:30,24616.8,24595.3,24568.264602183113,24568.264602183113,False,-21.5,0.8,21.9,SOFT_EOD_EXIT,8468,8469
long,2025-05-27 11:30:00+05:30,2025-05-27 11:45:00+05:30,25021.55,24955.187880079247,24955.187880079247,24955.187880079247,False,-66.36,6.45,108.45,STOP_LOSS,8652,8655
short,2025-06-02 14:30:00+05:30,2025-06-02 14:50:00+05:30,24664.45,24679.80393501006,24679.80393501006,24679.80393501006,False,-15.35,9.65,22.35,STOP_LOSS,8988,8992
short,2025-06-03 09:30:00+05:30,2025-06-03 09:35:00+05:30,24627.05,24660.020749048806,24660.020749048806,24660.020749048806,False,-32.97,4.85,64.65,STOP_LOSS,9003,9004
long,2025-06-06 10:05:00+05:30,2025-06-06 12:00:00+05:30,24794.6,25012.677789859656,24747.48118542733,25012.677789859656,True,218.08,234.9,70.7,TRAIL_SL,9235,9258
short,2025-06-11 13:25:00+05:30,2025-06-11 15:00:00+05:30,25171.65,25146.4,25182.26579517028,25182.26579517028,False,25.25,63.5,2.15,SOFT_EOD_EXIT,9500,9519
long,2025-06-12 09:30:00+05:30,2025-06-12 09:35:00+05:30,25189.05,25166.442512325968,25166.442512325968,25166.442512325968,False,-22.61,7.15,42.75,STOP_LOSS,9528,9529
short,2025-06-12 09:40:00+05:30,2025-06-12 12:10:00+05:30,25103.5,25034.99409858206,25123.432626158086,25034.99409858206,True,68.51,94.15,23.05,TRAIL_SL,9530,9560
long,2025-06-13 12:15:00+05:30,2025-06-13 12:30:00+05:30,24723.95,24702.055410434634,24702.055410434634,24702.055410434634,False,-21.89,0.0,27.85,STOP_LOSS,9636,9639
long,2025-06-18 14:55:00+05:30,2025-06-18 15:00:00+05:30,24816.15,24808.4,24796.460030951734,24796.460030951734,False,-7.75,13.5,8.05,SOFT_EOD_EXIT,9893,9894
short,2025-06-20 12:30:00+05:30,2025-06-20 12:35:00+05:30,24966.35,24980.871758227637,24980.871758227637,24980.871758227637,False,-14.52,1.75,20.65,STOP_LOSS,10014,10015
short,2025-06-23 09:30:00+05:30,2025-06-23 09:35:00+05:30,24863.0,24895.532412246084,24895.532412246084,24895.532412246084,False,-32.53,0.0,32.6,STOP_LOSS,10053,10054
long,2025-06-23 11:30:00+05:30,2025-06-23 13:45:00+05:30,24953.25,25019.69193802486,24931.523806046178,25019.69193802486,True,66.44,92.8,24.45,TRAIL_SL,10077,10104
short,2025-06-30 09:40:00+05:30,2025-06-30 13:30:00+05:30,25590.4,25510.939145577006,25609.789537353718,25510.939145577006,True,79.46,99.9,9.6,TRAIL_SL,10430,10476
long,2025-07-08 14:55:00+05:30,2025-07-08 15:00:00+05:30,25482.3,25504.05,25467.39010032133,25467.39010032133,False,21.75,23.45,5.45,SOFT_EOD_EXIT,10943,10944
long,2025-07-14 14:50:00+05:30,2025-07-14 15:00:00+05:30,25083.55,25078.0,25064.52189188021,25064.52189188021,False,-5.55,24.95,8.75,SOFT_EOD_EXIT,11242,11244
long,2025-07-16 11:50:00+05:30,2025-07-16 11:55:00+05:30,25209.65,25190.000703970487,25190.000703970487,25190.000703970487,False,-19.65,0.35,28.2,STOP_LOSS,11356,11357
short,2025-07-21 09:30:00+05:30,2025-07-21 09:40:00+05:30,24891.15,24912.354216586195,24912.354216586195,24912.354216586195,False,-21.2,0.25,53.35,STOP_LOSS,11553,11555
long,2025-07-21 10:05:00+05:30,2025-07-21 11:40:00+05:30,25055.8,25020.4366257041,25020.4366257041,25020.4366257041,False,-35.36,23.7,55.7,STOP_LOSS,11560,11579
short,2025-07-24 09:45:00+05:30,2025-07-24 11:45:00+05:30,25175.95,25107.789082723895,25188.888722067906,25107.789082723895,True,68.16,86.3,6.95,TRAIL_SL,11781,11805
long,2025-07-28 10:15:00+05:30,2025-07-28 10:35:00+05:30,24866.3,24832.53167842981,24832.53167842981,24832.53167842981,False,-33.77,22.9,38.85,STOP_LOSS,11937,11941
long,2025-07-29 09:50:00+05:30,2025-07-29 10:10:00+05:30,24723.1,24686.513329622816,24686.513329622816,24686.513329622816,False,-36.59,4.05,59.25,STOP_LOSS,12007,12011
short,2025-07-31 14:50:00+05:30,2025-07-31 15:00:00+05:30,24836.75,24790.65,24858.546597490014,24858.546597490014,False,46.1,49.9,26.8,SOFT_EOD_EXIT,12217,12219
short,2025-08-05 09:35:00+05:30,2025-08-05 12:10:00+05:30,24633.45,24652.1231952255,24652.1231952255,24652.1231952255,False,-18.67,40.3,35.25,STOP_LOSS,12379,12410
long,2025-08-05 12:10:00+05:30,2025-08-05 12:50:00+05:30,24658.1,24637.102845259655,24637.102845259655,24637.102845259655,False,-21.0,6.95,37.15,STOP_LOSS,12410,12418
long,2025-08-07 14:15:00+05:30,2025-08-08 09:15:00+05:30,24467.3,24614.250324271972,24438.587244690665,24614.250324271972,True,146.95,166.9,30.35,TRAIL_SL,12585,12600
long,2025-08-12 12:35:00+05:30,2025-08-12 12:50:00+05:30,24637.4,24609.104528099117,24609.104528099117,24609.104528099117,False,-28.3,2.95,39.65,STOP_LOSS,12790,12793
long,2025-08-18 09:30:00+05:30,2025-08-18 11:55:00+05:30,24988.55,24930.972783412002,24930.972783412002,24930.972783412002,False,-57.58,33.45,73.0,STOP_LOSS,12978,13007
short,2025-08-18 11:55:00+05:30,2025-08-18 12:55:00+05:30,24916.8,24929.55178865782,24929.55178865782,24929.55178865782,False,-12.75,63.95,25.4,STOP_LOSS,13007,13019
short,2025-08-22 14:15:00+05:30,2025-08-22 15:00:00+05:30,24908.0,24870.05,24917.109318448212,24917.109318448212,False,37.95,42.3,5.15,SOFT_EOD_EXIT,13335,13344
long,2025-08-25 09:35:00+05:30,2025-08-25 09:55:00+05:30,24966.25,24941.281499136672,24941.281499136672,24941.281499136672,False,-24.97,7.7,41.75,STOP_LOSS,13354,13358
short,2025-08-25 14:35:00+05:30,2025-08-25 14:50:00+05:30,24963.85,24974.705834554414,24974.705834554414,24974.705834554414,False,-10.86,6.75,17.25,STOP_LOSS,13414,13417
short,2025-09-02 13:15:00+05:30,2025-09-02 14:35:00+05:30,24707.3,24560.76539430467,24718.875993205274,24560.76539430467,True,146.53,184.95,0.0,TRAIL_SL,13773,13789
short,2025-09-05 10:10:00+05:30,2025-09-05 10:25:00+05:30,24679.35,24704.164093028267,24704.164093028267,24704.164093028267,False,-24.81,47.4,58.4,STOP_LOSS,13961,13964
short,2025-09-08 14:45:00+05:30,2025-09-08 14:50:00+05:30,24779.7,24798.92015911124,24798.92015911124,24798.92015911124,False,-19.22,0.0,34.3,STOP_LOSS,14091,14092
long,2025-09-11 12:15:00+05:30,2025-09-11 15:00:00+05:30,24997.45,25012.05,24984.761584876807,24984.761584876807,False,14.6,39.85,11.05,SOFT_EOD_EXIT,14286,14319
long,2025-09-16 09:30:00+05:30,2025-09-16 13:10:00+05:30,25127.65,25192.152134467666,25108.14303282469,25192.152134467666,True,64.5,75.35,2.55,TRAIL_SL,14478,14522
long,2025-09-16 14:35:00+05:30,2025-09-16 14:55:00+05:30,25228.75,25208.135613439707,25208.135613439707,25208.135613439707,False,-20.61,1.0,38.65,STOP_LOSS,14539,14543
short,2025-09-18 12:30:00+05:30,2025-09-18 15:00:00+05:30,25398.55,25406.877788788363,25406.877788788363,25406.877788788363,False,-8.33,68.8,23.5,STOP_LOSS,14664,14694
long,2025-09-19 13:10:00+05:30,2025-09-19 15:00:00+05:30,25330.65,25318.1,25315.8142504914,25315.8142504914,False,-12.55,29.75,14.9,SOFT_EOD_EXIT,14747,14769
long,2025-09-23 12:25:00+05:30,2025-09-23 12:40:00+05:30,25156.4,25204.029754936404,25136.662897759652,25204.029754936404,True,47.63,67.4,1.7,TRAIL_SL,14888,14891
short,2025-09-24 14:30:00+05:30,2025-09-24 14:35:00+05:30,25075.15,25086.728736990277,25086.728736990277,25086.728736990277,False,-11.58,2.2,26.7,STOP_LOSS,14988,14989
short,2025-09-26 13:25:00+05:30,2025-09-26 14:10:00+05:30,24735.45,24660.832818746036,24747.70064813595,24660.832818746036,True,74.62,97.05,2.05,TRAIL_SL,15125,15134
long,2025-09-29 09:40:00+05:30,2025-09-29 11:30:00+05:30,24750.8,24720.206081381242,24720.206081381242,24720.206081381242,False,-30.59,40.5,45.55,STOP_LOSS,15155,15177
short,2025-09-29 11:35:00+05:30,2025-09-29 13:10:00+05:30,24670.8,24686.62471390378,24686.62471390378,24686.62471390378,False,-15.82,64.6,17.95,STOP_LOSS,15178,15197
long,2025-10-01 09:35:00+05:30,2025-10-01 10:00:00+05:30,24669.8,24643.432499436112,24643.432499436112,24643.432499436112,False,-26.37,24.25,36.0,STOP_LOSS,15304,15309
short,2025-10-07 14:35:00+05:30,2025-10-07 14:45:00+05:30,25140.5,25157.644268376946,25157.644268376946,25157.644268376946,False,-17.14,17.2,22.4,STOP_LOSS,15589,15591
long,2025-10-08 13:05:00+05:30,2025-10-08 14:05:00+05:30,25096.3,25072.46066233879,25072.46066233879,25072.46066233879,False,-23.84,38.05,34.1,STOP_LOSS,15646,15658
short,2025-10-14 10:00:00+05:30,2025-10-14 10:40:00+05:30,25194.7,25214.956318686603,25214.956318686603,25214.956318686603,False,-20.26,29.95,29.4,STOP_LOSS,15909,15917
short,2025-10-15 14:45:00+05:30,2025-10-15 14:50:00+05:30,25298.85,25312.657521715177,25312.657521715177,25312.657521715177,False,-13.81,11.75,18.35,STOP_LOSS,16041,16042
long,2025-10-16 09:30:00+05:30,2025-10-16 12:45:00+05:30,25433.35,25502.599270043305,25404.251097228927,25502.599270043305,True,69.25,83.35,21.35,TRAIL_SL,16053,16092
short,2025-10-17 13:00:00+05:30,2025-10-17 14:15:00+05:30,25674.85,25696.363226353307,25696.363226353307,25696.363226353307,False,-21.51,54.4,34.25,STOP_LOSS,16170,16185
long,2025-10-23 09:30:00+05:30,2025-10-23 13:30:00+05:30,26078.3,26024.400359675874,26024.400359675874,26024.400359675874,False,-53.9,25.9,58.0,STOP_LOSS,16290,16338
short,2025-10-27 13:15:00+05:30,2025-10-27 13:50:00+05:30,25940.0,25952.40557500409,25952.40557500409,25952.40557500409,False,-12.41,21.6,26.1,STOP_LOSS,16485,16492
short,2025-10-28 10:05:00+05:30,2025-10-28 12:50:00+05:30,25907.2,25932.44599356107,25932.44599356107,25932.44599356107,False,-25.25,81.05,38.45,STOP_LOSS,16522,16555
long,2025-11-07 11:30:00+05:30,2025-11-07 13:50:00+05:30,25461.25,25528.91902965386,25434.520890465785,25528.91902965386,True,67.67,90.0,36.15,TRAIL_SL,17064,17092
long,2025-11-13 10:20:00+05:30,2025-11-13 11:30:00+05:30,25913.2,25961.607958769604,25888.279569636437,25961.607958769604,True,48.41,65.3,8.1,TRAIL_SL,17350,17364
long,2025-11-18 11:45:00+05:30,2025-11-18 12:20:00+05:30,25972.85,25954.870166086504,25954.870166086504,25954.870166086504,False,-17.98,10.35,29.2,STOP_LOSS,17592,17599
long,2025-11-21 12:10:00+05:30,2025-11-21 13:40:00+05:30,26123.9,26106.044454264524,26106.044454264524,26106.044454264524,False,-17.86,55.3,22.55,STOP_LOSS,17822,17840
short,2025-11-21 14:55:00+05:30,2025-11-21 15:00:00+05:30,26070.35,26078.5,26083.8352044386,26083.8352044386,False,-8.15,4.6,14.0,SOFT_EOD_EXIT,17855,17856
long,2025-11-26 09:45:00+05:30,2025-11-26 10:50:00+05:30,26049.2,26110.033693618814,26015.06617182654,26110.033693618814,True,60.83,81.7,0.9,TRAIL_SL,18018,18031
short,2025-12-01 14:50:00+05:30,2025-12-01 15:00:00+05:30,26139.1,26152.792556632612,26152.792556632612,26152.792556632612,False,-13.69,14.9,41.45,STOP_LOSS,18304,18306
short,2025-12-03 09:30:00+05:30,2025-12-03 12:15:00+05:30,25933.55,25955.02854629126,25955.02854629126,25955.02854629126,False,-21.48,42.55,32.7,STOP_LOSS,18390,18423
long,2025-12-03 12:15:00+05:30,2025-12-03 12:30:00+05:30,25963.7,25944.06649496841,25944.06649496841,25944.06649496841,False,-19.63,3.15,30.35,STOP_LOSS,18423,18426
short,2025-12-08 09:35:00+05:30,2025-12-08 12:20:00+05:30,26120.0,26044.402245737,26137.299479512985,26044.402245737,True,75.6,88.15,15.5,TRAIL_SL,18616,18649
long,2025-12-10 09:35:00+05:30,2025-12-10 09:55:00+05:30,25908.5,25878.40948622212,25878.40948622212,25878.40948622212,False,-30.09,11.7,31.85,STOP_LOSS,18766,18770
long,2025-12-11 10:10:00+05:30,2025-12-11 12:35:00+05:30,25807.75,25894.185318673965,25764.687327885007,25894.185318673965,True,86.44,111.45,43.25,TRAIL_SL,18848,18877
long,2025-12-15 11:50:00+05:30,2025-12-15 15:00:00+05:30,26007.55,26024.3,25986.609274528382,25986.609274528382,False,16.75,39.6,17.4,SOFT_EOD_EXIT,19018,19056
short,2025-12-16 09:30:00+05:30,2025-12-16 09:45:00+05:30,25916.7,25932.489754047634,25932.489754047634,25932.489754047634,False,-15.79,15.05,26.25,STOP_LOSS,19065,19068
short,2025-12-18 09:40:00+05:30,2025-12-18 10:05:00+05:30,25745.1,25763.091087976347,25763.091087976347,25763.091087976347,False,-17.99,18.8,30.25,STOP_LOSS,19217,19222
long,2025-12-19 09:30:00+05:30,2025-12-19 11:30:00+05:30,25963.5,25929.90084843072,25929.90084843072,25929.90084843072,False,-33.6,15.75,37.2,STOP_LOSS,19290,19314
short,2025-12-19 11:40:00+05:30,2025-12-19 12:00:00+05:30,25913.4,25924.736465224014,25924.736465224014,25924.736465224014,False,-11.34,7.8,29.2,STOP_LOSS,19316,19320
short,2025-12-23 09:40:00+05:30,2025-12-23 09:45:00+05:30,26124.5,26137.683684210173,26137.683684210173,26137.683684210173,False,-13.18,5.45,18.65,STOP_LOSS,19442,19443
short,2025-12-23 14:40:00+05:30,2025-12-23 14:55:00+05:30,26167.2,26182.74789294678,26182.74789294678,26182.74789294678,False,-15.55,8.5,24.45,STOP_LOSS,19502,19505
long,2025-12-30 10:20:00+05:30,2025-12-30 10:45:00+05:30,25968.7,25944.948532902607,25944.948532902607,25944.948532902607,False,-23.75,7.15,31.55,STOP_LOSS,19750,19755
short,2026-01-02 14:30:00+05:30,2026-01-02 15:00:00+05:30,26285.65,26294.719206849863,26294.719206849863,26294.719206849863,False,-9.07,19.8,29.75,STOP_LOSS,20025,20031
long,2026-01-05 10:20:00+05:30,2026-01-05 11:20:00+05:30,26367.7,26337.78879144573,26337.78879144573,26337.78879144573,False,-29.91,5.5,47.3,STOP_LOSS,20050,20062
short,2026-01-08 09:30:00+05:30,2026-01-08 09:35:00+05:30,26060.7,26078.487361450796,26078.487361450796,26078.487361450796,False,-17.79,7.45,35.2,STOP_LOSS,20265,20266
long,2026-01-12 12:15:00+05:30,2026-01-12 13:00:00+05:30,25601.3,25705.489337160343,25565.63012174744,25705.489337160343,True,104.19,137.1,0.25,TRAIL_SL,20448,20457
long,2026-01-13 14:50:00+05:30,2026-01-13 15:00:00+05:30,25713.9,25706.2,25677.67698525479,25677.67698525479,False,-7.7,43.25,23.1,SOFT_EOD_EXIT,20554,20556
short,2026-01-16 12:25:00+05:30,2026-01-16 14:10:00+05:30,25752.05,25686.807215687153,25771.145663541643,25686.807215687153,True,65.24,89.65,22.55,TRAIL_SL,20675,20696
long,2026-01-21 12:20:00+05:30,2026-01-21 12:25:00+05:30,25185.85,25141.99846870772,25141.99846870772,25141.99846870772,False,-43.85,0.75,67.35,STOP_LOSS,20899,20900
long,2026-01-22 09:30:00+05:30,2026-01-22 10:15:00+05:30,25406.65,25350.588293091427,25350.588293091427,25350.588293091427,False,-56.06,29.1,65.35,STOP_LOSS,20940,20949
