direction,entry_path,entry_time,exit_time,entry_price,exit_price,sl_at_entry,sl_at_exit,sr_tp,be_triggered,pnl,mfe_pts,mae_pts,exit_reason,entry_idx,exit_idx,sr_notes
long,B,2022-12-01 09:35:00+05:30,2022-12-01 10:00:00+05:30,18867.9,18838.891593081404,18838.891593081404,18838.891593081404,18954.925220755795,False,-29.01,14.25,37.95,STOP_LOSS,1579,1584,TP=18955 RR=3.00 space=ATR_RUNWAY opp_str=? no_align
short,B,2022-12-02 09:35:00+05:30,2022-12-02 12:40:00+05:30,18726.3,18661.1,18742.642521273003,18661.1,18629.1,True,65.2,86.7,4.95,TRAIL_SL,1654,1691,TP=18629 RR=5.95 space=112pts opp_str=62 no_align
short,B,2022-12-23 09:50:00+05:30,2022-12-23 11:00:00+05:30,17982.1,17947.775,18008.335650225305,17947.775,17903.393049324084,True,34.32,68.65,6.6,TRAIL_SL,2782,2796,TP=17903 RR=3.00 space=ATR_RUNWAY opp_str=? SUP@18009(str=48)
short,B,2022-12-23 11:30:00+05:30,2022-12-23 11:35:00+05:30,17897.35,17911.338776453693,17911.338776453693,17911.338776453693,17855.383670638916,False,-13.99,2.2,23.8,STOP_LOSS,2802,2803,TP=17855 RR=3.00 space=ATR_RUNWAY opp_str=? no_align
short,B,2023-01-06 13:05:00+05:30,2023-01-06 13:45:00+05:30,17829.4,17842.617635783357,17842.617635783357,17842.617635783357,17789.747092649937,False,-13.22,33.25,22.0,STOP_LOSS,3571,3579,TP=17790 RR=3.00 space=ATR_RUNWAY opp_str=? SUP@17857(str=53)
short,B,2023-01-27 09:45:00+05:30,2023-01-27 10:20:00+05:30,17755.2,17716.925000000003,17784.9566099265,17716.925000000003,17665.930170220505,True,38.27,87.25,2.6,TRAIL_SL,4581,4588,TP=17666 RR=3.00 space=ATR_RUNWAY opp_str=? SUP@17781(str=61)
short,B,2023-01-27 12:15:00+05:30,2023-01-27 13:00:00+05:30,17612.2,17571.925000000003,17631.49777392964,17571.925000000003,17554.30667821108,True,40.27,80.55,11.9,TRAIL_SL,4611,4620,TP=17554 RR=3.00 space=ATR_RUNWAY opp_str=? no_align
short,B,2023-01-27 14:20:00+05:30,2023-01-27 14:30:00+05:30,17495.15,17515.90831512006,17515.90831512006,17515.90831512006,17432.875054639822,False,-20.76,0.95,46.05,STOP_LOSS,4636,4638,TP=17433 RR=3.00 space=ATR_RUNWAY opp_str=? no_align
short,B,2023-01-30 13:00:00+05:30,2023-01-30 13:25:00+05:30,17485.3,17501.200833355797,17501.200833355797,17501.200833355797,17437.59749993261,False,-15.9,26.15,33.0,STOP_LOSS,4695,4700,TP=17438 RR=3.00 space=ATR_RUNWAY opp_str=? no_align
short,B,2023-02-01 14:15:00+05:30,2023-02-01 14:30:00+05:30,17633.6,17606.025,17672.070389389744,17606.025,17518.188831830765,False,27.57,59.75,13.25,STOP_LOSS,4860,4863,TP=17518 RR=3.00 space=ATR_RUNWAY opp_str=? no_align
short,B,2023-02-01 14:30:00+05:30,2023-02-01 15:00:00+05:30,17615.55,17484.675,17652.919198663487,17484.675,17503.44240400954,True,130.88,261.75,16.8,TRAIL_SL,4863,4869,TP=17503 RR=3.00 space=ATR_RUNWAY opp_str=? no_align
short,B,2023-02-27 09:50:00+05:30,2023-02-27 11:00:00+05:30,17376.1,17331.5,17399.98413595287,17331.5,17304.44759214139,True,44.6,74.4,2.05,TRAIL_SL,6157,6171,TP=17304 RR=3.00 space=ATR_RUNWAY opp_str=? no_align
short,B,2023-03-13 12:40:00+05:30,2023-03-13 15:00:00+05:30,17287.55,17143.3,17303.984252564995,17172.7,17238.247242305017,True,144.25,172.45,7.15,EOD_EXIT,6866,6894,TP=17238 RR=3.00 space=ATR_RUNWAY opp_str=? no_align
short,B,2023-03-16 09:35:00+05:30,2023-03-16 10:15:00+05:30,16881.0,16903.443053926538,16903.443053926538,16903.443053926538,16813.670838220387,False,-22.44,30.6,36.65,STOP_LOSS,7054,7062,TP=16814 RR=3.00 space=ATR_RUNWAY opp_str=? no_align
short,B,2023-03-20 09:55:00+05:30,2023-03-20 10:55:00+05:30,16910.15,16936.047020648046,16936.047020648046,16936.047020648046,16832.45893805587,False,-25.9,27.9,45.6,STOP_LOSS,7208,7220,TP=16832 RR=3.00 space=ATR_RUNWAY opp_str=? no_align
long,B,2023-03-31 09:50:00+05:30,2023-03-31 10:30:00+05:30,17279.45,17248.922967681523,17248.922967681523,17248.922967681523,17357.43,False,-30.53,2.4,39.5,STOP_LOSS,7807,7815,TP=17357 RR=2.55 space=93pts opp_str=62 no_align
short,B,2023-05-19 10:00:00+05:30,2023-05-19 10:25:00+05:30,18072.7,18088.818126552902,18088.818126552902,18088.818126552902,17829.52,False,-16.12,5.9,19.9,STOP_LOSS,10134,10139,TP=17830 RR=15.09 space=258pts opp_str=60 SUP@18102(str=78)
short,B,2023-05-31 09:35:00+05:30,2023-05-31 13:35:00+05:30,18557.2,18511.95,18570.72106076837,18511.95,18400.68,True,45.25,73.15,18.9,TRAIL_SL,10729,10777,TP=18401 RR=11.58 space=172pts opp_str=65 no_align
short,B,2023-06-08 12:00:00+05:30,2023-06-08 12:20:00+05:30,18691.55,18701.561041221572,18701.561041221572,18701.561041221572,18596.48,False,-10.01,3.15,14.95,STOP_LOSS,11208,11212,TP=18596 RR=9.50 space=110pts opp_str=68 no_align
long,B,2023-07-03 09:45:00+05:30,2023-07-03 11:05:00+05:30,19312.0,19287.1141884724,19287.1141884724,19287.1141884724,19386.65743458281,False,-24.89,24.1,28.1,STOP_LOSS,12381,12397,TP=19387 RR=3.00 space=ATR_RUNWAY opp_str=? no_align
long,B,2023-07-13 09:35:00+05:30,2023-07-13 11:05:00+05:30,19496.85,19538.5,19468.862608352774,19538.5,19580.81217494167,True,41.65,69.8,2.1,TRAIL_SL,12979,12997,TP=19581 RR=3.00 space=ATR_RUNWAY opp_str=? SUP@19469(str=59)
short,B,2023-07-21 10:20:00+05:30,2023-07-21 11:40:00+05:30,19809.4,19786.25,19831.315702645607,19786.25,19581.82,False,23.15,46.3,9.7,STOP_LOSS,13438,13454,TP=19582 RR=10.38 space=243pts opp_str=62 no_align
short,B,2023-07-21 14:50:00+05:30,2023-07-21 15:00:00+05:30,19721.65,19719.8,19735.178588732568,19735.178588732568,19581.82,False,1.85,21.65,12.85,EOD_EXIT,13492,13494,TP=19582 RR=10.34 space=155pts opp_str=62 no_align
short,B,2023-07-24 11:55:00+05:30,2023-07-24 12:00:00+05:30,19671.25,19684.06642727314,19684.06642727314,19684.06642727314,19581.82,False,-12.82,0.0,29.0,STOP_LOSS,13532,13533,TP=19582 RR=6.98 space=104pts opp_str=59 SUP@19695(str=67)
short,B,2023-08-18 09:50:00+05:30,2023-08-18 11:30:00+05:30,19274.55,19288.64900743722,19288.64900743722,19288.64900743722,18810.1,False,-14.1,20.95,23.95,STOP_LOSS,14857,14877,TP=18810 RR=32.94 space=479pts opp_str=58 SUP@19298(str=54)
long,B,2023-09-11 09:35:00+05:30,2023-09-11 13:40:00+05:30,19910.35,19937.5,19884.295984044205,19937.5,19988.51204786738,True,27.15,51.25,25.65,TRAIL_SL,16054,16103,TP=19989 RR=3.00 space=ATR_RUNWAY opp_str=? no_align
long,B,2023-09-14 09:35:00+05:30,2023-09-14 10:00:00+05:30,20161.3,20136.59074659698,20136.59074659698,20136.59074659698,20235.42776020906,False,-24.71,6.35,43.75,STOP_LOSS,16279,16284,TP=20235 RR=3.00 space=ATR_RUNWAY opp_str=? no_align
short,B,2023-10-25 11:35:00+05:30,2023-10-25 11:55:00+05:30,19229.25,19244.26835274042,19244.26835274042,19244.26835274042,19184.19494177874,False,-15.02,19.45,24.35,STOP_LOSS,18253,18257,TP=19184 RR=3.00 space=ATR_RUNWAY opp_str=? SUP@19258(str=52)
short,B,2023-10-26 09:35:00+05:30,2023-10-26 11:40:00+05:30,18970.2,18872.6,18992.18057798907,18872.6,18904.25826603279,True,97.6,121.05,0.0,TRAIL_SL,18304,18329,TP=18904 RR=3.00 space=ATR_RUNWAY opp_str=? no_align
short,B,2023-10-30 09:40:00+05:30,2023-10-30 10:00:00+05:30,18946.5,18967.668888115542,18967.668888115542,18967.668888115542,18882.993335653377,False,-21.17,6.5,39.15,STOP_LOSS,18455,18459,TP=18883 RR=3.00 space=ATR_RUNWAY opp_str=? no_align
short,B,2023-11-01 10:00:00+05:30,2023-11-01 10:10:00+05:30,19026.15,19042.36247166274,19042.36247166274,19042.36247166274,18977.512585011787,False,-16.21,2.6,19.95,STOP_LOSS,18609,18611,TP=18978 RR=3.00 space=ATR_RUNWAY opp_str=? no_align
long,B,2023-11-29 09:35:00+05:30,2023-11-29 15:00:00+05:30,20004.6,20092.05,19982.783612933075,20067.15,20070.049161200768,True,87.45,87.8,11.5,EOD_EXIT,19954,20019,TP=20070 RR=3.00 space=ATR_RUNWAY opp_str=? no_align
short,B,2023-11-30 10:05:00+05:30,2023-11-30 10:15:00+05:30,20037.7,20056.309544885018,20056.309544885018,20056.309544885018,19889.28,False,-18.61,1.65,32.4,STOP_LOSS,20035,20037,TP=19889 RR=7.98 space=163pts opp_str=76 no_align
long,B,2023-12-01 09:50:00+05:30,2023-12-01 15:00:00+05:30,20254.7,20270.9,20227.83558165623,20227.83558165623,20335.293255031313,False,16.2,36.85,19.4,EOD_EXIT,20107,20169,TP=20335 RR=3.00 space=ATR_RUNWAY opp_str=? no_align
long,B,2023-12-06 09:35:00+05:30,2023-12-06 10:10:00+05:30,20934.35,20900.962704283884,20900.962704283884,20900.962704283884,21034.511887148343,False,-33.39,24.3,39.65,STOP_LOSS,20329,20336,TP=21035 RR=3.00 space=ATR_RUNWAY opp_str=? no_align
short,B,2023-12-13 09:55:00+05:30,2023-12-13 10:10:00+05:30,20832.5,20850.295413387,20850.295413387,20850.295413387,20181.31,False,-17.8,12.7,20.55,STOP_LOSS,20708,20711,TP=20181 RR=36.59 space=666pts opp_str=57 no_align
long,B,2023-12-14 09:45:00+05:30,2023-12-14 14:05:00+05:30,21153.05,21188.15,21122.01625447123,21188.15,21246.151236586313,True,35.1,57.85,20.95,TRAIL_SL,20781,20833,TP=21246 RR=3.00 space=ATR_RUNWAY opp_str=? no_align
long,B,2023-12-15 09:55:00+05:30,2023-12-15 10:40:00+05:30,21287.7,21321.675000000003,21259.11525465681,21321.675000000003,21373.454236029578,True,33.98,67.95,3.9,TRAIL_SL,20858,20867,TP=21373 RR=3.00 space=ATR_RUNWAY opp_str=? no_align
long,B,2023-12-15 14:50:00+05:30,2023-12-15 15:00:00+05:30,21389.5,21426.95,21370.579708304154,21370.579708304154,21446.26087508754,False,37.45,62.45,1.35,EOD_EXIT,20917,20919,TP=21446 RR=3.00 space=ATR_RUNWAY opp_str=? no_align
long,B,2023-12-20 09:35:00+05:30,2023-12-20 10:00:00+05:30,21590.15,21557.824702902053,21557.824702902053,21557.824702902053,21687.12589129385,False,-32.33,2.85,46.7,STOP_LOSS,21079,21084,TP=21687 RR=3.00 space=ATR_RUNWAY opp_str=? no_align
long,B,2023-12-27 09:40:00+05:30,2023-12-27 12:15:00+05:30,21556.0,21579.7,21530.675439629173,21579.7,21631.97368111248,True,23.7,47.4,10.05,TRAIL_SL,21380,21411,TP=21632 RR=3.00 space=ATR_RUNWAY opp_str=? no_align
long,B,2023-12-28 09:45:00+05:30,2023-12-28 10:00:00+05:30,21753.2,21722.34616370644,21722.34616370644,21722.34616370644,21845.76150888069,False,-30.85,5.85,53.55,STOP_LOSS,21456,21459,TP=21846 RR=3.00 space=ATR_RUNWAY opp_str=? no_align
long,B,2024-01-12 10:05:00+05:30,2024-01-12 15:00:00+05:30,21814.05,21892.55,21785.17257692471,21885.0,21900.68226922587,True,78.5,114.2,16.2,EOD_EXIT,22285,22344,TP=21901 RR=3.00 space=ATR_RUNWAY opp_str=? no_align
long,B,2024-02-02 11:30:00+05:30,2024-02-02 11:45:00+05:30,22068.45,22097.625,22038.55565699742,22097.625,22158.133029007735,False,29.17,58.35,4.75,STOP_LOSS,23352,23355,TP=22158 RR=3.00 space=ATR_RUNWAY opp_str=? no_align
long,B,2024-02-02 11:45:00+05:30,2024-02-02 12:20:00+05:30,22080.4,22046.877383236544,22046.877383236544,22046.877383236544,22180.96785029037,False,-33.52,13.75,61.85,STOP_LOSS,23355,23362,TP=22181 RR=3.00 space=ATR_RUNWAY opp_str=? no_align
long,B,2024-02-05 09:50:00+05:30,2024-02-05 10:15:00+05:30,21953.6,21911.211041267306,21911.211041267306,21911.211041267306,22080.766876198075,False,-42.39,9.5,91.4,STOP_LOSS,23407,23412,TP=22081 RR=3.00 space=ATR_RUNWAY opp_str=? no_align
long,B,2024-02-07 09:35:00+05:30,2024-02-07 09:40:00+05:30,22012.65,21975.68046301406,21975.68046301406,21975.68046301406,22123.558610957818,False,-36.97,8.15,47.6,STOP_LOSS,23554,23555,TP=22124 RR=3.00 space=ATR_RUNWAY opp_str=? no_align
long,B,2024-02-23 09:35:00+05:30,2024-02-23 10:35:00+05:30,22259.2,22219.099306696913,22219.099306696913,22219.099306696913,22379.502079909264,False,-40.1,21.55,53.2,STOP_LOSS,24454,24466,TP=22380 RR=3.00 space=ATR_RUNWAY opp_str=? no_align
long,B,2024-03-01 11:35:00+05:30,2024-03-01 15:00:00+05:30,22286.7,22346.6,22259.54720745703,22317.550000000003,22368.158377628908,True,59.9,63.4,18.5,EOD_EXIT,24853,24894,TP=22368 RR=3.00 space=ATR_RUNWAY opp_str=? no_align
long,B,2024-03-06 14:30:00+05:30,2024-03-06 15:00:00+05:30,22443.25,22469.2,22412.865873065173,22412.865873065173,22534.402380804477,False,25.95,30.2,12.6,EOD_EXIT,25134,25140,TP=22534 RR=3.00 space=ATR_RUNWAY opp_str=? no_align
short,B,2024-03-20 10:10:00+05:30,2024-03-20 10:55:00+05:30,21765.05,21737.625,21790.562404709442,21737.625,21648.45,False,27.42,54.85,33.9,STOP_LOSS,25757,25766,TP=21648 RR=4.57 space=132pts opp_str=64 SUP@21801(str=65)
long,B,2024-03-28 14:15:00+05:30,2024-03-28 14:55:00+05:30,22483.95,22458.691146658133,22458.691146658133,22458.691146658133,22559.726560025607,False,-25.26,32.05,67.9,STOP_LOSS,26181,26189,TP=22560 RR=3.00 space=ATR_RUNWAY opp_str=? no_align
long,B,2024-04-04 13:25:00+05:30,2024-04-04 15:00:00+05:30,22544.8,22510.75760649612,22510.75760649612,22510.75760649612,22646.927180511633,False,-34.04,35.4,58.1,STOP_LOSS,26471,26490,TP=22647 RR=3.00 space=ATR_RUNWAY opp_str=? SUP@22523(str=62)
long,B,2024-04-08 09:35:00+05:30,2024-04-08 13:25:00+05:30,22619.9,22673.85,22590.339213763815,22673.85,22708.582358708565,True,53.95,77.4,33.3,TRAIL_SL,26575,26621,TP=22709 RR=3.00 space=ATR_RUNWAY opp_str=? no_align
short,B,2024-04-12 09:40:00+05:30,2024-04-12 10:40:00+05:30,22640.55,22663.256797413473,22663.256797413473,22663.256797413473,22544.43,False,-22.71,14.05,25.4,STOP_LOSS,26801,26813,TP=22544 RR=4.23 space=111pts opp_str=77 no_align
long,B,2024-04-25 14:15:00+05:30,2024-04-25 14:35:00+05:30,22567.55,22595.375,22531.795290739963,22595.375,22674.814127780108,True,27.83,58.4,0.0,TRAIL_SL,27456,27460,TP=22675 RR=3.00 space=ATR_RUNWAY opp_str=? SUP@22529(str=68)
short,B,2024-05-13 09:35:00+05:30,2024-05-13 10:05:00+05:30,21885.95,21857.175000000003,21914.007969253376,21857.175000000003,21794.08,False,28.77,57.55,15.9,STOP_LOSS,28225,28231,TP=21794 RR=3.27 space=107pts opp_str=66 no_align
long,B,2024-05-23 11:55:00+05:30,2024-05-23 13:15:00+05:30,22760.4,22808.6,22735.01836148508,22808.6,22836.54491554477,True,48.2,91.6,15.55,TRAIL_SL,28799,28815,TP=22837 RR=3.00 space=ATR_RUNWAY opp_str=? SUP@22727(str=62)
long,B,2024-05-23 14:15:00+05:30,2024-05-23 15:00:00+05:30,22927.4,22956.3,22896.59444383441,22896.59444383441,23019.81666849678,False,28.9,32.3,35.55,EOD_EXIT,28827,28836,TP=23020 RR=3.00 space=ATR_RUNWAY opp_str=? no_align
long,B,2024-05-27 11:55:00+05:30,2024-05-27 14:35:00+05:30,23068.4,23046.16865956808,23046.16865956808,23046.16865956808,23135.094021295765,False,-22.23,42.4,38.1,STOP_LOSS,28949,28981,TP=23135 RR=3.00 space=ATR_RUNWAY opp_str=? no_align
long,B,2024-06-03 09:55:00+05:30,2024-06-03 13:35:00+05:30,23163.15,23205.85,23070.688339797558,23205.85,23440.534980607335,True,42.7,85.3,28.7,TRAIL_SL,29300,29344,TP=23441 RR=3.00 space=ATR_RUNWAY opp_str=? no_align
long,B,2024-06-06 10:00:00+05:30,2024-06-06 11:30:00+05:30,22784.75,22863.3,22709.21212213155,22863.3,23011.363633605346,True,78.55,125.4,22.45,TRAIL_SL,29526,29544,TP=23011 RR=3.00 space=ATR_RUNWAY opp_str=? no_align
long,B,2024-06-07 09:40:00+05:30,2024-06-07 10:15:00+05:30,22942.5,22973.675,22892.886624582454,22973.675,23091.340126252642,False,31.17,62.35,38.15,STOP_LOSS,29597,29604,TP=23091 RR=3.00 space=ATR_RUNWAY opp_str=? no_align
long,B,2024-06-07 10:25:00+05:30,2024-06-07 15:00:00+05:30,22989.85,23290.3,22939.45897084643,23221.95,23141.023087460708,True,300.45,330.35,11.65,EOD_EXIT,29606,29661,TP=23141 RR=3.00 space=ATR_RUNWAY opp_str=? no_align
long,B,2024-06-12 09:40:00+05:30,2024-06-12 10:05:00+05:30,23372.9,23396.625,23340.21564305275,23396.625,23470.95307084176,False,23.72,47.45,6.05,STOP_LOSS,29822,29827,TP=23471 RR=3.00 space=ATR_RUNWAY opp_str=? no_align
short,B,2024-06-19 10:25:00+05:30,2024-06-19 10:55:00+05:30,23447.35,23472.801657738408,23472.801657738408,23472.801657738408,23318.68,False,-25.45,34.45,70.9,STOP_LOSS,30131,30137,TP=23319 RR=5.06 space=144pts opp_str=74 no_align
short,B,2024-06-24 09:35:00+05:30,2024-06-24 09:50:00+05:30,23369.1,23401.334953771566,23401.334953771566,23401.334953771566,22794.52,False,-32.23,19.1,46.3,STOP_LOSS,30346,30349,TP=22795 RR=17.82 space=590pts opp_str=67 no_align
long,B,2024-06-26 11:30:00+05:30,2024-06-26 15:00:00+05:30,23824.35,23864.2,23799.56929686538,23854.925,23898.692109403855,True,39.85,61.15,33.2,EOD_EXIT,30519,30561,TP=23899 RR=3.00 space=ATR_RUNWAY opp_str=? no_align
long,B,2024-06-27 10:00:00+05:30,2024-06-27 10:30:00+05:30,23951.05,23911.203810023355,23911.203810023355,23911.203810023355,24070.588569929936,False,-39.85,23.65,59.5,STOP_LOSS,30576,30582,TP=24071 RR=3.00 space=ATR_RUNWAY opp_str=? no_align
long,B,2024-06-28 09:35:00+05:30,2024-06-28 12:15:00+05:30,24143.1,24102.13348387953,24102.13348387953,24102.13348387953,24265.9995483614,False,-40.97,30.9,70.4,STOP_LOSS,30646,30678,TP=24266 RR=3.00 space=ATR_RUNWAY opp_str=? no_align
long,B,2024-07-03 09:40:00+05:30,2024-07-03 15:00:00+05:30,24283.35,24269.9,24243.18586483441,24243.18586483441,24403.84240549677,False,-13.45,23.9,47.1,EOD_EXIT,30872,30936,TP=24404 RR=3.00 space=ATR_RUNWAY opp_str=? no_align
long,B,2024-07-04 09:40:00+05:30,2024-07-04 10:20:00+05:30,24392.55,24361.961265615446,24361.961265615446,24361.961265615446,24484.31620315366,False,-30.59,8.45,55.4,STOP_LOSS,30947,30955,TP=24484 RR=3.00 space=ATR_RUNWAY opp_str=? no_align
short,B,2024-07-18 09:35:00+05:30,2024-07-18 09:40:00+05:30,24523.7,24542.84975546886,24542.84975546886,24542.84975546886,24418.82,False,-19.15,1.45,57.2,STOP_LOSS,31621,31622,TP=24419 RR=5.48 space=120pts opp_str=65 no_align
short,B,2024-07-19 10:10:00+05:30,2024-07-19 10:20:00+05:30,24685.85,24706.52880857319,24706.52880857319,24706.52880857319,24418.82,False,-20.68,7.45,32.75,STOP_LOSS,31703,31705,TP=24419 RR=12.91 space=282pts opp_str=65 no_align
long,B,2024-07-26 12:30:00+05:30,2024-07-26 14:20:00+05:30,24692.25,24771.55,24672.166750809378,24771.55,24752.499747571863,True,79.3,126.0,9.45,TRAIL_SL,32106,32128,TP=24752 RR=3.00 space=ATR_RUNWAY opp_str=? SUP@24661(str=67)
long,B,2024-07-29 11:30:00+05:30,2024-07-29 12:10:00+05:30,24973.35,24950.703835328535,24950.703835328535,24950.703835328535,25041.28849401439,False,-22.65,26.4,93.15,STOP_LOSS,32169,32177,TP=25041 RR=3.00 space=ATR_RUNWAY opp_str=? no_align
short,B,2024-08-02 09:40:00+05:30,2024-08-02 10:35:00+05:30,24761.5,24792.665862370155,24792.665862370155,24792.665862370155,24674.57,False,-31.17,37.8,48.1,STOP_LOSS,32447,32458,TP=24675 RR=2.79 space=102pts opp_str=67 no_align
short,B,2024-08-05 11:30:00+05:30,2024-08-05 11:40:00+05:30,23948.2,23995.729408190382,23995.729408190382,23995.729408190382,22096.6,False,-47.53,12.85,84.3,STOP_LOSS,32544,32546,TP=22097 RR=38.96 space=1867pts opp_str=64 no_align
long,B,2024-08-26 09:35:00+05:30,2024-08-26 10:25:00+05:30,24967.85,25005.824999999997,24936.396983185758,25005.824999999997,25062.209050442718,True,37.97,75.95,3.05,TRAIL_SL,33571,33581,TP=25062 RR=3.00 space=ATR_RUNWAY opp_str=? no_align
long,B,2024-08-28 11:40:00+05:30,2024-08-28 12:40:00+05:30,25104.15,25098.9,25079.58399696048,25079.58399696048,25177.84800911857,False,-5.25,9.9,23.35,NO_PROGRESS,33746,33758,TP=25178 RR=3.00 space=ATR_RUNWAY opp_str=? no_align
long,B,2024-09-12 14:20:00+05:30,2024-09-12 15:00:00+05:30,25248.9,25414.45,25200.788438974472,25299.675000000003,25393.234683076585,True,165.55,165.55,10.25,EOD_EXIT,34603,34611,TP=25393 RR=3.00 space=ATR_RUNWAY opp_str=? no_align
long,B,2024-09-16 09:40:00+05:30,2024-09-16 10:35:00+05:30,25434.85,25407.628941243744,25407.628941243744,25407.628941243744,25516.513176268763,False,-27.22,10.85,35.0,STOP_LOSS,34697,34708,TP=25517 RR=3.00 space=ATR_RUNWAY opp_str=? no_align
long,B,2024-09-19 09:40:00+05:30,2024-09-19 09:50:00+05:30,25604.95,25557.049278655522,25557.049278655522,25557.049278655522,25748.65216403344,False,-47.9,7.0,71.65,STOP_LOSS,34922,34924,TP=25749 RR=3.00 space=ATR_RUNWAY opp_str=? no_align
long,B,2024-09-20 09:55:00+05:30,2024-09-20 12:30:00+05:30,25585.15,25692.2,25531.938291845814,25692.2,25744.78512446256,True,107.05,141.5,43.5,TRAIL_SL,35000,35031,TP=25745 RR=3.00 space=ATR_RUNWAY opp_str=? no_align
long,B,2024-09-20 12:45:00+05:30,2024-09-20 13:30:00+05:30,25803.45,25764.256095115456,25764.256095115456,25764.256095115456,25921.031714653633,False,-39.19,3.5,195.45,STOP_LOSS,35034,35043,TP=25921 RR=3.00 space=ATR_RUNWAY opp_str=? no_align
long,B,2024-09-26 14:35:00+05:30,2024-09-26 15:00:00+05:30,26177.2,26233.5,26144.239573616618,26178.2,26276.081279150152,True,56.3,73.7,9.9,EOD_EXIT,35356,35361,TP=26276 RR=3.00 space=ATR_RUNWAY opp_str=? no_align
short,B,2024-09-30 09:35:00+05:30,2024-09-30 10:05:00+05:30,26035.2,25998.375,26062.024806563026,25998.375,25626.95,False,36.83,73.65,0.0,STOP_LOSS,35446,35452,TP=25627 RR=15.22 space=423pts opp_str=70 no_align
short,B,2024-09-30 14:20:00+05:30,2024-09-30 14:50:00+05:30,25807.75,25822.701557410714,25822.701557410714,25822.701557410714,25626.95,False,-14.95,11.1,35.65,STOP_LOSS,35503,35509,TP=25627 RR=12.09 space=196pts opp_str=70 no_align
short,B,2024-10-03 09:55:00+05:30,2024-10-03 15:00:00+05:30,25575.5,25254.3,25608.597717324028,25278.85,25432.3,True,321.2,345.2,5.05,EOD_EXIT,35600,35661,TP=25432 RR=4.33 space=158pts opp_str=65 SUP@25612(str=64)
short,B,2024-10-07 14:25:00+05:30,2024-10-07 14:30:00+05:30,24721.9,24753.169985023138,24753.169985023138,24753.169985023138,24398.79,False,-31.27,0.0,56.95,STOP_LOSS,35804,35805,TP=24399 RR=10.33 space=338pts opp_str=63 no_align
short,B,2024-10-21 09:45:00+05:30,2024-10-21 10:00:00+05:30,24712.55,24745.521697734166,24745.521697734166,24745.521697734166,24351.61,False,-32.97,32.95,101.8,STOP_LOSS,36498,36501,TP=24352 RR=10.95 space=376pts opp_str=63 no_align
short,B,2024-10-23 09:35:00+05:30,2024-10-23 09:45:00+05:30,24411.15,24448.83326230736,24448.83326230736,24448.83326230736,24298.10021307793,False,-37.68,12.65,87.1,STOP_LOSS,36646,36648,TP=24298 RR=3.00 space=ATR_RUNWAY opp_str=? SUP@24443(str=68)
short,B,2024-10-24 09:35:00+05:30,2024-10-24 09:55:00+05:30,24366.0,24392.180410467026,24392.180410467026,24392.180410467026,24287.458768598925,False,-26.18,24.8,47.2,STOP_LOSS,36721,36725,TP=24287 RR=3.00 space=ATR_RUNWAY opp_str=? no_align
short,B,2024-10-25 09:45:00+05:30,2024-10-25 11:15:00+05:30,24305.55,24189.7,24334.87531565048,24189.7,24217.574053048564,True,115.85,192.5,18.15,TRAIL_SL,36798,36816,TP=24218 RR=3.00 space=ATR_RUNWAY opp_str=? no_align
short,B,2024-10-25 11:30:00+05:30,2024-10-25 14:45:00+05:30,24132.65,24103.275,24159.675716280955,24103.275,24051.57285115714,False,29.38,58.75,31.75,STOP_LOSS,36819,36858,TP=24052 RR=3.00 space=ATR_RUNWAY opp_str=? no_align
short,B,2024-11-04 09:45:00+05:30,2024-11-04 09:55:00+05:30,24025.9,24059.199574768376,24059.199574768376,24059.199574768376,23926.00127569488,False,-33.3,8.55,38.4,STOP_LOSS,37173,37175,TP=23926 RR=3.00 space=ATR_RUNWAY opp_str=? no_align
long,B,2024-11-06 14:20:00+05:30,2024-11-06 14:35:00+05:30,24528.45,24503.730532645746,24503.730532645746,24503.730532645746,24639.5,False,-24.72,0.85,46.45,STOP_LOSS,37378,37381,TP=24640 RR=4.49 space=126pts opp_str=67 no_align
short,B,2024-11-11 14:15:00+05:30,2024-11-11 14:25:00+05:30,24092.35,24110.87968089604,24110.87968089604,24110.87968089604,23966.0,False,-18.53,11.75,48.1,STOP_LOSS,37602,37604,TP=23966 RR=6.82 space=141pts opp_str=68 SUP@24117(str=71)
short,B,2024-11-13 09:40:00+05:30,2024-11-13 09:50:00+05:30,23755.6,23732.125,23789.5451705484,23732.125,23653.76448835479,False,23.47,46.95,51.45,STOP_LOSS,37697,37699,TP=23654 RR=3.00 space=ATR_RUNWAY opp_str=? no_align
short,B,2024-11-13 10:00:00+05:30,2024-11-13 10:25:00+05:30,23742.0,23710.675,23779.66203636608,23710.675,23629.013890901755,False,31.33,62.65,7.6,STOP_LOSS,37701,37706,TP=23629 RR=3.00 space=ATR_RUNWAY opp_str=? no_align
short,B,2024-11-13 14:20:00+05:30,2024-11-13 14:50:00+05:30,23612.85,23579.175,23634.20214710859,23579.175,23548.79355867422,False,33.67,67.35,14.2,STOP_LOSS,37753,37759,TP=23549 RR=3.00 space=ATR_RUNWAY opp_str=? no_align
short,B,2024-11-18 09:35:00+05:30,2024-11-18 09:45:00+05:30,23395.05,23424.478295601217,23424.478295601217,23424.478295601217,23306.765113196347,False,-29.43,32.7,44.0,STOP_LOSS,37846,37848,TP=23307 RR=3.00 space=ATR_RUNWAY opp_str=? no_align
short,B,2024-11-21 09:35:00+05:30,2024-11-21 10:00:00+05:30,23283.0,23323.2476716966,23323.2476716966,23323.2476716966,23162.256984910196,False,-40.25,19.85,64.1,STOP_LOSS,37996,38001,TP=23162 RR=3.00 space=ATR_RUNWAY opp_str=? no_align
long,B,2024-11-22 12:05:00+05:30,2024-11-22 15:00:00+05:30,23639.65,23914.65,23596.041432224483,23826.5,23833.82,True,275.0,316.45,31.9,EOD_EXIT,38101,38136,TP=23834 RR=4.45 space=209pts opp_str=68 no_align
long,B,2024-12-04 09:35:00+05:30,2024-12-04 11:55:00+05:30,24543.05,24513.69325147159,24513.69325147159,24513.69325147159,24783.58,False,-29.36,30.15,176.75,STOP_LOSS,38671,38699,TP=24784 RR=8.19 space=256pts opp_str=65 SUP@24503(str=67)
long,B,2024-12-05 12:20:00+05:30,2024-12-05 13:50:00+05:30,24605.55,24637.074999999997,24545.42312830146,24637.074999999997,24783.58,False,31.52,63.05,44.8,STOP_LOSS,38779,38797,TP=24784 RR=2.96 space=193pts opp_str=65 no_align
long,B,2024-12-05 14:25:00+05:30,2024-12-05 14:50:00+05:30,24827.7,24773.614458549044,24773.614458549044,24773.614458549044,24989.956624352875,False,-54.09,30.05,204.5,STOP_LOSS,38804,38809,TP=24990 RR=3.00 space=ATR_RUNWAY opp_str=? SUP@24799(str=65)
short,B,2024-12-06 10:15:00+05:30,2024-12-06 10:20:00+05:30,24628.4,24665.46830015762,24665.46830015762,24665.46830015762,24518.07,False,-37.07,2.05,98.45,STOP_LOSS,38829,38830,TP=24518 RR=2.98 space=125pts opp_str=67 no_align
short,B,2024-12-20 09:55:00+05:30,2024-12-20 10:15:00+05:30,23847.9,23893.693042538544,23893.693042538544,23893.693042538544,23710.520872384375,False,-45.79,40.6,112.9,STOP_LOSS,39575,39579,TP=23711 RR=3.00 space=ATR_RUNWAY opp_str=? no_align
short,B,2025-01-01 09:45:00+05:30,2025-01-01 10:05:00+05:30,23570.65,23594.776668406797,23594.776668406797,23594.776668406797,23498.269994779614,False,-24.13,7.85,36.0,STOP_LOSS,40098,40102,TP=23498 RR=3.00 space=ATR_RUNWAY opp_str=? SUP@23605(str=80)
short,B,2025-01-06 14:35:00+05:30,2025-01-06 14:45:00+05:30,23565.2,23590.653049790195,23590.653049790195,23590.653049790195,23488.84085062942,False,-25.45,13.3,45.5,STOP_LOSS,40381,40383,TP=23489 RR=3.00 space=ATR_RUNWAY opp_str=? SUP@23605(str=80)
short,B,2025-01-10 09:45:00+05:30,2025-01-10 10:05:00+05:30,23419.3,23387.199999999997,23448.748535885836,23387.199999999997,23330.95439234249,False,32.1,74.95,13.85,STOP_LOSS,40623,40627,TP=23331 RR=3.00 space=ATR_RUNWAY opp_str=? no_align
short,B,2025-01-10 14:20:00+05:30,2025-01-10 15:00:00+05:30,23420.15,23398.85,23442.49243247222,23442.49243247222,23353.122702583347,False,21.3,23.3,25.95,EOD_EXIT,40678,40686,TP=23353 RR=3.00 space=ATR_RUNWAY opp_str=? no_align
short,B,2025-01-13 09:35:00+05:30,2025-01-13 10:00:00+05:30,23219.75,23257.94659775299,23257.94659775299,23257.94659775299,23105.160206741024,False,-38.2,23.3,54.85,STOP_LOSS,40696,40701,TP=23105 RR=3.00 space=ATR_RUNWAY opp_str=? no_align
short,B,2025-01-17 09:35:00+05:30,2025-01-17 10:25:00+05:30,23197.85,23228.113950822146,23228.113950822146,23228.113950822146,23107.058147533557,False,-30.26,27.25,66.3,STOP_LOSS,40996,41006,TP=23107 RR=3.00 space=ATR_RUNWAY opp_str=? no_align
short,B,2025-01-24 14:35:00+05:30,2025-01-24 14:55:00+05:30,23105.1,23077.55,23128.274633451252,23077.55,23035.576099646238,False,27.55,55.1,7.55,STOP_LOSS,41431,41435,TP=23036 RR=3.00 space=ATR_RUNWAY opp_str=? no_align
short,B,2025-01-27 10:15:00+05:30,2025-01-27 10:45:00+05:30,22900.5,22863.675,22929.64845318898,22863.675,22813.054640433056,False,36.83,73.65,9.0,STOP_LOSS,41454,41460,TP=22813 RR=3.00 space=ATR_RUNWAY opp_str=? no_align
short,B,2025-02-12 09:35:00+05:30,2025-02-12 10:30:00+05:30,22924.95,22861.65,22953.25057804948,22861.65,22840.04826585157,True,63.3,126.6,7.35,TRAIL_SL,42421,42432,TP=22840 RR=3.00 space=ATR_RUNWAY opp_str=? no_align
short,B,2025-02-14 12:00:00+05:30,2025-02-14 13:15:00+05:30,22850.1,22812.475,22878.703670091374,22812.475,22764.288989725872,False,37.62,75.25,16.85,STOP_LOSS,42600,42615,TP=22764 RR=3.00 space=ATR_RUNWAY opp_str=? no_align
short,B,2025-02-17 09:35:00+05:30,2025-02-17 10:25:00+05:30,22776.3,22817.185223871697,22817.185223871697,22817.185223871697,22653.644328384904,False,-40.89,36.1,51.55,STOP_LOSS,42646,42656,TP=22654 RR=3.00 space=ATR_RUNWAY opp_str=? no_align
short,B,2025-02-20 09:45:00+05:30,2025-02-20 09:50:00+05:30,22825.2,22851.319171516636,22851.319171516636,22851.319171516636,22746.8424854501,False,-26.12,1.8,43.2,STOP_LOSS,42873,42874,TP=22747 RR=3.00 space=ATR_RUNWAY opp_str=? no_align
short,B,2025-02-21 09:40:00+05:30,2025-02-21 10:30:00+05:30,22843.5,22788.4,22860.460971061755,22788.4,22792.61708681473,True,55.1,110.2,9.45,TRAIL_SL,42947,42957,TP=22793 RR=3.00 space=ATR_RUNWAY opp_str=? no_align
short,B,2025-02-24 09:35:00+05:30,2025-02-24 11:45:00+05:30,22586.25,22613.91814058164,22613.91814058164,22613.91814058164,22503.245578255075,False,-27.67,37.9,33.8,STOP_LOSS,43021,43047,TP=22503 RR=3.00 space=ATR_RUNWAY opp_str=? no_align
short,B,2025-02-28 09:35:00+05:30,2025-02-28 12:25:00+05:30,22266.5,22242.0,22296.62381975322,22242.0,22176.12854074035,False,24.5,49.0,34.0,STOP_LOSS,43246,43280,TP=22176 RR=3.00 space=ATR_RUNWAY opp_str=? no_align
short,B,2025-02-28 12:35:00+05:30,2025-02-28 13:45:00+05:30,22184.35,22144.75,22201.29096266151,22144.75,22133.527112015465,True,39.6,79.2,1.55,TRAIL_SL,43282,43296,TP=22134 RR=3.00 space=ATR_RUNWAY opp_str=? no_align
short,B,2025-03-03 09:55:00+05:30,2025-03-03 10:15:00+05:30,22067.5,22039.875,22097.988897400595,22039.875,21976.033307798214,False,27.62,55.25,4.7,STOP_LOSS,43325,43329,TP=21976 RR=3.00 space=ATR_RUNWAY opp_str=? no_align
long,B,2025-03-05 11:35:00+05:30,2025-03-05 12:55:00+05:30,22329.8,22362.35,22309.151949923704,22362.35,22803.75,True,32.55,65.1,9.35,TRAIL_SL,43495,43511,TP=22804 RR=22.95 space=489pts opp_str=68 no_align
long,B,2025-03-06 12:50:00+05:30,2025-03-06 14:25:00+05:30,22468.8,22498.875,22438.65887283326,22498.875,22803.75,True,30.08,60.15,22.35,TRAIL_SL,43585,43604,TP=22804 RR=11.11 space=350pts opp_str=68 no_align
long,B,2025-03-07 10:05:00+05:30,2025-03-07 11:25:00+05:30,22584.9,22609.35,22540.663785573815,22609.35,22803.75,False,24.45,48.9,17.05,STOP_LOSS,43627,43643,TP=22804 RR=4.95 space=234pts opp_str=68 no_align
long,B,2025-03-10 09:40:00+05:30,2025-03-10 10:25:00+05:30,22653.85,22619.488339967236,22619.488339967236,22619.488339967236,22803.75,False,-34.36,22.9,49.8,STOP_LOSS,43697,43706,TP=22804 RR=4.36 space=165pts opp_str=68 no_align
short,B,2025-03-13 11:50:00+05:30,2025-03-13 11:55:00+05:30,22404.8,22423.026191169763,22423.026191169763,22423.026191169763,22311.4,False,-18.23,1.65,27.8,STOP_LOSS,43948,43949,TP=22311 RR=5.12 space=108pts opp_str=67 SUP@22429(str=69)
long,B,2025-03-19 10:15:00+05:30,2025-03-19 15:00:00+05:30,22899.35,22919.4,22866.903638525346,22866.903638525346,22986.47,False,20.05,41.35,34.05,EOD_EXIT,44154,44211,TP=22986 RR=2.69 space=102pts opp_str=66 SUP@22865(str=76)
long,B,2025-03-21 09:35:00+05:30,2025-03-21 13:15:00+05:30,23247.5,23368.05,23212.478458263973,23368.05,23375.4,True,120.55,155.2,8.0,TRAIL_SL,44296,44340,TP=23375 RR=3.65 space=143pts opp_str=67 no_align
short,B,2025-04-07 09:35:00+05:30,2025-04-07 09:45:00+05:30,22036.05,22006.55,22152.431734000485,22006.55,21686.90479799854,False,29.5,76.3,18.3,STOP_LOSS,45046,45048,TP=21687 RR=3.00 space=ATR_RUNWAY opp_str=? no_align
short,B,2025-04-07 09:45:00+05:30,2025-04-07 10:25:00+05:30,22022.7,21960.5,22124.544946871476,21960.5,21717.165159385575,True,62.2,124.4,27.95,TRAIL_SL,45048,45056,TP=21717 RR=3.00 space=ATR_RUNWAY opp_str=? no_align
short,B,2025-04-07 12:00:00+05:30,2025-04-07 12:40:00+05:30,21938.1,21867.5,21968.488491716118,21867.5,21846.934524851637,True,70.6,141.2,8.65,TRAIL_SL,45075,45083,TP=21847 RR=3.00 space=ATR_RUNWAY opp_str=? no_align
short,B,2025-04-09 09:35:00+05:30,2025-04-09 09:40:00+05:30,22391.35,22433.45020069474,22433.45020069474,22433.45020069474,22265.04939791577,False,-42.1,17.3,76.5,STOP_LOSS,45196,45197,TP=22265 RR=3.00 space=ATR_RUNWAY opp_str=? no_align
short,B,2025-04-11 14:15:00+05:30,2025-04-11 14:40:00+05:30,22780.65,22800.189145000364,22800.189145000364,22800.189145000364,22691.75,False,-19.54,18.65,25.15,STOP_LOSS,45327,45332,TP=22692 RR=4.55 space=104pts opp_str=74 no_align
long,B,2025-04-16 14:15:00+05:30,2025-04-16 15:00:00+05:30,23421.35,23437.55,23391.408470525545,23391.408470525545,23515.7,False,16.2,16.2,25.65,EOD_EXIT,45477,45486,TP=23516 RR=3.15 space=109pts opp_str=74 no_align
long,B,2025-04-17 11:35:00+05:30,2025-04-17 14:20:00+05:30,23558.0,23822.55,23519.036101570007,23822.55,23674.89169528998,True,264.55,313.6,6.45,TRAIL_SL,45520,45553,TP=23675 RR=3.00 space=ATR_RUNWAY opp_str=? SUP@23531(str=74)
long,B,2025-04-21 09:35:00+05:30,2025-04-21 13:15:00+05:30,24021.85,24164.75,23967.735657136796,24164.75,24184.19302858961,True,142.9,167.7,39.65,TRAIL_SL,45571,45615,TP=24184 RR=3.00 space=ATR_RUNWAY opp_str=? no_align
long,B,2025-04-23 09:45:00+05:30,2025-04-23 10:00:00+05:30,24340.45,24291.134349024545,24291.134349024545,24291.134349024545,24488.396952926367,False,-49.32,0.2,64.9,STOP_LOSS,45723,45726,TP=24488 RR=3.00 space=ATR_RUNWAY opp_str=? no_align
short,B,2025-04-25 09:55:00+05:30,2025-04-25 10:10:00+05:30,24080.3,24015.225,24113.77996346259,24015.225,23728.5,True,65.08,130.15,0.35,TRAIL_SL,45875,45878,TP=23728 RR=10.51 space=367pts opp_str=73 no_align
short,B,2025-04-25 10:10:00+05:30,2025-04-25 10:45:00+05:30,24033.65,23971.125,24076.711616215503,23971.125,23728.5,True,62.53,125.05,10.0,TRAIL_SL,45878,45885,TP=23728 RR=7.09 space=320pts opp_str=73 no_align
short,B,2025-04-25 11:30:00+05:30,2025-04-25 11:35:00+05:30,23890.7,23920.412687974425,23920.412687974425,23920.412687974425,23728.5,False,-29.71,4.6,32.5,STOP_LOSS,45894,45895,TP=23728 RR=5.46 space=177pts opp_str=73 no_align
long,B,2025-04-28 12:15:00+05:30,2025-04-28 14:35:00+05:30,24327.65,24298.12176554445,24298.12176554445,24298.12176554445,24416.23470336666,False,-29.53,27.45,46.75,STOP_LOSS,45978,46006,TP=24416 RR=3.00 space=ATR_RUNWAY opp_str=? no_align
long,B,2025-05-02 09:35:00+05:30,2025-05-02 10:15:00+05:30,24538.85,24564.0,24474.202974829204,24564.0,24732.791075512385,False,25.15,50.3,24.3,STOP_LOSS,46171,46179,TP=24733 RR=3.00 space=ATR_RUNWAY opp_str=? no_align
long,B,2025-05-05 09:45:00+05:30,2025-05-05 10:10:00+05:30,24454.0,24482.65,24406.935393293927,24482.65,24595.19382011822,True,28.65,57.3,4.6,TRAIL_SL,46248,46253,TP=24595 RR=3.00 space=ATR_RUNWAY opp_str=? no_align
short,B,2025-05-09 09:50:00+05:30,2025-05-09 10:10:00+05:30,24032.3,23990.75,24076.87740568756,23990.75,23661.65,False,41.55,83.1,31.15,STOP_LOSS,46549,46553,TP=23662 RR=8.31 space=386pts opp_str=67 SUP@24072(str=65)
long,B,2025-05-12 10:15:00+05:30,2025-05-12 11:55:00+05:30,24691.05,24718.4,24638.072337041376,24718.4,24849.98298887587,False,27.35,54.7,21.95,STOP_LOSS,46629,46649,TP=24850 RR=3.00 space=ATR_RUNWAY opp_str=? no_align
long,B,2025-05-12 12:30:00+05:30,2025-05-12 15:00:00+05:30,24786.3,24909.2,24756.028721114202,24859.85,24877.113836657387,True,122.9,144.1,13.95,EOD_EXIT,46656,46686,TP=24877 RR=3.00 space=ATR_RUNWAY opp_str=? no_align
long,B,2025-05-15 13:10:00+05:30,2025-05-15 15:00:00+05:30,24886.3,25079.85,24817.690097979255,25048.25,25092.129706062235,True,193.55,229.95,37.5,EOD_EXIT,46889,46911,TP=25092 RR=3.00 space=ATR_RUNWAY opp_str=? no_align
long,B,2025-05-26 09:45:00+05:30,2025-05-26 10:15:00+05:30,25063.05,25022.692011734845,25022.692011734845,25022.692011734845,25184.12396479546,False,-40.36,10.85,48.8,STOP_LOSS,47373,47379,TP=25184 RR=3.00 space=ATR_RUNWAY opp_str=? SUP@25035(str=68)
long,B,2025-06-09 09:40:00+05:30,2025-06-09 15:00:00+05:30,25108.4,25102.2,25071.269247107426,25071.269247107426,25219.79225867773,False,-6.2,34.3,24.9,EOD_EXIT,48122,48186,TP=25220 RR=3.00 space=ATR_RUNWAY opp_str=? no_align
long,B,2025-06-26 09:50:00+05:30,2025-06-26 10:05:00+05:30,25392.15,25415.025,25359.04325805602,25415.025,25491.470225831945,False,22.88,45.75,7.6,STOP_LOSS,49099,49102,TP=25491 RR=3.00 space=ATR_RUNWAY opp_str=? no_align
long,B,2025-06-26 14:15:00+05:30,2025-06-26 15:00:00+05:30,25523.15,25560.25,25487.54031308711,25487.54031308711,25629.979060738675,False,37.1,40.1,42.8,EOD_EXIT,49152,49161,TP=25630 RR=3.00 space=ATR_RUNWAY opp_str=? no_align
short,B,2025-06-30 09:45:00+05:30,2025-06-30 10:15:00+05:30,25569.4,25588.454265706554,25588.454265706554,25588.454265706554,25212.75,False,-19.05,25.7,30.6,STOP_LOSS,49248,49254,TP=25213 RR=18.72 space=372pts opp_str=70 no_align
short,B,2025-07-03 14:30:00+05:30,2025-07-03 15:00:00+05:30,25426.3,25399.45,25445.139141060157,25445.139141060157,25212.75,False,26.85,41.95,22.3,EOD_EXIT,49530,49536,TP=25213 RR=11.34 space=229pts opp_str=65 no_align
short,B,2025-07-11 10:00:00+05:30,2025-07-11 12:30:00+05:30,25258.9,25174.15,25277.35899366115,25174.15,25178.65,True,84.75,122.15,12.6,TRAIL_SL,49926,49956,TP=25179 RR=4.35 space=95pts opp_str=66 no_align
short,B,2025-08-07 09:55:00+05:30,2025-08-07 11:35:00+05:30,24481.35,24434.449999999997,24499.779009169502,24434.449999999997,24426.06297249149,False,46.9,93.8,6.5,STOP_LOSS,51350,51370,TP=24426 RR=3.00 space=ATR_RUNWAY opp_str=? no_align
short,B,2025-08-08 10:05:00+05:30,2025-08-08 12:25:00+05:30,24451.2,24426.725,24470.463196764966,24426.725,24393.410409705102,False,24.48,48.95,30.05,STOP_LOSS,51427,51455,TP=24393 RR=3.00 space=ATR_RUNWAY opp_str=? no_align
long,B,2025-09-17 09:35:00+05:30,2025-09-17 10:35:00+05:30,25338.35,25328.55,25306.165665575198,25306.165665575198,25434.9030032744,False,-9.8,3.8,32.9,NO_PROGRESS,53371,53383,TP=25435 RR=3.00 space=ATR_RUNWAY opp_str=? no_align
long,B,2025-10-16 09:45:00+05:30,2025-10-16 15:00:00+05:30,25437.85,25599.4,25411.109576477615,25576.55,25518.07127056715,True,161.55,187.55,20.3,EOD_EXIT,54873,54936,TP=25518 RR=3.00 space=ATR_RUNWAY opp_str=? no_align
long,B,2025-10-17 10:05:00+05:30,2025-10-17 12:45:00+05:30,25660.25,25745.5,25625.256394340446,25745.5,25765.230816978663,True,85.25,121.25,2.25,TRAIL_SL,54952,54984,TP=25765 RR=3.00 space=ATR_RUNWAY opp_str=? no_align
long,B,2025-10-23 10:05:00+05:30,2025-10-23 10:50:00+05:30,26088.65,26053.657388773066,26053.657388773066,26053.657388773066,26193.627833680806,False,-34.99,11.05,41.05,STOP_LOSS,55114,55123,TP=26194 RR=3.00 space=ATR_RUNWAY opp_str=? no_align
short,B,2025-10-24 10:15:00+05:30,2025-10-24 11:35:00+05:30,25833.95,25808.85,25857.432119978963,25808.85,25637.93,False,25.1,50.2,10.9,STOP_LOSS,55191,55207,TP=25638 RR=8.35 space=211pts opp_str=69 no_align
long,B,2025-10-29 10:25:00+05:30,2025-10-29 13:45:00+05:30,26042.5,26070.175,26012.13661631493,26070.175,26133.590151055214,True,27.67,55.35,34.6,TRAIL_SL,55418,55458,TP=26134 RR=3.00 space=ATR_RUNWAY opp_str=? SUP@26006(str=64)
short,B,2025-11-06 10:10:00+05:30,2025-11-06 11:00:00+05:30,25542.75,25564.421324011746,25564.421324011746,25564.421324011746,25280.37,False,-21.67,22.0,30.65,STOP_LOSS,55790,55800,TP=25280 RR=12.11 space=277pts opp_str=66 no_align
long,B,2025-12-01 09:35:00+05:30,2025-12-01 09:50:00+05:30,26311.0,26282.600648800297,26282.600648800297,26282.600648800297,26396.19805359911,False,-28.4,3.7,41.0,STOP_LOSS,57058,57061,TP=26396 RR=3.00 space=ATR_RUNWAY opp_str=? no_align
long,B,2026-01-05 10:20:00+05:30,2026-01-05 11:20:00+05:30,26367.7,26320.75,26337.78879144573,26337.78879144573,26457.43362566281,False,-46.95,5.5,47.3,NO_PROGRESS,58867,58879,TP=26457 RR=3.00 space=ATR_RUNWAY opp_str=? no_align
short,B,2026-01-12 11:30:00+05:30,2026-01-12 11:50:00+05:30,25475.0,25491.653390843643,25491.653390843643,25491.653390843643,25282.3,False,-16.65,1.6,24.95,STOP_LOSS,59256,59260,TP=25282 RR=11.57 space=208pts opp_str=51 no_align
short,B,2026-01-21 09:35:00+05:30,2026-01-21 11:10:00+05:30,25189.45,25035.8,25228.703531478917,25035.8,25071.689405563247,True,153.65,269.65,34.3,TRAIL_SL,59683,59702,TP=25072 RR=3.00 space=ATR_RUNWAY opp_str=? no_align
short,B,2026-01-22 11:40:00+05:30,2026-01-22 12:10:00+05:30,25206.85,25232.638308270172,25232.638308270172,25232.638308270172,25129.48507518948,False,-25.79,29.0,34.65,STOP_LOSS,59783,59789,TP=25129 RR=3.00 space=ATR_RUNWAY opp_str=? no_align
short,B,2026-01-23 13:20:00+05:30,2026-01-23 14:30:00+05:30,25128.0,25080.25,25148.34459185703,25080.25,25066.966224428917,True,47.75,87.0,20.25,TRAIL_SL,59878,59892,TP=25067 RR=3.00 space=ATR_RUNWAY opp_str=? no_align
short,B,2026-02-01 12:25:00+05:30,2026-02-01 12:35:00+05:30,24906.25,24739.0,24974.773120138307,24739.0,24700.68063958508,False,167.25,334.5,108.9,STOP_LOSS,60242,60244,TP=24701 RR=3.00 space=ATR_RUNWAY opp_str=? no_align
short,B,2026-02-01 12:45:00+05:30,2026-02-01 12:55:00+05:30,24971.9,25066.92838931892,25066.92838931892,25066.92838931892,24686.81483204325,False,-95.03,22.75,124.6,STOP_LOSS,60246,60248,TP=24687 RR=3.00 space=ATR_RUNWAY opp_str=? SUP@24998(str=64)
short,B,2026-02-02 10:00:00+05:30,2026-02-02 11:30:00+05:30,24816.65,24748.025,24862.669345920043,24748.025,24678.591962239876,True,68.62,137.25,57.0,TRAIL_SL,60288,60306,TP=24679 RR=3.00 space=ATR_RUNWAY opp_str=? no_align
short,B,2026-02-06 09:40:00+05:30,2026-02-06 09:45:00+05:30,25526.3,25547.13268128356,25547.13268128356,25547.13268128356,25266.92,False,-20.83,0.0,42.7,STOP_LOSS,60584,60585,TP=25267 RR=12.45 space=274pts opp_str=77 SUP@25564(str=73)
short,B,2026-02-13 09:35:00+05:30,2026-02-13 10:35:00+05:30,25538.3,25568.3932715097,25568.3932715097,25568.3932715097,25333.7,False,-30.09,25.0,43.35,STOP_LOSS,60958,60970,TP=25334 RR=6.80 space=220pts opp_str=68 SUP@25564(str=70)
short,B,2026-02-19 14:40:00+05:30,2026-02-19 15:00:00+05:30,25518.2,25504.65,25540.43260970578,25540.43260970578,25333.7,False,13.55,52.4,17.2,EOD_EXIT,61319,61323,TP=25334 RR=8.30 space=200pts opp_str=68 no_align
short,B,2026-03-02 09:35:00+05:30,2026-03-02 09:55:00+05:30,24949.8,24916.5,25014.087487024608,24916.5,24756.937538926173,False,33.3,66.6,39.55,STOP_LOSS,61783,61787,TP=24757 RR=3.00 space=ATR_RUNWAY opp_str=? no_align
short,B,2026-03-02 10:00:00+05:30,2026-03-02 11:05:00+05:30,24898.25,24855.25,24951.052156141337,24855.25,24739.84353157599,True,43.0,86.0,11.35,TRAIL_SL,61788,61801,TP=24740 RR=3.00 space=ATR_RUNWAY opp_str=? no_align
short,B,2026-03-02 12:00:00+05:30,2026-03-02 14:05:00+05:30,24773.7,24688.6,24792.175727685848,24688.6,24718.272816942455,True,85.1,170.2,7.5,TRAIL_SL,61812,61837,TP=24718 RR=3.00 space=ATR_RUNWAY opp_str=? no_align
short,B,2026-03-04 09:55:00+05:30,2026-03-04 10:10:00+05:30,24325.9,24375.890334719057,24375.890334719057,24375.890334719057,24175.928995842834,False,-49.99,20.5,88.9,STOP_LOSS,61862,61865,TP=24176 RR=3.00 space=ATR_RUNWAY opp_str=? no_align
short,B,2026-03-06 09:55:00+05:30,2026-03-06 10:15:00+05:30,24625.15,24657.575415571184,24657.575415571184,24657.575415571184,24527.873753286454,False,-32.43,8.2,50.3,STOP_LOSS,62012,62016,TP=24528 RR=3.00 space=ATR_RUNWAY opp_str=? no_align
short,B,2026-03-09 09:40:00+05:30,2026-03-09 10:05:00+05:30,23735.65,23800.35035999127,23800.35035999127,23800.35035999127,23541.5489200262,False,-64.7,23.8,77.45,STOP_LOSS,62084,62089,TP=23542 RR=3.00 space=ATR_RUNWAY opp_str=? no_align
short,B,2026-03-11 09:50:00+05:30,2026-03-11 10:55:00+05:30,24148.55,24098.8,24178.234697693762,24098.8,24059.495906918713,True,49.75,99.5,22.0,TRAIL_SL,62236,62249,TP=24059 RR=3.00 space=ATR_RUNWAY opp_str=? no_align
short,B,2026-03-11 11:30:00+05:30,2026-03-11 13:20:00+05:30,24001.2,23957.325,24023.90477414952,23957.325,23933.085677551444,False,43.88,87.75,23.0,STOP_LOSS,62256,62278,TP=23933 RR=3.00 space=ATR_RUNWAY opp_str=? no_align
short,B,2026-03-11 14:20:00+05:30,2026-03-11 14:25:00+05:30,23900.1,23920.30564593574,23920.30564593574,23920.30564593574,23839.48306219278,False,-20.21,8.1,74.5,STOP_LOSS,62290,62291,TP=23839 RR=3.00 space=ATR_RUNWAY opp_str=? no_align
short,B,2026-03-12 09:35:00+05:30,2026-03-12 09:45:00+05:30,23572.85,23612.19575805708,23612.19575805708,23612.19575805708,23454.812725828753,False,-39.35,3.45,51.7,STOP_LOSS,62308,62310,TP=23455 RR=3.00 space=ATR_RUNWAY opp_str=? no_align
short,B,2026-03-13 09:40:00+05:30,2026-03-13 10:55:00+05:30,23425.25,23365.0,23462.824573786635,23365.0,23312.5262786401,True,60.25,119.5,1.6,TRAIL_SL,62384,62399,TP=23313 RR=3.00 space=ATR_RUNWAY opp_str=? no_align
short,B,2026-03-13 12:20:00+05:30,2026-03-13 12:45:00+05:30,23269.05,23231.3,23291.136540549487,23231.3,23202.790378351536,False,37.75,75.5,22.2,STOP_LOSS,62416,62421,TP=23203 RR=3.00 space=ATR_RUNWAY opp_str=? no_align
short,B,2026-03-13 13:05:00+05:30,2026-03-13 13:25:00+05:30,23197.15,23166.825,23220.669656950125,23166.825,23126.591029149626,False,30.33,60.65,13.05,STOP_LOSS,62425,62429,TP=23127 RR=3.00 space=ATR_RUNWAY opp_str=? no_align
short,B,2026-03-16 10:20:00+05:30,2026-03-16 10:55:00+05:30,23056.7,23020.925000000003,23092.20916318375,23020.925000000003,22950.172510448756,True,35.77,101.45,20.05,TRAIL_SL,62467,62474,TP=22950 RR=3.00 space=ATR_RUNWAY opp_str=? no_align
short,B,2026-03-19 09:35:00+05:30,2026-03-19 10:20:00+05:30,23257.25,23230.65,23314.3330906321,23230.65,23086.0007281037,False,26.6,53.2,24.4,STOP_LOSS,62683,62692,TP=23086 RR=3.00 space=ATR_RUNWAY opp_str=? no_align
short,B,2026-03-19 13:20:00+05:30,2026-03-19 13:35:00+05:30,23182.75,23203.068121573328,23203.068121573328,23203.068121573328,23121.795635280017,False,-20.32,10.6,21.75,STOP_LOSS,62728,62731,TP=23122 RR=3.00 space=ATR_RUNWAY opp_str=? no_align
short,B,2026-03-20 12:20:00+05:30,2026-03-20 12:35:00+05:30,23155.05,23179.365504274912,23179.365504274912,23179.365504274912,23082.103487175264,False,-24.32,34.7,36.7,STOP_LOSS,62791,62794,TP=23082 RR=3.00 space=ATR_RUNWAY opp_str=? no_align
short,B,2026-03-23 09:40:00+05:30,2026-03-23 13:35:00+05:30,22706.4,22517.55,22756.503717835527,22517.55,22556.08884649343,True,188.85,235.15,0.25,TRAIL_SL,62834,62881,TP=22556 RR=3.00 space=ATR_RUNWAY opp_str=? no_align
short,B,2026-03-27 09:50:00+05:30,2026-03-27 10:25:00+05:30,23015.35,22991.324999999997,23049.977476778826,22991.324999999997,22911.46756966352,False,24.03,48.05,19.6,STOP_LOSS,63061,63068,TP=22911 RR=3.00 space=ATR_RUNWAY opp_str=? no_align
short,B,2026-03-27 14:30:00+05:30,2026-03-27 15:00:00+05:30,22856.7,22831.3,22876.96551330675,22876.96551330675,22795.90346007975,False,25.4,43.05,12.5,EOD_EXIT,63117,63123,TP=22796 RR=3.00 space=ATR_RUNWAY opp_str=? no_align
short,B,2026-03-30 09:45:00+05:30,2026-03-30 11:35:00+05:30,22630.45,22511.3,22680.97099514572,22511.3,22478.887014562843,True,119.15,176.45,35.05,TRAIL_SL,63135,63157,TP=22479 RR=3.00 space=ATR_RUNWAY opp_str=? no_align
short,B,2026-03-30 14:15:00+05:30,2026-03-30 15:00:00+05:30,22411.55,22291.2,22434.304631530296,22374.675,22343.286105409108,True,120.35,127.7,20.3,EOD_EXIT,63189,63198,TP=22343 RR=3.00 space=ATR_RUNWAY opp_str=? no_align
short,B,2026-04-02 09:35:00+05:30,2026-04-02 10:10:00+05:30,22251.45,22217.725,22301.71108017142,22217.725,22100.666759485746,False,33.73,68.9,26.65,STOP_LOSS,63283,63290,TP=22101 RR=3.00 space=ATR_RUNWAY opp_str=? no_align
short,B,2026-04-02 10:15:00+05:30,2026-04-02 10:55:00+05:30,22206.55,22242.532615409364,22242.532615409364,22242.532615409364,22098.602153771903,False,-35.98,17.6,42.95,STOP_LOSS,63291,63299,TP=22099 RR=3.00 space=ATR_RUNWAY opp_str=? no_align
long,B,2026-04-08 09:35:00+05:30,2026-04-08 09:50:00+05:30,23913.35,23937.225,23797.994388499174,23937.225,24902.32,False,23.88,47.9,13.85,STOP_LOSS,63508,63511,TP=24902 RR=8.57 space=1004pts opp_str=66 no_align
long,B,2026-04-08 09:50:00+05:30,2026-04-08 11:25:00+05:30,23922.05,23979.25,23830.861484898574,23976.3,24902.32,True,57.2,91.95,52.95,EOD_EXIT,63511,63530,TP=24902 RR=10.75 space=995pts opp_str=66 no_align
