direction,entry_time,exit_time,entry_price,exit_price,sl_at_entry,sl_at_exit,adx_tier,be_triggered,micro_triggered,pnl,mfe_pts,mae_pts,exit_reason
short,2024-12-09 10:25:00+05:30,2024-12-09 10:45:00+05:30,24611.95,24625.474246042497,24632.236369063747,24625.474246042497,2,False,True,-13.52,22.9,34.1,MICRO_SL
short,2024-12-09 10:55:00+05:30,2024-12-09 11:10:00+05:30,24614.8,24633.13009463258,24633.13009463258,24633.13009463258,2,False,False,-18.33,6.65,22.2,STOP_LOSS
short,2024-12-10 13:00:00+05:30,2024-12-10 13:20:00+05:30,24572.15,24538.201813448653,24586.902544371616,24538.201813448653,2,True,True,33.95,46.2,4.75,TRAIL_SL
short,2024-12-10 13:30:00+05:30,2024-12-10 13:55:00+05:30,24555.8,24536.832719455746,24571.75409151568,24536.832719455746,3,True,False,18.97,45.15,14.15,TRAIL_SL
short,2024-12-10 13:55:00+05:30,2024-12-10 14:25:00+05:30,24538.5,24555.042306371863,24555.042306371863,24555.042306371863,3,False,False,-16.54,15.65,24.05,STOP_LOSS
short,2024-12-13 10:55:00+05:30,2024-12-13 11:15:00+05:30,24260.0,24290.41087756103,24290.41087756103,24290.41087756103,3,False,False,-30.41,23.4,83.0,STOP_LOSS
long,2024-12-13 14:50:00+05:30,2024-12-13 15:10:00+05:30,24733.25,24772.229328637146,24694.760959157982,24772.229328637146,2,True,True,38.98,57.0,5.25,TRAIL_SL
short,2024-12-17 10:45:00+05:30,2024-12-17 11:05:00+05:30,24461.9,24486.530136323443,24486.530136323443,24486.530136323443,3,False,False,-24.63,24.15,38.2,STOP_LOSS
short,2024-12-17 13:35:00+05:30,2024-12-17 14:15:00+05:30,24373.9,24346.689650870758,24396.344344485267,24346.689650870758,2,True,True,27.21,43.5,14.4,TRAIL_SL
short,2024-12-19 10:20:00+05:30,2024-12-19 11:35:00+05:30,23951.65,23980.280325469477,23980.280325469477,23980.280325469477,2,False,False,-28.63,18.8,53.25,STOP_LOSS
short,2024-12-20 13:30:00+05:30,2024-12-20 14:15:00+05:30,23756.5,23707.967324366797,23778.316777815515,23707.967324366797,3,True,False,48.53,80.3,0.25,TRAIL_SL
short,2024-12-20 14:15:00+05:30,2024-12-20 15:20:00+05:30,23708.45,23578.187893276227,23728.727300698683,23578.187893276227,3,True,False,130.26,171.1,16.75,TRAIL_SL
short,2024-12-23 13:50:00+05:30,2024-12-23 14:15:00+05:30,23686.1,23699.76855192526,23706.602827887888,23699.76855192526,2,False,True,-13.67,25.9,54.6,MICRO_SL
long,2024-12-27 10:40:00+05:30,2024-12-27 11:00:00+05:30,23913.35,23889.035899691007,23889.035899691007,23889.035899691007,3,False,False,-24.31,1.35,28.85,STOP_LOSS
short,2024-12-30 10:00:00+05:30,2024-12-30 10:25:00+05:30,23760.65,23785.33135124143,23785.33135124143,23785.33135124143,2,False,False,-24.68,14.1,35.65,STOP_LOSS
short,2024-12-30 14:30:00+05:30,2024-12-30 14:55:00+05:30,23658.25,23678.83542287042,23678.83542287042,23678.83542287042,3,False,False,-20.59,17.4,49.25,STOP_LOSS
short,2024-12-31 10:30:00+05:30,2024-12-31 10:50:00+05:30,23519.55,23549.412085729396,23549.412085729396,23549.412085729396,2,False,False,-29.86,2.6,72.5,STOP_LOSS
long,2025-01-01 14:15:00+05:30,2025-01-01 14:50:00+05:30,23782.15,23756.31261760158,23756.31261760158,23756.31261760158,2,False,False,-25.84,15.5,37.45,STOP_LOSS
short,2025-01-06 14:15:00+05:30,2025-01-06 14:40:00+05:30,23651.05,23572.263447854537,23677.83107543953,23572.263447854537,2,True,True,78.79,99.15,9.15,TRAIL_SL
short,2025-01-06 14:45:00+05:30,2025-01-06 14:55:00+05:30,23605.1,23630.99540184241,23630.99540184241,23630.99540184241,3,False,False,-25.9,5.55,38.95,STOP_LOSS
short,2025-01-08 12:40:00+05:30,2025-01-08 13:20:00+05:30,23533.25,23551.964761229356,23551.964761229356,23551.964761229356,2,False,False,-18.71,15.95,34.0,STOP_LOSS
short,2025-01-09 09:50:00+05:30,2025-01-09 10:10:00+05:30,23625.0,23638.096957191723,23644.645435787585,23638.096957191723,2,False,True,-13.1,27.8,17.45,MICRO_SL
short,2025-01-10 10:15:00+05:30,2025-01-10 10:45:00+05:30,23420.2,23439.96189372843,23449.842840592646,23439.96189372843,2,False,True,-19.76,30.15,46.85,MICRO_SL
short,2025-01-13 10:00:00+05:30,2025-01-13 10:25:00+05:30,23261.45,23296.92166096395,23296.92166096395,23296.92166096395,3,False,False,-35.47,22.25,62.0,STOP_LOSS
short,2025-01-13 14:55:00+05:30,2025-01-13 15:05:00+05:30,23099.35,23080.952263578234,23121.449920895728,23080.952263578234,2,True,True,18.4,36.1,7.15,TRAIL_SL
long,2025-01-16 09:50:00+05:30,2025-01-16 15:10:00+05:30,23306.9,23309.65,23274.344796288653,23293.33533178694,2,False,True,2.75,34.0,34.85,EOD_KILL_NON_TRAIL
short,2025-01-17 09:55:00+05:30,2025-01-17 10:25:00+05:30,23226.0,23243.808919498686,23252.713379248027,23243.808919498686,2,False,True,-17.81,28.5,38.15,MICRO_SL
short,2025-01-17 11:20:00+05:30,2025-01-17 11:30:00+05:30,23147.1,23165.971961369538,23165.971961369538,23165.971961369538,2,False,False,-18.87,9.85,30.8,STOP_LOSS
short,2025-01-21 10:45:00+05:30,2025-01-21 11:10:00+05:30,23204.05,23160.818066916578,23234.45954305217,23160.818066916578,2,True,True,43.23,65.1,13.65,TRAIL_SL
short,2025-01-21 11:30:00+05:30,2025-01-21 11:40:00+05:30,23164.05,23189.020622696404,23189.020622696404,23189.020622696404,3,False,False,-24.97,11.6,41.1,STOP_LOSS
long,2025-01-23 11:15:00+05:30,2025-01-23 12:35:00+05:30,23223.3,23261.02418231877,23202.410532140468,23261.02418231877,2,True,True,37.72,47.5,22.25,TRAIL_SL
long,2025-01-24 12:10:00+05:30,2025-01-24 12:35:00+05:30,23300.8,23272.80198693142,23272.80198693142,23272.80198693142,2,False,False,-28.0,18.6,69.9,STOP_LOSS
short,2025-01-27 11:05:00+05:30,2025-01-27 11:25:00+05:30,22867.95,22890.80569650146,22890.80569650146,22890.80569650146,3,False,False,-22.86,15.15,35.55,STOP_LOSS
short,2025-01-30 14:40:00+05:30,2025-01-30 14:55:00+05:30,23174.6,23191.89894273465,23191.89894273465,23191.89894273465,3,False,False,-17.3,25.8,31.1,STOP_LOSS
long,2025-02-01 10:10:00+05:30,2025-02-01 11:00:00+05:30,23555.9,23578.024966588568,23520.737872018268,23578.024966588568,3,True,False,22.12,46.25,25.1,TRAIL_SL
short,2025-02-01 12:55:00+05:30,2025-02-01 13:10:00+05:30,23421.65,23352.846245909594,23466.632806067868,23352.846245909594,2,True,True,68.8,103.35,6.7,TRAIL_SL
short,2025-02-01 13:20:00+05:30,2025-02-01 13:25:00+05:30,23398.75,23439.363419770674,23439.363419770674,23439.363419770674,2,False,False,-40.61,1.65,59.1,STOP_LOSS
short,2025-02-03 10:35:00+05:30,2025-02-03 10:40:00+05:30,23272.8,23294.851895524487,23294.851895524487,23294.851895524487,2,False,False,-22.05,2.2,42.85,STOP_LOSS
long,2025-02-04 11:55:00+05:30,2025-02-04 12:20:00+05:30,23546.25,23576.384967255843,23505.10791463834,23576.384967255843,2,True,True,30.13,47.85,19.0,TRAIL_SL
long,2025-02-04 14:30:00+05:30,2025-02-04 15:10:00+05:30,23663.0,23746.52147584081,23626.58415967352,23746.52147584081,2,True,True,83.52,99.75,3.75,TRAIL_SL
short,2025-02-06 10:20:00+05:30,2025-02-06 11:30:00+05:30,23647.75,23605.001583620557,23666.057360967283,23605.001583620557,2,True,True,42.75,53.4,9.15,TRAIL_SL
short,2025-02-07 14:35:00+05:30,2025-02-07 15:00:00+05:30,23486.6,23499.122205530166,23505.383308295248,23499.122205530166,2,False,True,-12.52,36.35,42.95,MICRO_SL
short,2025-02-10 10:35:00+05:30,2025-02-10 12:00:00+05:30,23399.35,23351.500450117168,23420.201730734836,23351.500450117168,2,True,True,47.85,61.15,6.8,TRAIL_SL
short,2025-02-11 10:25:00+05:30,2025-02-11 11:35:00+05:30,23289.0,23259.637613896262,23306.62185303051,23259.637613896262,2,True,True,29.36,40.55,12.75,TRAIL_SL
short,2025-02-11 14:10:00+05:30,2025-02-11 14:30:00+05:30,23052.65,23038.91919088481,23080.111618230378,23038.91919088481,3,True,False,13.73,46.25,2.3,TRAIL_SL
short,2025-02-12 11:00:00+05:30,2025-02-12 11:05:00+05:30,22897.65,22929.4765159266,22929.4765159266,22929.4765159266,2,False,False,-31.83,25.45,43.55,STOP_LOSS
long,2025-02-13 12:05:00+05:30,2025-02-13 12:20:00+05:30,23213.55,23191.728400964217,23191.728400964217,23191.728400964217,2,False,False,-21.82,2.9,30.35,STOP_LOSS
short,2025-02-13 14:00:00+05:30,2025-02-13 14:10:00+05:30,23097.5,23052.52994146506,23119.86166294111,23052.52994146506,2,True,True,44.97,64.8,1.9,TRAIL_SL
short,2025-02-13 14:45:00+05:30,2025-02-13 15:10:00+05:30,23043.6,23030.15,23064.940944468435,23064.940944468435,3,False,False,13.45,24.35,20.2,EOD_KILL_NON_TRAIL
short,2025-02-14 12:25:00+05:30,2025-02-14 13:10:00+05:30,22847.7,22792.65695979001,22872.750614063196,22792.65695979001,2,True,True,55.04,72.85,19.25,TRAIL_SL
short,2025-02-17 10:15:00+05:30,2025-02-17 10:25:00+05:30,22778.8,22810.365783318604,22810.365783318604,22810.365783318604,2,False,False,-31.57,3.95,49.05,STOP_LOSS
short,2025-02-21 10:40:00+05:30,2025-02-21 11:30:00+05:30,22789.2,22767.111580516164,22807.89025125697,22767.111580516164,3,True,False,22.09,48.5,8.75,TRAIL_SL
short,2025-02-21 13:50:00+05:30,2025-02-21 14:05:00+05:30,22752.75,22768.389449076254,22768.389449076254,22768.389449076254,2,False,False,-15.64,13.15,25.55,STOP_LOSS
short,2025-02-24 14:00:00+05:30,2025-02-24 14:15:00+05:30,22548.75,22556.68397891124,22560.65096836686,22556.68397891124,2,False,True,-7.93,17.05,11.1,MICRO_SL
short,2025-02-28 14:30:00+05:30,2025-02-28 14:40:00+05:30,22134.15,22148.9734408031,22148.9734408031,22148.9734408031,2,False,False,-14.82,9.2,39.15,STOP_LOSS
long,2025-03-07 10:30:00+05:30,2025-03-07 10:50:00+05:30,22582.05,22599.341596824488,22545.782079456207,22599.341596824488,2,True,True,17.29,33.95,13.85,TRAIL_SL
long,2025-03-07 11:25:00+05:30,2025-03-07 11:45:00+05:30,22601.05,22573.23801590793,22573.23801590793,22573.23801590793,2,False,False,-27.81,11.05,52.8,STOP_LOSS
long,2025-03-10 10:10:00+05:30,2025-03-10 12:00:00+05:30,22631.75,22599.98619287431,22599.98619287431,22599.98619287431,2,False,False,-31.76,18.75,40.65,STOP_LOSS
short,2025-03-12 12:05:00+05:30,2025-03-12 12:30:00+05:30,22360.95,22378.188703005166,22378.188703005166,22378.188703005166,3,False,False,-17.24,14.6,23.85,STOP_LOSS
short,2025-03-13 12:10:00+05:30,2025-03-13 14:40:00+05:30,22443.2,22403.427512066504,22460.660117945674,22403.427512066504,2,True,True,39.77,48.55,18.85,TRAIL_SL
long,2025-03-18 10:55:00+05:30,2025-03-18 12:35:00+05:30,22750.8,22724.95668740048,22724.95668740048,22724.95668740048,3,False,False,-25.84,30.6,42.85,STOP_LOSS
long,2025-03-19 11:15:00+05:30,2025-03-19 12:50:00+05:30,22896.95,22926.68295798212,22874.111593910256,22926.68295798212,2,True,True,29.73,38.4,21.5,TRAIL_SL
long,2025-03-20 09:45:00+05:30,2025-03-20 10:05:00+05:30,23021.25,23006.584753521245,22986.053408450985,23006.584753521245,2,False,True,-14.67,24.4,38.75,MICRO_SL
long,2025-03-24 13:40:00+05:30,2025-03-24 14:25:00+05:30,23650.45,23698.336114931186,23632.577542793362,23698.336114931186,2,True,True,47.89,58.3,21.9,TRAIL_SL
long,2025-03-24 14:30:00+05:30,2025-03-24 15:00:00+05:30,23674.95,23654.187265880722,23654.187265880722,23654.187265880722,2,False,False,-20.76,8.4,45.0,STOP_LOSS
long,2025-03-25 10:15:00+05:30,2025-03-25 10:35:00+05:30,23798.2,23777.972241378862,23749.653379309268,23777.972241378862,2,False,True,-20.23,28.15,92.3,MICRO_SL
short,2025-03-26 14:20:00+05:30,2025-03-26 14:55:00+05:30,23545.75,23466.994986488393,23562.52510968268,23466.994986488393,2,True,True,78.76,94.05,6.75,TRAIL_SL
short,2025-03-28 13:20:00+05:30,2025-03-28 13:55:00+05:30,23503.5,23467.748984756123,23521.74331595618,23467.748984756123,2,True,True,35.75,49.85,19.0,TRAIL_SL
short,2025-03-28 14:05:00+05:30,2025-03-28 14:10:00+05:30,23476.75,23495.308885003407,23495.308885003407,23495.308885003407,2,False,False,-18.56,5.85,28.5,STOP_LOSS
short,2025-04-01 12:10:00+05:30,2025-04-01 12:15:00+05:30,23209.9,23229.65521419377,23229.65521419377,23229.65521419377,3,False,False,-19.76,0.65,36.75,STOP_LOSS
short,2025-04-01 13:40:00+05:30,2025-04-01 15:05:00+05:30,23171.1,23178.0,23188.26611115808,23188.26611115808,3,False,False,-6.9,33.65,15.7,EOD_KILL_LOSER
short,2025-04-03 10:00:00+05:30,2025-04-03 10:10:00+05:30,23250.1,23274.716839549757,23274.716839549757,23274.716839549757,2,False,False,-24.62,3.6,32.35,STOP_LOSS
short,2025-04-04 10:35:00+05:30,2025-04-04 10:55:00+05:30,22961.6,22989.890559462485,22989.890559462485,22989.890559462485,3,False,False,-28.29,12.2,37.55,STOP_LOSS
short,2025-04-04 14:10:00+05:30,2025-04-04 15:00:00+05:30,22909.6,22868.633693725347,22926.833141209514,22868.633693725347,2,True,True,40.97,52.15,9.2,TRAIL_SL
short,2025-04-07 10:25:00+05:30,2025-04-07 10:40:00+05:30,22005.15,21974.04083470753,22067.368330584944,21974.04083470753,3,True,False,31.11,69.4,16.5,TRAIL_SL
short,2025-04-09 10:00:00+05:30,2025-04-09 10:15:00+05:30,22430.3,22391.652093174507,22473.435362161716,22391.652093174507,2,True,True,38.65,73.7,25.15,TRAIL_SL
short,2025-04-09 10:15:00+05:30,2025-04-09 10:45:00+05:30,22415.85,22391.072255721738,22459.693100939046,22391.072255721738,2,True,True,24.78,47.1,7.15,TRAIL_SL
short,2025-04-09 10:45:00+05:30,2025-04-09 11:10:00+05:30,22402.7,22369.70443799663,22430.602819652173,22369.70443799663,2,True,True,33.0,49.45,7.5,TRAIL_SL
long,2025-04-15 10:50:00+05:30,2025-04-15 12:50:00+05:30,23304.3,23338.51763788005,23282.082418557,23338.51763788005,3,True,False,34.22,46.05,12.65,TRAIL_SL
long,2025-04-21 10:15:00+05:30,2025-04-21 11:30:00+05:30,24021.0,24109.825235900957,23980.473750089965,24109.825235900957,3,True,False,88.83,111.75,11.7,TRAIL_SL
long,2025-04-23 14:45:00+05:30,2025-04-23 15:15:00+05:30,24299.1,24332.59736916209,24280.17230848662,24332.59736916209,2,True,True,33.5,41.15,0.0,TRAIL_SL
short,2025-04-25 11:35:00+05:30,2025-04-25 12:05:00+05:30,23922.25,23884.241735245,23951.710996244503,23884.241735245,3,True,False,38.01,74.4,5.0,TRAIL_SL
short,2025-04-25 12:05:00+05:30,2025-04-25 12:10:00+05:30,23894.65,23917.394834528128,23917.394834528128,23917.394834528128,3,False,False,-22.74,3.35,52.0,STOP_LOSS
long,2025-04-28 13:00:00+05:30,2025-04-28 14:20:00+05:30,24330.9,24306.777680000403,24306.777680000403,24306.777680000403,3,False,False,-24.12,22.8,26.2,STOP_LOSS
short,2025-05-02 12:45:00+05:30,2025-05-02 13:15:00+05:30,24295.85,24318.851920536796,24318.851920536796,24318.851920536796,3,False,False,-23.0,29.65,56.0,STOP_LOSS
long,2025-05-05 10:50:00+05:30,2025-05-05 11:35:00+05:30,24493.5,24461.924589140577,24461.924589140577,24461.924589140577,2,False,False,-31.58,3.05,46.9,STOP_LOSS
short,2025-05-08 14:20:00+05:30,2025-05-08 14:55:00+05:30,24337.55,24260.876677896176,24352.679662312923,24260.876677896176,2,True,True,76.67,93.55,19.75,TRAIL_SL
long,2025-05-12 10:55:00+05:30,2025-05-12 11:55:00+05:30,24678.2,24723.11491065824,24642.115179078213,24723.11491065824,3,True,False,44.91,67.55,0.0,TRAIL_SL
short,2025-05-13 13:40:00+05:30,2025-05-13 14:20:00+05:30,24614.5,24576.665796511366,24637.820024016455,24576.665796511366,2,True,True,37.83,53.8,3.35,TRAIL_SL
short,2025-05-13 14:20:00+05:30,2025-05-13 15:25:00+05:30,24595.9,24583.007243191598,24616.88127955398,24583.007243191598,3,True,False,12.89,48.4,40.95,TRAIL_SL
short,2025-05-14 13:00:00+05:30,2025-05-14 13:25:00+05:30,24619.55,24643.63081184901,24643.63081184901,24643.63081184901,2,False,False,-24.08,15.2,41.4,STOP_LOSS
short,2025-05-15 10:10:00+05:30,2025-05-15 10:30:00+05:30,24561.7,24581.51660487188,24591.424907307817,24581.51660487188,2,False,True,-19.82,28.5,65.55,MICRO_SL
long,2025-05-15 11:05:00+05:30,2025-05-15 11:10:00+05:30,24693.8,24622.269023592868,24622.269023592868,24622.269023592868,2,False,False,-71.53,1.35,93.2,STOP_LOSS
short,2025-05-20 10:30:00+05:30,2025-05-20 10:35:00+05:30,24895.3,24911.920111180905,24911.920111180905,24911.920111180905,2,False,False,-16.62,1.55,36.7,STOP_LOSS
short,2025-05-21 12:40:00+05:30,2025-05-21 12:55:00+05:30,24780.3,24758.869652666777,24807.95536968046,24758.869652666777,2,True,True,21.43,44.0,5.25,TRAIL_SL
short,2025-05-22 10:15:00+05:30,2025-05-22 11:40:00+05:30,24609.7,24556.304220211583,24637.732379482433,24556.304220211583,2,True,True,53.4,66.65,18.9,TRAIL_SL
short,2025-05-22 14:35:00+05:30,2025-05-22 14:40:00+05:30,24500.8,24518.247671529356,24518.247671529356,24518.247671529356,3,False,False,-17.45,0.0,76.75,STOP_LOSS
short,2025-05-27 10:30:00+05:30,2025-05-27 11:00:00+05:30,24775.4,24799.557080469112,24799.557080469112,24799.557080469112,3,False,False,-24.16,21.15,97.6,STOP_LOSS
short,2025-06-02 09:55:00+05:30,2025-06-02 10:25:00+05:30,24598.05,24585.32625344515,24623.4974931097,24585.32625344515,3,True,False,12.72,43.85,8.75,TRAIL_SL
short,2025-06-02 10:25:00+05:30,2025-06-02 10:35:00+05:30,24588.3,24609.451030243672,24609.451030243672,24609.451030243672,3,False,False,-21.15,6.05,40.15,STOP_LOSS
long,2025-06-06 12:10:00+05:30,2025-06-06 12:35:00+05:30,24998.85,24974.705694412834,24974.705694412834,24974.705694412834,3,False,False,-24.14,0.7,31.8,STOP_LOSS
long,2025-06-09 10:55:00+05:30,2025-06-09 11:25:00+05:30,25128.95,25111.47485278195,25111.47485278195,25111.47485278195,3,False,False,-17.48,13.75,19.7,STOP_LOSS
short,2025-06-11 14:30:00+05:30,2025-06-11 15:00:00+05:30,25141.15,25146.4,25153.214977197702,25153.214977197702,2,False,False,-5.25,10.55,16.45,EOD_KILL_LOSER
short,2025-06-12 10:25:00+05:30,2025-06-12 10:45:00+05:30,25103.8,25057.04773108828,25121.444386416104,25057.04773108828,2,True,True,46.75,62.25,11.95,TRAIL_SL
short,2025-06-13 10:10:00+05:30,2025-06-13 10:45:00+05:30,24644.15,24674.369426385627,24674.369426385627,24674.369426385627,3,False,False,-30.22,18.95,43.9,STOP_LOSS
long,2025-06-16 13:45:00+05:30,2025-06-16 15:10:00+05:30,24942.0,24950.7,24924.109923540844,24924.109923540844,3,False,False,8.7,25.1,14.35,EOD_KILL_NON_TRAIL
short,2025-06-17 10:25:00+05:30,2025-06-17 10:30:00+05:30,24872.25,24888.491787045776,24888.491787045776,24888.491787045776,2,False,False,-16.24,3.95,19.55,STOP_LOSS
short,2025-06-18 12:00:00+05:30,2025-06-18 12:05:00+05:30,24800.3,24813.910331906933,24813.910331906933,24813.910331906933,3,False,False,-13.61,2.55,21.45,STOP_LOSS
long,2025-06-20 11:25:00+05:30,2025-06-20 11:40:00+05:30,25004.0,25020.554394962248,24981.44733864251,25020.554394962248,3,True,False,16.55,41.0,1.1,TRAIL_SL
long,2025-06-20 13:35:00+05:30,2025-06-20 15:10:00+05:30,25050.25,25119.66460474872,25026.97938900389,25119.66460474872,2,True,True,69.41,82.55,18.85,TRAIL_SL
long,2025-06-24 09:45:00+05:30,2025-06-24 10:20:00+05:30,25138.15,25235.095931947842,25081.718996270658,25235.095931947842,2,True,True,96.95,119.8,0.8,TRAIL_SL
long,2025-06-24 10:35:00+05:30,2025-06-24 11:10:00+05:30,25215.1,25258.29906787364,25176.84297629002,25258.29906787364,2,True,True,43.2,61.35,48.0,TRAIL_SL
long,2025-06-24 12:15:00+05:30,2025-06-24 12:35:00+05:30,25284.8,25259.321259342818,25259.321259342818,25259.321259342818,2,False,False,-25.48,11.0,53.55,STOP_LOSS
long,2025-06-25 10:45:00+05:30,2025-06-25 12:15:00+05:30,25198.4,25189.981102604015,25178.194646249634,25189.981102604015,2,False,True,-8.42,22.1,17.3,MICRO_SL
long,2025-06-26 10:15:00+05:30,2025-06-26 10:40:00+05:30,25380.5,25347.39187932628,25347.39187932628,25347.39187932628,3,False,False,-33.11,7.05,76.45,STOP_LOSS
long,2025-06-27 10:00:00+05:30,2025-06-27 11:15:00+05:30,25556.45,25600.964447364244,25520.62013963838,25600.964447364244,2,True,True,44.51,53.8,16.85,TRAIL_SL
short,2025-06-30 10:55:00+05:30,2025-06-30 11:45:00+05:30,25559.15,25568.277167587024,25572.840751380536,25568.277167587024,2,False,True,-9.13,20.15,11.35,MICRO_SL
short,2025-06-30 14:35:00+05:30,2025-06-30 14:50:00+05:30,25491.9,25502.801819945154,25502.801819945154,25502.801819945154,2,False,False,-10.9,12.95,27.9,STOP_LOSS
long,2025-07-01 09:50:00+05:30,2025-07-01 10:10:00+05:30,25560.7,25534.122275729445,25534.122275729445,25534.122275729445,2,False,False,-26.58,12.05,30.2,STOP_LOSS
short,2025-07-02 11:20:00+05:30,2025-07-02 11:45:00+05:30,25486.1,25497.36431113398,25497.36431113398,25497.36431113398,2,False,False,-11.26,13.15,15.4,STOP_LOSS
short,2025-07-02 14:05:00+05:30,2025-07-02 14:55:00+05:30,25413.4,25426.04036855298,25426.04036855298,25426.04036855298,3,False,False,-12.64,34.65,17.6,STOP_LOSS
short,2025-07-10 09:45:00+05:30,2025-07-10 09:55:00+05:30,25453.5,25423.32086433558,25468.05099464131,25423.32086433558,2,True,True,30.18,43.2,0.6,TRAIL_SL
short,2025-07-10 11:10:00+05:30,2025-07-10 11:50:00+05:30,25397.0,25380.04524724193,25409.011498348034,25380.04524724193,3,True,False,16.95,33.3,2.7,TRAIL_SL
short,2025-07-14 10:05:00+05:30,2025-07-14 11:25:00+05:30,25106.65,25029.864174194623,25124.29067497612,25029.864174194623,2,True,True,76.79,86.9,20.4,TRAIL_SL
long,2025-07-16 14:30:00+05:30,2025-07-16 15:00:00+05:30,25227.7,25213.65,25210.822006901573,25210.822006901573,2,False,False,-14.05,11.5,14.8,EOD_KILL_LOSER
short,2025-07-18 11:00:00+05:30,2025-07-18 11:25:00+05:30,24953.45,24969.645525086562,24969.645525086562,24969.645525086562,3,False,False,-16.2,5.05,23.1,STOP_LOSS
short,2025-07-24 13:30:00+05:30,2025-07-24 13:40:00+05:30,25061.45,25073.080316931897,25073.080316931897,25073.080316931897,2,False,False,-11.63,9.95,19.65,STOP_LOSS
short,2025-07-25 11:00:00+05:30,2025-07-25 12:35:00+05:30,24875.65,24831.968825739852,24891.532891172974,24831.968825739852,3,True,False,43.68,64.0,41.2,TRAIL_SL
short,2025-07-28 09:45:00+05:30,2025-07-28 10:10:00+05:30,24812.75,24838.10888166041,24838.10888166041,24838.10888166041,2,False,False,-25.36,17.95,31.5,STOP_LOSS
short,2025-07-28 14:15:00+05:30,2025-07-28 14:35:00+05:30,24679.15,24695.159564703972,24695.159564703972,24695.159564703972,3,False,False,-16.01,8.95,17.85,STOP_LOSS
short,2025-07-29 10:55:00+05:30,2025-07-29 11:15:00+05:30,24645.25,24662.287591725715,24662.287591725715,24662.287591725715,3,False,False,-17.04,9.8,48.45,STOP_LOSS
short,2025-07-31 10:35:00+05:30,2025-07-31 10:45:00+05:30,24680.75,24698.461347954046,24698.461347954046,24698.461347954046,3,False,False,-17.71,3.8,42.2,STOP_LOSS
short,2025-08-01 12:05:00+05:30,2025-08-01 12:40:00+05:30,24670.6,24625.269175746653,24686.2463478011,24625.269175746653,2,True,True,45.33,59.55,27.1,TRAIL_SL
short,2025-08-05 10:05:00+05:30,2025-08-05 12:10:00+05:30,24633.65,24651.066461993807,24651.066461993807,24651.066461993807,3,False,False,-17.42,36.8,35.05,STOP_LOSS
short,2025-08-07 13:40:00+05:30,2025-08-07 14:00:00+05:30,24385.4,24402.16394402039,24402.16394402039,24402.16394402039,3,False,False,-16.76,15.35,19.5,STOP_LOSS
long,2025-08-12 10:10:00+05:30,2025-08-12 10:25:00+05:30,24662.35,24634.122578468116,24634.122578468116,24634.122578468116,3,False,False,-28.23,19.65,50.85,STOP_LOSS
long,2025-08-13 10:10:00+05:30,2025-08-13 12:35:00+05:30,24580.5,24609.555127818923,24551.657465591958,24609.555127818923,2,True,True,29.06,40.15,41.6,TRAIL_SL
long,2025-08-18 10:25:00+05:30,2025-08-18 11:30:00+05:30,24975.45,24947.904558483082,24947.904558483082,24947.904558483082,3,False,False,-27.55,21.1,35.45,STOP_LOSS
short,2025-08-22 11:05:00+05:30,2025-08-22 11:40:00+05:30,24923.65,24935.658727680744,24935.658727680744,24935.658727680744,3,False,False,-12.01,30.55,14.25,STOP_LOSS
short,2025-08-26 10:15:00+05:30,2025-08-26 10:55:00+05:30,24802.9,24784.80625305741,24820.6046519975,24784.80625305741,3,True,False,18.09,37.75,5.65,TRAIL_SL
long,2025-09-02 10:30:00+05:30,2025-09-02 13:00:00+05:30,24718.45,24740.398915198686,24694.515645708332,24740.398915198686,3,True,False,21.95,37.65,9.65,TRAIL_SL
short,2025-09-03 09:45:00+05:30,2025-09-03 10:00:00+05:30,24566.55,24590.182486767735,24590.182486767735,24590.182486767735,2,False,False,-23.63,0.0,35.05,STOP_LOSS
long,2025-09-03 14:40:00+05:30,2025-09-03 15:25:00+05:30,24660.75,24717.538081080605,24644.29848358514,24717.538081080605,3,True,False,56.79,76.3,1.85,TRAIL_SL
long,2025-09-08 10:05:00+05:30,2025-09-08 12:40:00+05:30,24810.95,24858.5579218551,24782.035400969606,24858.5579218551,2,True,True,47.61,55.7,46.0,TRAIL_SL
long,2025-09-16 10:40:00+05:30,2025-09-16 13:10:00+05:30,25163.95,25192.225962000313,25150.291845051837,25192.225962000313,3,True,False,28.28,39.05,16.15,TRAIL_SL
long,2025-09-17 10:10:00+05:30,2025-09-17 15:10:00+05:30,25314.15,25328.3,25293.297291377905,25293.297291377905,3,False,False,14.15,32.35,34.3,EOD_KILL_NON_TRAIL
long,2025-09-18 10:10:00+05:30,2025-09-18 12:40:00+05:30,25408.0,25386.865765640203,25386.865765640203,25386.865765640203,3,False,False,-21.13,34.4,39.05,STOP_LOSS
short,2025-09-18 14:40:00+05:30,2025-09-18 14:45:00+05:30,25352.5,25366.259081018714,25366.259081018714,25366.259081018714,2,False,False,-13.76,1.25,35.05,STOP_LOSS
short,2025-09-19 10:20:00+05:30,2025-09-19 12:10:00+05:30,25330.2,25301.142930030997,25344.179869328356,25301.142930030997,3,True,False,29.06,43.9,15.05,TRAIL_SL
short,2025-09-23 10:05:00+05:30,2025-09-23 10:25:00+05:30,25161.4,25124.958492526042,25180.23018644878,25124.958492526042,2,True,True,36.44,50.4,1.85,TRAIL_SL
short,2025-09-23 10:35:00+05:30,2025-09-23 11:20:00+05:30,25137.95,25095.57635713663,25154.341140205008,25095.57635713663,2,True,True,42.37,53.3,1.2,TRAIL_SL
short,2025-09-24 09:55:00+05:30,2025-09-24 11:10:00+05:30,25091.95,25038.931917286252,25111.124572185996,25038.931917286252,2,True,True,53.02,64.5,22.15,TRAIL_SL
short,2025-09-24 11:25:00+05:30,2025-09-24 11:45:00+05:30,25064.05,25076.398915545993,25076.398915545993,25076.398915545993,3,False,False,-12.35,2.25,16.05,STOP_LOSS
short,2025-09-25 10:20:00+05:30,2025-09-25 10:50:00+05:30,25042.3,25010.25234214243,25057.48402668205,25010.25234214243,2,True,True,32.05,42.8,11.5,TRAIL_SL
short,2025-09-26 14:35:00+05:30,2025-09-26 15:10:00+05:30,24656.6,24644.5,24672.74481465301,24672.74481465301,3,False,False,12.1,26.25,18.05,EOD_KILL_NON_TRAIL
long,2025-10-01 12:35:00+05:30,2025-10-01 12:55:00+05:30,24777.1,24753.899118582474,24753.899118582474,24753.899118582474,2,False,False,-23.2,4.15,30.05,STOP_LOSS
long,2025-10-01 14:55:00+05:30,2025-10-01 15:10:00+05:30,24835.35,24822.5,24807.301410291508,24807.301410291508,2,False,False,-12.85,13.45,15.05,EOD_KILL_LOSER
long,2025-10-07 10:30:00+05:30,2025-10-07 11:15:00+05:30,25172.0,25147.895130485485,25147.895130485485,25147.895130485485,3,False,False,-24.1,13.95,31.75,STOP_LOSS
short,2025-10-08 11:55:00+05:30,2025-10-08 12:25:00+05:30,25051.05,25020.588233903993,25065.427433510587,25020.588233903993,2,True,True,30.46,42.55,1.15,TRAIL_SL
long,2025-10-10 10:05:00+05:30,2025-10-10 10:20:00+05:30,25256.65,25285.946577023446,25229.399838374266,25285.946577023446,2,True,True,29.3,43.45,7.9,TRAIL_SL
long,2025-10-10 10:35:00+05:30,2025-10-10 11:05:00+05:30,25272.15,25297.523273596016,25247.874545019564,25297.523273596016,2,True,True,25.37,37.15,14.4,TRAIL_SL
long,2025-10-10 11:20:00+05:30,2025-10-10 13:55:00+05:30,25290.4,25310.362880040335,25266.7406742588,25310.362880040335,3,True,False,19.96,40.35,23.55,TRAIL_SL
short,2025-10-14 11:50:00+05:30,2025-10-14 12:10:00+05:30,25152.4,25115.223182532052,25167.605804930026,25115.223182532052,2,True,True,37.18,50.7,16.8,TRAIL_SL
short,2025-10-14 12:55:00+05:30,2025-10-14 13:30:00+05:30,25098.1,25115.00526944452,25115.00526944452,25115.00526944452,3,False,False,-16.91,32.45,31.35,STOP_LOSS
long,2025-10-15 11:10:00+05:30,2025-10-15 13:10:00+05:30,25292.6,25328.707231733257,25270.728305831486,25328.707231733257,2,True,True,36.11,43.55,9.9,TRAIL_SL
long,2025-10-15 13:50:00+05:30,2025-10-15 14:00:00+05:30,25342.4,25326.48491646196,25326.48491646196,25326.48491646196,3,False,False,-15.92,3.7,19.55,STOP_LOSS
long,2025-10-16 10:10:00+05:30,2025-10-16 11:20:00+05:30,25423.45,25459.512424776432,25400.69400082845,25459.512424776432,3,True,False,36.06,49.2,5.9,TRAIL_SL
long,2025-10-23 10:25:00+05:30,2025-10-23 13:30:00+05:30,26073.4,26045.744331669088,26045.744331669088,26045.744331669088,3,False,False,-27.66,30.8,53.1,STOP_LOSS
short,2025-10-23 14:50:00+05:30,2025-10-23 15:15:00+05:30,25967.5,25881.173252469176,25987.4682393143,25881.173252469176,2,True,True,86.33,105.05,8.7,TRAIL_SL
short,2025-10-24 11:10:00+05:30,2025-10-24 12:05:00+05:30,25827.3,25839.132690417686,25845.04903562653,25839.132690417686,2,False,True,-11.83,43.55,25.15,MICRO_SL
short,2025-10-24 14:10:00+05:30,2025-10-24 14:25:00+05:30,25755.4,25771.961276321603,25771.961276321603,25771.961276321603,2,False,False,-16.56,5.85,24.3,STOP_LOSS
long,2025-10-29 09:45:00+05:30,2025-10-29 10:15:00+05:30,25968.15,25988.070347164845,25931.632773468886,25988.070347164845,3,True,False,19.92,48.1,2.15,TRAIL_SL
long,2025-10-29 10:15:00+05:30,2025-10-29 10:45:00+05:30,25987.95,26038.52667236683,25959.770347164846,26038.52667236683,3,True,False,50.58,76.6,0.0,TRAIL_SL
long,2025-10-29 10:50:00+05:30,2025-10-29 13:00:00+05:30,26024.9,26067.517432219065,25999.386449384587,26067.517432219065,3,True,False,42.62,59.2,17.0,TRAIL_SL
short,2025-10-30 13:55:00+05:30,2025-10-30 14:40:00+05:30,25889.0,25903.798393737503,25903.798393737503,25903.798393737503,2,False,False,-14.8,18.2,28.8,STOP_LOSS
short,2025-10-31 11:30:00+05:30,2025-10-31 11:50:00+05:30,25795.75,25811.571826384836,25811.571826384836,25811.571826384836,3,False,False,-15.82,8.55,22.45,STOP_LOSS
short,2025-10-31 13:55:00+05:30,2025-10-31 14:55:00+05:30,25775.35,25751.509623038957,25787.01230047487,25751.509623038957,2,True,True,23.84,34.95,14.75,TRAIL_SL
short,2025-11-07 09:45:00+05:30,2025-11-07 10:15:00+05:30,25389.6,25346.870490121077,25416.84606678175,25346.870490121077,2,True,True,42.73,58.55,1.35,TRAIL_SL
short,2025-11-07 10:20:00+05:30,2025-11-07 10:40:00+05:30,25352.15,25370.918864297837,25370.918864297837,25370.918864297837,2,False,False,-18.77,9.85,33.75,STOP_LOSS
short,2025-11-07 11:00:00+05:30,2025-11-07 11:10:00+05:30,25362.95,25377.77081152478,25377.77081152478,25377.77081152478,2,False,False,-14.82,8.55,50.85,STOP_LOSS
long,2025-11-10 10:45:00+05:30,2025-11-10 11:40:00+05:30,25597.85,25636.65103009564,25575.43280234334,25636.65103009564,3,True,False,38.8,54.1,10.1,TRAIL_SL
long,2025-11-11 13:55:00+05:30,2025-11-11 14:35:00+05:30,25635.05,25675.244979138053,25606.272908935924,25675.244979138053,3,True,False,40.19,64.85,4.9,TRAIL_SL
long,2025-11-12 10:20:00+05:30,2025-11-12 11:55:00+05:30,25835.15,25894.134592837123,25808.613133813822,25894.134592837123,3,True,False,58.98,72.7,2.1,TRAIL_SL
short,2025-11-14 09:45:00+05:30,2025-11-14 10:05:00+05:30,25854.7,25786.911450062205,25879.392864369205,25786.911450062205,2,True,True,67.79,89.8,0.0,TRAIL_SL
short,2025-11-14 10:45:00+05:30,2025-11-14 10:50:00+05:30,25785.6,25804.057594827587,25804.057594827587,25804.057594827587,2,False,False,-18.46,0.0,52.2,STOP_LOSS
long,2025-11-17 10:00:00+05:30,2025-11-17 13:05:00+05:30,25954.1,25982.589856631716,25926.49992300652,25982.589856631716,3,True,False,28.49,42.8,39.0,TRAIL_SL
long,2025-11-26 11:40:00+05:30,2025-11-26 13:20:00+05:30,26121.05,26180.95627329421,26104.840562735688,26180.95627329421,3,True,False,59.91,74.35,4.35,TRAIL_SL
long,2025-11-26 14:15:00+05:30,2025-11-26 14:25:00+05:30,26189.9,26167.740618062053,26167.740618062053,26167.740618062053,2,False,False,-22.16,9.75,22.3,STOP_LOSS
short,2025-11-27 14:00:00+05:30,2025-11-27 14:20:00+05:30,26177.2,26192.241238341605,26192.241238341605,26192.241238341605,2,False,False,-15.04,4.9,29.6,STOP_LOSS
long,2025-12-01 09:50:00+05:30,2025-12-01 10:50:00+05:30,26273.55,26244.11071864126,26244.11071864126,26244.11071864126,3,False,False,-29.44,17.3,44.6,STOP_LOSS
short,2025-12-02 10:25:00+05:30,2025-12-02 10:55:00+05:30,26078.8,26092.2033622572,26092.2033622572,26092.2033622572,3,False,False,-13.4,9.15,20.8,STOP_LOSS
short,2025-12-03 10:30:00+05:30,2025-12-03 11:30:00+05:30,25927.25,25911.3511168828,25944.347973261978,25911.3511168828,3,True,False,15.9,36.25,3.4,TRAIL_SL
short,2025-12-04 14:00:00+05:30,2025-12-04 14:05:00+05:30,25986.7,25998.123161398566,25998.123161398566,25998.123161398566,2,False,False,-11.42,8.8,20.2,STOP_LOSS
short,2025-12-08 10:20:00+05:30,2025-12-08 11:05:00+05:30,26101.65,26062.673580102914,26118.60852995268,26062.673580102914,2,True,True,38.98,49.9,2.25,TRAIL_SL
short,2025-12-08 11:20:00+05:30,2025-12-08 12:15:00+05:30,26074.9,26041.214612972068,26088.355668698558,26041.214612972068,2,True,True,33.69,43.05,2.95,TRAIL_SL
short,2025-12-09 10:05:00+05:30,2025-12-09 10:15:00+05:30,25778.1,25800.483384061426,25800.483384061426,25800.483384061426,3,False,False,-22.38,4.0,70.75,STOP_LOSS
long,2025-12-12 10:00:00+05:30,2025-12-12 10:20:00+05:30,26001.65,25976.732819803972,25976.732819803972,25976.732819803972,2,False,False,-24.92,6.6,44.05,STOP_LOSS
short,2025-12-15 09:55:00+05:30,2025-12-15 10:25:00+05:30,25951.6,25969.99088842257,25969.99088842257,25969.99088842257,2,False,False,-18.39,14.1,26.5,STOP_LOSS
short,2025-12-16 10:15:00+05:30,2025-12-16 11:50:00+05:30,25912.45,25887.841146114144,25928.27637972107,25887.841146114144,3,True,False,24.61,41.25,10.25,TRAIL_SL
long,2025-12-19 10:55:00+05:30,2025-12-19 11:25:00+05:30,25962.4,25942.981899075403,25942.981899075403,25942.981899075403,3,False,False,-19.42,6.15,32.1,STOP_LOSS
long,2025-12-22 10:35:00+05:30,2025-12-22 13:35:00+05:30,26122.8,26145.61198260635,26104.63820110218,26145.61198260635,3,True,False,22.81,35.15,11.05,TRAIL_SL
short,2025-12-26 10:25:00+05:30,2025-12-26 12:10:00+05:30,26091.75,26060.009764701997,26102.91253154601,26060.009764701997,3,True,False,31.74,43.4,5.85,TRAIL_SL
long,2025-12-31 11:20:00+05:30,2025-12-31 11:55:00+05:30,26044.45,26072.962714418212,26027.514611428163,26072.962714418212,2,True,True,28.51,36.2,4.1,TRAIL_SL
long,2026-01-02 11:05:00+05:30,2026-01-02 11:55:00+05:30,26252.0,26291.365278896486,26235.583924302824,26291.365278896486,2,True,True,39.37,46.7,8.7,TRAIL_SL
short,2026-01-07 13:45:00+05:30,2026-01-07 14:00:00+05:30,26082.9,26092.929765022684,26092.929765022684,26092.929765022684,2,False,False,-10.03,12.2,17.1,STOP_LOSS
short,2026-01-08 13:00:00+05:30,2026-01-08 13:40:00+05:30,25923.75,25904.706579499554,25937.126297055034,25904.706579499554,3,True,False,19.04,37.35,4.75,TRAIL_SL
short,2026-01-12 09:45:00+05:30,2026-01-12 10:00:00+05:30,25595.45,25581.338017922855,25623.67396415429,25581.338017922855,3,True,False,14.11,38.0,13.1,TRAIL_SL
short,2026-01-12 10:00:00+05:30,2026-01-12 10:15:00+05:30,25589.7,25566.755381888746,25617.709333110215,25566.755381888746,2,True,True,22.94,43.75,6.55,TRAIL_SL
short,2026-01-12 10:15:00+05:30,2026-01-12 11:45:00+05:30,25583.6,25485.93403752027,25609.60672736093,25485.93403752027,2,True,True,97.67,110.2,14.6,TRAIL_SL
short,2026-01-13 13:20:00+05:30,2026-01-13 14:10:00+05:30,25673.2,25633.935966895206,25691.543230066756,25633.935966895206,2,True,True,39.26,52.25,13.45,TRAIL_SL
short,2026-01-13 14:30:00+05:30,2026-01-13 14:35:00+05:30,25640.25,25660.128855814666,25660.128855814666,25660.128855814666,2,False,False,-19.88,5.45,33.95,STOP_LOSS
short,2026-01-14 14:10:00+05:30,2026-01-14 14:25:00+05:30,25663.2,25618.67759642958,25679.810922820794,25618.67759642958,2,True,True,44.52,59.25,6.55,TRAIL_SL
long,2026-01-16 10:55:00+05:30,2026-01-16 11:40:00+05:30,25829.7,25799.952539572343,25799.952539572343,25799.952539572343,3,False,False,-29.75,12.1,32.55,STOP_LOSS
short,2026-01-19 10:50:00+05:30,2026-01-19 10:55:00+05:30,25519.65,25537.615427333276,25537.615427333276,25537.615427333276,3,False,False,-17.97,0.45,29.8,STOP_LOSS
short,2026-01-20 10:05:00+05:30,2026-01-20 11:25:00+05:30,25479.8,25455.51995929662,25502.260616765678,25455.51995929662,2,True,True,24.28,35.95,24.2,TRAIL_SL
short,2026-01-20 11:25:00+05:30,2026-01-20 11:50:00+05:30,25464.05,25478.892455904675,25478.892455904675,25478.892455904675,2,False,False,-14.84,11.5,28.45,STOP_LOSS
