direction,entry_time,exit_time,entry_price,exit_price,vwap_at_entry,price_vs_vwap,sl_at_entry,sl_at_exit,be_triggered,pnl,mfe_pts,mae_pts,exit_reason
short,2024-12-09 10:25:00+05:30,2024-12-09 11:10:00+05:30,24611.95,24632.236369063747,24632.78,-20.83,24632.236369063747,24632.236369063747,False,-20.29,22.9,34.1,STOP_LOSS
short,2024-12-09 14:30:00+05:30,2024-12-09 14:45:00+05:30,24616.8,24628.820994119433,24637.44,-20.64,24628.820994119433,24628.820994119433,False,-12.02,12.75,28.45,STOP_LOSS
short,2024-12-10 14:15:00+05:30,2024-12-10 14:25:00+05:30,24537.1,24551.07187826739,24604.65,-67.55,24551.07187826739,24551.07187826739,False,-13.97,9.8,25.45,STOP_LOSS
long,2024-12-13 14:35:00+05:30,2024-12-13 15:00:00+05:30,24732.6,24743.8,24489.85,242.75,24692.387258606366,24692.387258606366,False,11.2,18.2,26.75,SOFT_EOD_EXIT
short,2024-12-17 14:15:00+05:30,2024-12-17 15:00:00+05:30,24347.2,24347.3,24435.43,-88.23,24367.562063588448,24367.562063588448,False,-0.1,43.75,15.25,SOFT_EOD_EXIT
short,2024-12-18 10:20:00+05:30,2024-12-18 10:40:00+05:30,24272.05,24300.908008997078,24302.4,-30.35,24300.908008997078,24300.908008997078,False,-28.86,17.1,33.85,STOP_LOSS
short,2024-12-20 10:20:00+05:30,2024-12-20 10:35:00+05:30,23881.4,23930.402589949976,23907.34,-25.94,23930.402589949976,23930.402589949976,False,-49.0,13.3,69.4,STOP_LOSS
short,2024-12-20 14:15:00+05:30,2024-12-20 15:15:00+05:30,23708.45,23559.718946638113,23853.65,-145.2,23728.727300698683,23559.718946638113,True,148.73,171.1,16.75,TRAIL_SL
short,2024-12-30 14:30:00+05:30,2024-12-30 14:55:00+05:30,23658.25,23678.83542287042,23774.47,-116.22,23678.83542287042,23678.83542287042,False,-20.59,17.4,49.25,STOP_LOSS
short,2025-01-01 10:05:00+05:30,2025-01-01 10:10:00+05:30,23597.2,23619.929124471437,23610.92,-13.72,23619.929124471437,23619.929124471437,False,-22.73,1.35,51.05,STOP_LOSS
long,2025-01-01 14:15:00+05:30,2025-01-01 14:50:00+05:30,23782.15,23756.31261760158,23707.75,74.4,23756.31261760158,23756.31261760158,False,-25.84,15.5,37.45,STOP_LOSS
short,2025-01-03 10:20:00+05:30,2025-01-03 11:20:00+05:30,24066.95,24091.76381958406,24095.25,-28.3,24091.76381958406,24091.76381958406,False,-24.81,66.7,69.95,STOP_LOSS
short,2025-01-03 14:25:00+05:30,2025-01-03 15:00:00+05:30,24043.7,24006.85,24078.27,-34.57,24058.911380167105,24058.911380167105,False,36.85,38.35,9.8,SOFT_EOD_EXIT
short,2025-01-06 14:15:00+05:30,2025-01-06 14:45:00+05:30,23651.05,23585.562439832156,23793.6,-142.55,23677.83107543953,23585.562439832156,True,65.49,99.15,9.15,TRAIL_SL
short,2025-01-06 14:45:00+05:30,2025-01-06 14:55:00+05:30,23605.1,23630.99540184241,23776.44,-171.34,23630.99540184241,23630.99540184241,False,-25.9,5.55,38.95,STOP_LOSS
short,2025-01-10 10:15:00+05:30,2025-01-10 10:45:00+05:30,23420.2,23449.842840592646,23450.14,-29.94,23449.842840592646,23449.842840592646,False,-29.64,30.15,46.85,STOP_LOSS
short,2025-01-13 14:45:00+05:30,2025-01-13 15:00:00+05:30,23099.15,23064.75,23211.13,-111.98,23121.646344387806,23121.646344387806,False,34.4,35.9,23.65,SOFT_EOD_EXIT
short,2025-01-15 14:15:00+05:30,2025-01-15 14:40:00+05:30,23187.85,23202.481827600477,23221.97,-34.12,23202.481827600477,23202.481827600477,False,-14.63,28.6,26.9,STOP_LOSS
short,2025-01-24 10:20:00+05:30,2025-01-24 10:35:00+05:30,23156.9,23183.321773323176,23192.06,-35.16,23183.321773323176,23183.321773323176,False,-26.42,0.0,70.2,STOP_LOSS
short,2025-01-24 14:30:00+05:30,2025-01-24 14:55:00+05:30,23153.25,23078.270713078266,23218.36,-65.11,23174.364961674524,23078.270713078266,True,74.98,103.25,0.0,TRAIL_SL
short,2025-01-27 14:50:00+05:30,2025-01-27 15:00:00+05:30,22826.85,22816.7,22885.59,-58.74,22846.70741673268,22846.70741673268,False,10.15,11.25,6.5,SOFT_EOD_EXIT
long,2025-01-29 10:15:00+05:30,2025-01-29 11:10:00+05:30,23055.4,23106.49690141993,23042.2,13.2,23019.59322374714,23106.49690141993,True,51.1,70.45,0.0,TRAIL_SL
short,2025-01-30 14:40:00+05:30,2025-01-30 14:55:00+05:30,23174.6,23191.89894273465,23239.63,-65.03,23191.89894273465,23191.89894273465,False,-17.3,25.8,31.1,STOP_LOSS
long,2025-02-01 10:05:00+05:30,2025-02-01 11:35:00+05:30,23558.15,23609.014537449166,23546.62,11.53,23520.246006174926,23609.014537449166,True,50.86,74.3,27.35,TRAIL_SL
long,2025-02-04 14:30:00+05:30,2025-02-04 15:15:00+05:30,23663.0,23739.16835540936,23573.38,89.62,23626.58415967352,23739.16835540936,True,76.17,99.75,3.75,TRAIL_SL
short,2025-02-06 10:20:00+05:30,2025-02-06 13:55:00+05:30,23647.75,23576.653044696355,23662.14,-14.39,23666.057360967283,23576.653044696355,True,71.1,85.5,9.15,TRAIL_SL
short,2025-02-07 14:35:00+05:30,2025-02-07 15:00:00+05:30,23486.6,23505.383308295248,23578.14,-91.54,23505.383308295248,23505.383308295248,False,-18.78,36.35,42.95,STOP_LOSS
short,2025-02-11 10:25:00+05:30,2025-02-11 13:15:00+05:30,23289.0,23051.251177613893,23306.4,-17.4,23306.62185303051,23051.251177613893,True,237.75,266.55,12.75,TRAIL_SL
short,2025-02-11 14:30:00+05:30,2025-02-11 14:50:00+05:30,23040.55,23066.840464262277,23208.04,-167.49,23066.840464262277,23066.840464262277,False,-26.29,30.95,73.4,STOP_LOSS
short,2025-02-11 14:55:00+05:30,2025-02-11 15:00:00+05:30,23055.75,23081.4,23196.66,-140.91,23087.64055114052,23087.64055114052,False,-25.65,2.1,31.1,SOFT_EOD_EXIT
short,2025-02-12 10:25:00+05:30,2025-02-12 10:30:00+05:30,22857.85,22887.53669833139,22900.37,-42.52,22887.53669833139,22887.53669833139,False,-29.69,7.7,32.9,STOP_LOSS
short,2025-02-13 14:45:00+05:30,2025-02-13 15:00:00+05:30,23043.6,23024.75,23146.35,-102.75,23064.940944468435,23064.940944468435,False,18.85,24.35,20.2,SOFT_EOD_EXIT
short,2025-02-17 10:05:00+05:30,2025-02-17 10:25:00+05:30,22779.0,22813.173971873883,22789.71,-10.71,22813.173971873883,22813.173971873883,False,-34.17,29.0,48.85,STOP_LOSS
short,2025-02-28 14:20:00+05:30,2025-02-28 14:40:00+05:30,22137.7,22154.536533613595,22217.11,-79.41,22154.536533613595,22154.536533613595,False,-16.84,12.75,35.6,STOP_LOSS
long,2025-03-06 14:15:00+05:30,2025-03-06 15:00:00+05:30,22506.7,22550.6,22407.99,98.71,22483.18838764802,22483.18838764802,False,43.9,49.75,15.55,SOFT_EOD_EXIT
long,2025-03-10 10:10:00+05:30,2025-03-10 12:00:00+05:30,22631.75,22599.98619287431,22622.33,9.42,22599.98619287431,22599.98619287431,False,-31.76,18.75,40.65,STOP_LOSS
long,2025-03-13 10:20:00+05:30,2025-03-13 10:55:00+05:30,22532.65,22504.004359926646,22510.36,22.29,22504.004359926646,22504.004359926646,False,-28.65,14.55,46.8,STOP_LOSS
long,2025-03-20 14:15:00+05:30,2025-03-20 15:00:00+05:30,23181.9,23192.5,23082.08,99.82,23161.836412330977,23161.836412330977,False,10.6,34.8,4.45,SOFT_EOD_EXIT
long,2025-03-24 14:30:00+05:30,2025-03-24 15:00:00+05:30,23674.95,23654.187265880722,23605.92,69.03,23654.187265880722,23654.187265880722,False,-20.76,8.4,45.0,STOP_LOSS
long,2025-03-25 10:15:00+05:30,2025-03-25 10:35:00+05:30,23798.2,23749.653379309268,23783.99,14.21,23749.653379309268,23749.653379309268,False,-48.55,28.15,92.3,STOP_LOSS
short,2025-03-26 14:20:00+05:30,2025-03-26 15:00:00+05:30,23545.75,23489.7,23622.03,-76.28,23562.52510968268,23562.52510968268,False,56.05,94.05,6.75,SOFT_EOD_EXIT
short,2025-04-01 10:15:00+05:30,2025-04-01 12:10:00+05:30,23480.15,23197.746914525906,23487.76,-7.61,23510.580464192837,23197.746914525906,True,282.4,307.05,3.55,TRAIL_SL
short,2025-04-01 14:25:00+05:30,2025-04-01 15:00:00+05:30,23154.75,23158.55,23271.57,-116.82,23171.074111793976,23171.074111793976,False,-3.8,11.1,19.35,SOFT_EOD_EXIT
short,2025-04-04 14:15:00+05:30,2025-04-04 15:00:00+05:30,22913.85,22902.25,22973.29,-59.44,22930.195389048247,22930.195389048247,False,11.6,56.4,3.5,SOFT_EOD_EXIT
long,2025-04-08 14:30:00+05:30,2025-04-08 15:00:00+05:30,22600.3,22529.976978158094,22501.75,98.55,22529.976978158094,22529.976978158094,False,-70.32,5.3,75.25,STOP_LOSS
long,2025-04-16 10:10:00+05:30,2025-04-16 10:15:00+05:30,23355.8,23332.193241520657,23342.21,13.59,23332.193241520657,23332.193241520657,False,-23.61,3.15,47.05,STOP_LOSS
long,2025-04-17 14:15:00+05:30,2025-04-17 15:00:00+05:30,23828.0,23855.8,23576.97,251.03,23792.08003633726,23792.08003633726,False,27.8,44.35,13.5,SOFT_EOD_EXIT
long,2025-04-21 10:15:00+05:30,2025-04-21 11:30:00+05:30,24021.0,24113.401866865934,24004.27,16.73,23980.473750089965,24113.401866865934,True,92.4,111.75,11.7,TRAIL_SL
long,2025-04-23 14:45:00+05:30,2025-04-23 15:00:00+05:30,24299.1,24331.15,24246.6,52.5,24280.17230848662,24280.17230848662,False,32.05,32.95,0.0,SOFT_EOD_EXIT
long,2025-05-02 10:20:00+05:30,2025-05-02 10:30:00+05:30,24551.3,24510.781375900846,24523.47,27.83,24510.781375900846,24510.781375900846,False,-40.52,5.6,66.55,STOP_LOSS
long,2025-05-05 10:20:00+05:30,2025-05-05 11:45:00+05:30,24477.05,24438.34482472569,24461.38,15.67,24438.34482472569,24438.34482472569,False,-38.71,49.35,47.85,STOP_LOSS
short,2025-05-07 10:20:00+05:30,2025-05-07 11:15:00+05:30,24348.35,24380.450752173296,24358.0,-9.65,24380.450752173296,24380.450752173296,False,-32.1,23.6,51.85,STOP_LOSS
short,2025-05-08 14:20:00+05:30,2025-05-08 15:00:00+05:30,24337.55,24277.824628341743,24386.78,-49.23,24352.679662312923,24277.824628341743,True,59.73,93.55,19.75,TRAIL_SL
long,2025-05-12 14:35:00+05:30,2025-05-12 15:05:00+05:30,24866.15,24907.40819562311,24741.03,125.12,24841.565629944333,24907.40819562311,True,41.26,64.25,11.4,TRAIL_SL
short,2025-05-13 10:15:00+05:30,2025-05-13 10:40:00+05:30,24751.7,24696.423056225933,24764.65,-12.95,24798.02490866002,24696.423056225933,True,55.28,116.8,20.75,TRAIL_SL
short,2025-05-13 14:20:00+05:30,2025-05-13 15:00:00+05:30,24595.9,24574.85,24698.16,-102.26,24616.88127955398,24616.88127955398,False,21.05,21.65,40.95,SOFT_EOD_EXIT
long,2025-05-14 10:25:00+05:30,2025-05-14 10:55:00+05:30,24744.65,24710.55800797602,24720.06,24.59,24710.55800797602,24710.55800797602,False,-34.09,2.5,61.2,STOP_LOSS
short,2025-05-15 10:10:00+05:30,2025-05-15 10:30:00+05:30,24561.7,24591.424907307817,24573.65,-11.95,24591.424907307817,24591.424907307817,False,-29.72,28.5,65.55,STOP_LOSS
long,2025-05-15 14:30:00+05:30,2025-05-15 15:00:00+05:30,25058.25,25079.85,24738.01,320.24,25005.570475840705,25005.570475840705,False,21.6,31.8,18.25,SOFT_EOD_EXIT
short,2025-05-19 14:15:00+05:30,2025-05-19 15:00:00+05:30,24958.7,24948.65,25006.85,-48.15,24973.076427509484,24973.076427509484,False,10.05,42.05,1.85,SOFT_EOD_EXIT
short,2025-05-20 10:10:00+05:30,2025-05-20 10:35:00+05:30,24899.4,24920.26796955756,24921.46,-22.06,24920.26796955756,24920.26796955756,False,-20.87,20.4,32.6,STOP_LOSS
short,2025-05-22 14:35:00+05:30,2025-05-22 14:40:00+05:30,24500.8,24518.247671529356,24565.55,-64.75,24518.247671529356,24518.247671529356,False,-17.45,0.0,76.75,STOP_LOSS
short,2025-05-27 14:30:00+05:30,2025-05-27 14:45:00+05:30,24757.4,24781.644128262687,24836.82,-79.42,24781.644128262687,24781.644128262687,False,-24.24,12.2,39.8,STOP_LOSS
short,2025-06-03 10:05:00+05:30,2025-06-03 10:15:00+05:30,24649.75,24677.001357237885,24658.94,-9.19,24677.001357237885,24677.001357237885,False,-27.25,4.55,55.75,STOP_LOSS
long,2025-06-05 10:10:00+05:30,2025-06-05 10:45:00+05:30,24732.25,24706.7498498261,24723.38,8.87,24706.7498498261,24706.7498498261,False,-25.5,8.9,30.45,STOP_LOSS
short,2025-06-05 14:25:00+05:30,2025-06-05 14:40:00+05:30,24729.85,24749.966437182917,24748.09,-18.24,24749.966437182917,24749.966437182917,False,-20.12,16.95,34.6,STOP_LOSS
short,2025-06-06 09:55:00+05:30,2025-06-06 10:05:00+05:30,24712.3,24728.49368816143,24715.9,-3.6,24728.49368816143,24728.49368816143,False,-16.19,40.85,104.8,STOP_LOSS
long,2025-06-06 14:30:00+05:30,2025-06-06 15:00:00+05:30,25002.45,24996.5,24919.82,82.63,24982.942202963364,24982.942202963364,False,-5.95,10.95,19.25,SOFT_EOD_EXIT
long,2025-06-10 10:20:00+05:30,2025-06-10 10:50:00+05:30,25145.25,25120.43066924069,25131.86,13.39,25120.43066924069,25120.43066924069,False,-24.82,8.55,40.0,STOP_LOSS
short,2025-06-11 14:15:00+05:30,2025-06-11 15:00:00+05:30,25138.55,25146.4,25170.78,-32.23,25152.307156596373,25152.307156596373,False,-7.85,7.95,19.05,SOFT_EOD_EXIT
short,2025-06-12 10:25:00+05:30,2025-06-12 12:10:00+05:30,25103.8,25034.99409858206,25122.39,-18.59,25121.444386416104,25034.99409858206,True,68.81,94.45,11.95,TRAIL_SL
short,2025-06-12 14:40:00+05:30,2025-06-12 15:00:00+05:30,24891.7,24905.5,25028.7,-137.0,24917.460418103437,24917.460418103437,False,-13.8,6.75,29.25,SOFT_EOD_EXIT
long,2025-06-16 14:20:00+05:30,2025-06-16 14:35:00+05:30,24948.6,24932.196433575922,24879.54,69.06,24932.196433575922,24932.196433575922,False,-16.4,6.15,20.1,STOP_LOSS
short,2025-06-17 10:25:00+05:30,2025-06-17 10:30:00+05:30,24872.25,24888.491787045776,24878.0,-5.75,24888.491787045776,24888.491787045776,False,-16.24,3.95,19.55,STOP_LOSS
short,2025-06-24 14:30:00+05:30,2025-06-24 15:00:00+05:30,25054.6,25027.35,25195.89,-141.29,25085.17924509743,25085.17924509743,False,27.25,39.1,22.45,SOFT_EOD_EXIT
long,2025-06-26 10:15:00+05:30,2025-06-26 10:40:00+05:30,25380.5,25347.39187932628,25368.2,12.3,25347.39187932628,25347.39187932628,False,-33.11,7.05,76.45,STOP_LOSS
long,2025-06-26 14:35:00+05:30,2025-06-26 15:10:00+05:30,25503.15,25544.85765104015,25391.97,111.18,25473.31516211518,25544.85765104015,True,41.71,62.15,22.8,TRAIL_SL
short,2025-06-30 10:10:00+05:30,2025-06-30 13:30:00+05:30,25586.4,25510.939145577006,25592.52,-6.12,25604.92367592031,25510.939145577006,True,75.46,95.9,13.6,TRAIL_SL
short,2025-06-30 14:20:00+05:30,2025-06-30 15:00:00+05:30,25497.65,25509.586296001315,25550.47,-52.82,25509.586296001315,25509.586296001315,False,-11.94,20.05,22.15,STOP_LOSS
short,2025-07-02 14:50:00+05:30,2025-07-02 14:55:00+05:30,25406.95,25419.020156731734,25476.92,-69.97,25419.020156731734,25419.020156731734,False,-12.07,0.6,24.05,STOP_LOSS
short,2025-07-04 09:30:00+05:30,2025-07-04 14:35:00+05:30,25406.75,25428.663481244686,25419.53,-12.78,25428.663481244686,25428.663481244686,False,-21.91,75.1,43.85,STOP_LOSS
long,2025-07-09 10:25:00+05:30,2025-07-09 13:00:00+05:30,25518.7,25499.589743262113,25503.13,15.57,25499.589743262113,25499.589743262113,False,-19.11,30.0,28.2,STOP_LOSS
short,2025-07-10 10:25:00+05:30,2025-07-10 15:00:00+05:30,25421.25,25362.5,25435.86,-14.61,25434.67002064886,25434.67002064886,False,58.75,78.85,9.8,SOFT_EOD_EXIT
short,2025-07-16 10:20:00+05:30,2025-07-16 11:45:00+05:30,25148.3,25160.223095649515,25152.03,-3.73,25160.223095649515,25160.223095649515,False,-11.92,27.25,18.15,STOP_LOSS
long,2025-07-16 14:30:00+05:30,2025-07-16 15:00:00+05:30,25227.7,25213.65,25178.47,49.23,25210.822006901573,25210.822006901573,False,-14.05,11.5,14.8,SOFT_EOD_EXIT
long,2025-07-23 14:25:00+05:30,2025-07-23 15:00:00+05:30,25195.4,25224.9,25144.41,50.99,25179.464244097086,25179.464244097086,False,29.5,35.75,3.4,SOFT_EOD_EXIT
short,2025-07-28 14:15:00+05:30,2025-07-28 14:35:00+05:30,24679.15,24695.159564703972,24775.75,-96.6,24695.159564703972,24695.159564703972,False,-16.01,8.95,17.85,STOP_LOSS
short,2025-08-05 10:05:00+05:30,2025-08-05 12:10:00+05:30,24633.65,24651.066461993807,24644.89,-11.24,24651.066461993807,24651.066461993807,False,-17.42,36.8,35.05,STOP_LOSS
short,2025-08-06 14:50:00+05:30,2025-08-06 15:00:00+05:30,24579.05,24568.45,24595.65,-16.6,24590.890545516537,24590.890545516537,False,10.6,22.7,6.55,SOFT_EOD_EXIT
short,2025-08-08 10:25:00+05:30,2025-08-08 15:00:00+05:30,24467.6,24396.5,24493.56,-25.96,24484.991801734403,24484.991801734403,False,71.1,84.9,13.75,SOFT_EOD_EXIT
long,2025-08-12 10:10:00+05:30,2025-08-12 10:25:00+05:30,24662.35,24634.122578468116,24643.36,18.99,24634.122578468116,24634.122578468116,False,-28.23,19.65,50.85,STOP_LOSS
long,2025-08-13 14:15:00+05:30,2025-08-13 15:00:00+05:30,24648.05,24627.972772460842,24596.38,51.67,24627.972772460842,24627.972772460842,False,-20.08,6.0,30.2,STOP_LOSS
short,2025-08-22 14:50:00+05:30,2025-08-22 15:00:00+05:30,24895.65,24870.05,24931.82,-36.17,24906.245264866102,24906.245264866102,False,25.6,29.95,2.65,SOFT_EOD_EXIT
short,2025-08-29 10:15:00+05:30,2025-08-29 10:20:00+05:30,24494.2,24513.803478411202,24501.39,-7.19,24513.803478411202,24513.803478411202,False,-19.6,0.8,23.9,STOP_LOSS
long,2025-09-02 10:20:00+05:30,2025-09-02 13:20:00+05:30,24720.25,24697.699291623518,24699.18,21.07,24697.699291623518,24697.699291623518,False,-22.55,35.85,41.35,STOP_LOSS
short,2025-09-02 14:35:00+05:30,2025-09-02 15:00:00+05:30,24574.9,24570.05,24696.09,-121.19,24601.562842430496,24601.562842430496,False,4.85,18.15,42.35,SOFT_EOD_EXIT
long,2025-09-03 14:40:00+05:30,2025-09-03 15:00:00+05:30,24660.75,24702.8,24605.58,55.17,24644.29848358514,24644.29848358514,False,42.05,43.3,1.85,SOFT_EOD_EXIT
short,2025-09-04 14:30:00+05:30,2025-09-04 14:40:00+05:30,24751.3,24769.13200075607,24824.04,-72.74,24769.13200075607,24769.13200075607,False,-17.83,22.0,28.25,STOP_LOSS
short,2025-09-04 14:45:00+05:30,2025-09-04 15:00:00+05:30,24763.0,24734.4,24820.87,-57.87,24782.59537204773,24782.59537204773,False,28.6,35.65,14.1,SOFT_EOD_EXIT
short,2025-09-05 10:25:00+05:30,2025-09-05 12:25:00+05:30,24721.75,24656.750888557428,24761.59,-39.84,24751.139899965365,24656.750888557428,True,65.0,79.45,8.35,TRAIL_SL
long,2025-09-17 10:25:00+05:30,2025-09-17 15:00:00+05:30,25320.35,25329.2,25317.32,3.03,25300.89569456511,25300.89569456511,False,8.85,26.15,40.5,SOFT_EOD_EXIT
short,2025-09-18 14:40:00+05:30,2025-09-18 14:45:00+05:30,25352.5,25366.259081018714,25399.04,-46.54,25366.259081018714,25366.259081018714,False,-13.76,1.25,35.05,STOP_LOSS
short,2025-09-19 10:20:00+05:30,2025-09-19 13:25:00+05:30,25330.2,25344.179869328356,25338.17,-7.97,25344.179869328356,25344.179869328356,False,-13.98,43.9,17.3,STOP_LOSS
short,2025-09-23 10:00:00+05:30,2025-09-23 12:30:00+05:30,25152.7,25171.854061287053,25167.99,-15.29,25171.854061287053,25171.854061287053,False,-19.15,68.05,35.95,STOP_LOSS
short,2025-09-25 10:20:00+05:30,2025-09-25 12:50:00+05:30,25042.3,24973.21580371762,25050.8,-8.5,25057.48402668205,24973.21580371762,True,69.08,82.75,11.5,TRAIL_SL
short,2025-09-26 10:20:00+05:30,2025-09-26 14:10:00+05:30,24789.1,24660.832818746036,24795.24,-6.14,24806.53828114923,24660.832818746036,True,128.27,150.7,19.15,TRAIL_SL
short,2025-09-26 14:35:00+05:30,2025-09-26 15:00:00+05:30,24656.6,24654.15,24754.78,-98.18,24672.74481465301,24672.74481465301,False,2.45,26.25,18.05,SOFT_EOD_EXIT
long,2025-10-01 14:55:00+05:30,2025-10-01 15:00:00+05:30,24835.35,24837.6,24742.99,92.36,24807.301410291508,24807.301410291508,False,2.25,13.45,5.95,SOFT_EOD_EXIT
long,2025-10-07 10:20:00+05:30,2025-10-07 11:15:00+05:30,25173.2,25148.539907451093,25153.36,19.84,25148.539907451093,25148.539907451093,False,-24.66,22.75,32.95,STOP_LOSS
long,2025-10-07 14:15:00+05:30,2025-10-07 14:25:00+05:30,25198.4,25176.61611923488,25163.63,34.77,25176.61611923488,25176.61611923488,False,-21.78,0.0,52.3,STOP_LOSS
long,2025-10-10 10:05:00+05:30,2025-10-10 11:20:00+05:30,25256.65,25297.613703278785,25250.52,6.13,25229.399838374266,25297.613703278785,True,40.96,58.9,7.9,TRAIL_SL
short,2025-10-14 10:25:00+05:30,2025-10-14 11:35:00+05:30,25210.45,25146.0683107359,25234.11,-23.66,25229.437648604584,25146.0683107359,True,64.38,94.9,29.8,TRAIL_SL
short,2025-10-20 14:45:00+05:30,2025-10-20 15:00:00+05:30,25830.55,25821.05,25855.55,-25.0,25849.423230948072,25849.423230948072,False,9.5,19.55,6.65,SOFT_EOD_EXIT
long,2025-10-23 10:25:00+05:30,2025-10-23 13:30:00+05:30,26073.4,26045.744331669088,26067.57,5.83,26045.744331669088,26045.744331669088,False,-27.66,30.8,53.1,STOP_LOSS
short,2025-10-23 14:50:00+05:30,2025-10-23 15:00:00+05:30,25967.5,25907.55,26045.74,-78.24,25987.4682393143,25987.4682393143,False,59.95,62.05,8.7,SOFT_EOD_EXIT
short,2025-10-24 14:30:00+05:30,2025-10-24 15:00:00+05:30,25759.4,25776.018150874497,25822.14,-62.74,25776.018150874497,25776.018150874497,False,-16.62,21.45,43.95,STOP_LOSS
short,2025-10-28 14:50:00+05:30,2025-10-28 15:00:00+05:30,25834.25,25857.006677099616,25896.62,-62.37,25857.006677099616,25857.006677099616,False,-22.76,1.6,86.9,STOP_LOSS
short,2025-10-30 10:25:00+05:30,2025-10-30 11:20:00+05:30,25938.05,25958.382558100293,25942.93,-4.88,25958.382558100293,25958.382558100293,False,-20.33,26.1,36.95,STOP_LOSS
short,2025-11-04 10:00:00+05:30,2025-11-04 14:35:00+05:30,25716.65,25624.293628286687,25720.0,-3.35,25732.645722760175,25624.293628286687,True,92.36,124.0,3.9,TRAIL_SL
long,2025-11-11 14:40:00+05:30,2025-11-11 15:00:00+05:30,25663.45,25693.85,25554.0,109.45,25634.933473219247,25634.933473219247,False,30.4,39.3,2.7,SOFT_EOD_EXIT
long,2025-11-12 10:15:00+05:30,2025-11-12 12:10:00+05:30,25836.95,25892.886569309943,25831.48,5.47,25808.87823132364,25892.886569309943,True,55.94,70.9,7.0,TRAIL_SL
short,2025-11-13 14:25:00+05:30,2025-11-13 15:00:00+05:30,25921.6,25888.65,25938.7,-17.1,25938.840470434392,25938.840470434392,False,32.95,51.75,18.35,SOFT_EOD_EXIT
short,2025-11-14 10:15:00+05:30,2025-11-14 10:50:00+05:30,25798.65,25823.453305891737,25814.74,-16.09,25823.453305891737,25823.453305891737,False,-24.8,46.95,39.15,STOP_LOSS
short,2025-11-14 14:15:00+05:30,2025-11-14 14:35:00+05:30,25771.9,25784.97589236475,25803.27,-31.37,25784.97589236475,25784.97589236475,False,-13.08,14.75,25.4,STOP_LOSS
long,2025-11-20 14:35:00+05:30,2025-11-20 14:40:00+05:30,26218.7,26198.852371811357,26152.27,66.43,26198.852371811357,26198.852371811357,False,-19.85,5.1,23.4,STOP_LOSS
short,2025-11-25 09:45:00+05:30,2025-11-25 09:50:00+05:30,25961.15,25979.614565653388,25965.17,-4.02,25979.614565653388,25979.614565653388,False,-18.46,9.05,26.95,STOP_LOSS
long,2025-11-26 14:15:00+05:30,2025-11-26 14:25:00+05:30,26189.9,26167.740618062053,26123.57,66.33,26167.740618062053,26167.740618062053,False,-22.16,9.75,22.3,STOP_LOSS
long,2025-11-27 10:20:00+05:30,2025-11-27 11:45:00+05:30,26276.95,26251.277739214464,26269.1,7.85,26251.277739214464,26251.277739214464,False,-25.67,33.5,43.25,STOP_LOSS
short,2025-12-02 10:25:00+05:30,2025-12-02 10:55:00+05:30,26078.8,26092.2033622572,26091.84,-13.04,26092.2033622572,26092.2033622572,False,-13.4,9.15,20.8,STOP_LOSS
short,2025-12-08 10:20:00+05:30,2025-12-08 13:00:00+05:30,26101.65,26021.452209573887,26111.56,-9.91,26118.60852995268,26021.452209573887,True,80.2,97.15,2.25,TRAIL_SL
short,2025-12-08 14:20:00+05:30,2025-12-08 14:50:00+05:30,25929.8,25946.814036183223,26040.7,-110.9,25946.814036183223,25946.814036183223,False,-17.01,26.35,41.0,STOP_LOSS
short,2025-12-08 14:55:00+05:30,2025-12-08 15:00:00+05:30,25939.6,25955.81896384516,26029.51,-89.91,25955.81896384516,25955.81896384516,False,-16.22,0.0,39.35,STOP_LOSS
short,2025-12-09 14:55:00+05:30,2025-12-09 15:00:00+05:30,25831.45,25840.05,25843.65,-12.2,25847.14751351036,25847.14751351036,False,-8.6,0.0,24.15,SOFT_EOD_EXIT
short,2025-12-10 14:45:00+05:30,2025-12-10 15:00:00+05:30,25760.45,25762.15,25838.69,-78.24,25777.394346396068,25777.394346396068,False,-1.7,21.05,16.45,SOFT_EOD_EXIT
short,2025-12-11 10:00:00+05:30,2025-12-11 10:05:00+05:30,25739.0,25763.69919092409,25746.73,-7.73,25763.69919092409,25763.69919092409,False,-24.7,5.6,35.1,STOP_LOSS
short,2025-12-16 10:15:00+05:30,2025-12-16 15:00:00+05:30,25912.45,25874.6,25917.76,-5.31,25928.27637972107,25928.27637972107,False,37.85,64.3,16.7,SOFT_EOD_EXIT
short,2025-12-18 14:30:00+05:30,2025-12-18 15:00:00+05:30,25808.9,25823.65,25836.18,-27.28,25824.659777975754,25824.659777975754,False,-14.75,38.05,16.4,SOFT_EOD_EXIT
long,2025-12-22 10:25:00+05:30,2025-12-22 15:00:00+05:30,26124.85,26176.7,26122.31,2.54,26105.705829869767,26105.705829869767,False,51.85,54.6,13.1,SOFT_EOD_EXIT
short,2025-12-26 10:25:00+05:30,2025-12-26 14:50:00+05:30,26091.75,26018.212237401705,26099.07,-7.32,26102.91253154601,26018.212237401705,True,73.54,83.15,5.85,TRAIL_SL
long,2025-12-31 14:15:00+05:30,2025-12-31 15:00:00+05:30,26160.95,26146.2875171611,26075.96,84.99,26146.2875171611,26146.2875171611,False,-14.66,27.0,28.95,STOP_LOSS
long,2026-01-02 10:25:00+05:30,2026-01-02 12:45:00+05:30,26247.1,26302.15787665512,26231.76,15.34,26226.79093433461,26302.15787665512,True,55.06,65.3,12.05,TRAIL_SL
short,2026-01-05 14:30:00+05:30,2026-01-05 14:45:00+05:30,26246.5,26259.745531314387,26313.08,-66.58,26259.745531314387,26259.745531314387,False,-13.25,12.7,14.6,STOP_LOSS
short,2026-01-09 14:45:00+05:30,2026-01-09 15:00:00+05:30,25669.95,25679.45,25762.81,-92.86,25685.855858639734,25685.855858639734,False,-9.5,11.6,14.65,SOFT_EOD_EXIT
short,2026-01-13 14:30:00+05:30,2026-01-13 14:35:00+05:30,25640.25,25660.128855814666,25725.98,-85.73,25660.128855814666,25660.128855814666,False,-19.88,5.45,33.95,STOP_LOSS
short,2026-01-16 14:15:00+05:30,2026-01-16 14:35:00+05:30,25687.4,25704.927885839606,25765.07,-77.67,25704.927885839606,25704.927885839606,False,-17.53,7.9,23.2,STOP_LOSS
short,2026-01-19 10:20:00+05:30,2026-01-19 13:45:00+05:30,25540.65,25561.894790236798,25553.22,-12.57,25561.894790236798,25561.894790236798,False,-21.24,46.3,35.4,STOP_LOSS
short,2026-01-20 10:05:00+05:30,2026-01-20 14:00:00+05:30,25479.8,25375.129422361817,25484.47,-4.67,25502.260616765678,25375.129422361817,True,104.67,130.25,24.2,TRAIL_SL
short,2026-01-20 14:20:00+05:30,2026-01-20 14:25:00+05:30,25366.55,25381.330498366864,25443.05,-76.5,25381.330498366864,25381.330498366864,False,-14.78,4.15,25.8,STOP_LOSS
short,2026-01-20 14:30:00+05:30,2026-01-20 15:25:00+05:30,25379.15,25198.763248318224,25441.16,-62.01,25394.43746321778,25198.763248318224,True,180.39,207.8,5.3,TRAIL_SL
