pos,price,kind,volume,timestamp,label,trend
6,25969.349609375,low,0.0,2025-12-31 09:45:00+05:30,HL,up
56,26179.25,high,0.0,2025-12-31 13:55:00+05:30,HH,up
61,26144.400390625,low,0.0,2025-12-31 14:20:00+05:30,HL,up
66,26187.0,high,0.0,2025-12-31 14:45:00+05:30,HH,up
71,26115.05078125,low,0.0,2025-12-31 15:10:00+05:30,LL,down
82,26197.0,high,0.0,2026-01-01 09:50:00+05:30,HH,up
88,26118.400390625,low,0.0,2026-01-01 10:20:00+05:30,HL,up
94,26185.599609375,high,0.0,2026-01-01 10:50:00+05:30,LH,down
111,26114.19921875,low,0.0,2026-01-01 12:15:00+05:30,LL,down
123,26167.94921875,high,0.0,2026-01-01 13:15:00+05:30,LH,down
124,26129.69921875,low,0.0,2026-01-01 13:20:00+05:30,HL,up
136,26178.0,high,0.0,2026-01-01 14:20:00+05:30,HH,up
150,26125.099609375,low,0.0,2026-01-02 09:15:00+05:30,LL,down
157,26270.80078125,high,0.0,2026-01-02 09:50:00+05:30,HH,up
165,26235.05078125,low,0.0,2026-01-02 10:30:00+05:30,HL,up
169,26267.849609375,high,0.0,2026-01-02 10:50:00+05:30,LH,down
173,26243.30078125,low,0.0,2026-01-02 11:10:00+05:30,HL,up
181,26297.099609375,high,0.0,2026-01-02 11:50:00+05:30,HH,up
183,26275.05078125,low,0.0,2026-01-02 12:00:00+05:30,HL,up
211,26314.55078125,high,0.0,2026-01-02 14:20:00+05:30,HH,up
216,26265.849609375,low,0.0,2026-01-02 14:45:00+05:30,LL,down
225,26350.400390625,high,0.0,2026-01-05 09:15:00+05:30,HH,up
229,26263.80078125,low,0.0,2026-01-05 09:35:00+05:30,LL,down
239,26372.849609375,high,0.0,2026-01-05 10:25:00+05:30,HH,up
242,26333.94921875,low,0.0,2026-01-05 10:40:00+05:30,HL,up
246,26365.0,high,0.0,2026-01-05 11:00:00+05:30,LH,down
258,26311.5,low,0.0,2026-01-05 12:00:00+05:30,LL,down
268,26349.349609375,high,0.0,2026-01-05 12:50:00+05:30,LH,down
283,26210.349609375,low,0.0,2026-01-05 14:05:00+05:30,LL,down
294,26282.900390625,high,0.0,2026-01-05 15:00:00+05:30,LH,down
300,26158.349609375,low,0.0,2026-01-06 09:15:00+05:30,LL,down
309,26273.150390625,high,0.0,2026-01-06 10:00:00+05:30,LH,down
325,26141.05078125,low,0.0,2026-01-06 11:20:00+05:30,LL,down
331,26200.19921875,high,0.0,2026-01-06 11:50:00+05:30,LH,down
338,26150.150390625,low,0.0,2026-01-06 12:25:00+05:30,HL,up
346,26195.0,high,0.0,2026-01-06 13:05:00+05:30,LH,down
351,26147.150390625,low,0.0,2026-01-06 13:30:00+05:30,LL,down
355,26179.69921875,high,0.0,2026-01-06 13:50:00+05:30,LH,down
361,26125.55078125,low,0.0,2026-01-06 14:20:00+05:30,LL,down
370,26187.69921875,high,0.0,2026-01-06 15:05:00+05:30,HH,up
382,26097.25,low,0.0,2026-01-07 09:50:00+05:30,LL,down
387,26186.94921875,high,0.0,2026-01-07 10:15:00+05:30,LH,down
391,26125.19921875,low,0.0,2026-01-07 10:35:00+05:30,HL,up
397,26184.75,high,0.0,2026-01-07 11:05:00+05:30,LH,down
417,26077.5,low,0.0,2026-01-07 12:45:00+05:30,LL,down
422,26114.0,high,0.0,2026-01-07 13:10:00+05:30,LH,down
428,26068.30078125,low,0.0,2026-01-07 13:40:00+05:30,LL,down
434,26106.150390625,high,0.0,2026-01-07 14:10:00+05:30,LH,down
438,26083.19921875,low,0.0,2026-01-07 14:30:00+05:30,HL,up
447,26153.599609375,high,0.0,2026-01-07 15:15:00+05:30,HH,up
484,25884.75,low,0.0,2026-01-08 12:05:00+05:30,LL,down
496,25928.5,high,0.0,2026-01-08 13:05:00+05:30,LH,down
501,25886.400390625,low,0.0,2026-01-08 13:30:00+05:30,HL,up
511,25946.19921875,high,0.0,2026-01-08 14:20:00+05:30,HH,up
512,25900.44921875,low,0.0,2026-01-08 14:25:00+05:30,HL,up
525,25940.25,high,0.0,2026-01-09 09:15:00+05:30,LH,down
529,25818.349609375,low,0.0,2026-01-09 09:35:00+05:30,LL,down
534,25901.94921875,high,0.0,2026-01-09 10:00:00+05:30,LH,down
567,25665.25,low,0.0,2026-01-09 12:45:00+05:30,LL,down
577,25730.400390625,high,0.0,2026-01-09 13:35:00+05:30,LH,down
590,25623.5,low,0.0,2026-01-09 14:40:00+05:30,LL,down
599,25703.69921875,high,0.0,2026-01-09 15:25:00+05:30,LH,down
602,25529.400390625,low,0.0,2026-01-12 09:25:00+05:30,LL,down
607,25608.55078125,high,0.0,2026-01-12 09:50:00+05:30,LH,down
612,25545.94921875,low,0.0,2026-01-12 10:15:00+05:30,HL,up
614,25598.19921875,high,0.0,2026-01-12 10:25:00+05:30,LH,down
629,25473.400390625,low,0.0,2026-01-12 11:40:00+05:30,LL,down
642,25738.099609375,high,0.0,2026-01-12 12:45:00+05:30,HH,up
645,25673.099609375,low,0.0,2026-01-12 13:00:00+05:30,HL,up
652,25757.0,high,0.0,2026-01-12 13:35:00+05:30,HH,up
664,25704.650390625,low,0.0,2026-01-12 14:35:00+05:30,HL,up
675,25889.0,high,0.0,2026-01-13 09:15:00+05:30,HH,up
683,25701.30078125,low,0.0,2026-01-13 09:55:00+05:30,LL,down
690,25827.05078125,high,0.0,2026-01-13 10:30:00+05:30,LH,down
717,25603.400390625,low,0.0,2026-01-13 14:30:00+05:30,LL,down
723,25757.150390625,high,0.0,2026-01-13 15:00:00+05:30,LH,down
729,25640.400390625,low,0.0,2026-01-14 09:15:00+05:30,HL,up
737,25761.30078125,high,0.0,2026-01-14 09:55:00+05:30,HH,up
742,25661.349609375,low,0.0,2026-01-14 10:20:00+05:30,HL,up
762,25791.30078125,high,0.0,2026-01-14 12:00:00+05:30,HH,up
765,25734.5,low,0.0,2026-01-14 12:15:00+05:30,HL,up
769,25780.900390625,high,0.0,2026-01-14 12:35:00+05:30,LH,down
791,25604.099609375,low,0.0,2026-01-14 14:25:00+05:30,LL,down
795,25715.650390625,high,0.0,2026-01-14 14:45:00+05:30,LH,down
801,25648.30078125,low,0.0,2026-01-14 15:15:00+05:30,HL,up
821,25872.849609375,high,0.0,2026-01-16 10:40:00+05:30,HH,up
836,25770.25,low,0.0,2026-01-16 11:55:00+05:30,HL,up
840,25829.19921875,high,0.0,2026-01-16 12:15:00+05:30,LH,down
854,25662.80078125,low,0.0,2026-01-16 13:25:00+05:30,LL,down
869,25720.44921875,high,0.0,2026-01-16 14:40:00+05:30,LH,down
896,25494.94921875,low,0.0,2026-01-19 10:40:00+05:30,LL,down
900,25564.19921875,high,0.0,2026-01-19 11:00:00+05:30,LH,down
904,25508.69921875,low,0.0,2026-01-19 11:20:00+05:30,HL,up
915,25556.25,high,0.0,2026-01-19 12:15:00+05:30,LH,down
921,25510.650390625,low,0.0,2026-01-19 12:45:00+05:30,HL,up
925,25565.25,high,0.0,2026-01-19 13:05:00+05:30,HH,up
929,25522.349609375,low,0.0,2026-01-19 13:25:00+05:30,HL,up
947,25636.30078125,high,0.0,2026-01-19 14:55:00+05:30,HH,up
962,25432.75,low,0.0,2026-01-20 09:55:00+05:30,LL,down
970,25504.0,high,0.0,2026-01-20 10:35:00+05:30,LH,down
978,25443.849609375,low,0.0,2026-01-20 11:15:00+05:30,HL,up
985,25492.5,high,0.0,2026-01-20 11:50:00+05:30,LH,down
996,25405.599609375,low,0.0,2026-01-20 12:45:00+05:30,LL,down
998,25436.900390625,high,0.0,2026-01-20 12:55:00+05:30,LH,down
1013,25347.900390625,low,0.0,2026-01-20 14:10:00+05:30,LL,down
1017,25394.099609375,high,0.0,2026-01-20 14:30:00+05:30,LH,down
1049,24920.19921875,low,0.0,2026-01-21 10:55:00+05:30,LL,down
1074,25300.650390625,high,0.0,2026-01-21 13:00:00+05:30,LH,down
1092,25119.849609375,low,0.0,2026-01-21 14:30:00+05:30,HL,up
1111,25434.849609375,high,0.0,2026-01-22 09:50:00+05:30,HH,up
1127,25202.44921875,low,0.0,2026-01-22 11:10:00+05:30,HL,up
1130,25280.55078125,high,0.0,2026-01-22 11:25:00+05:30,LH,down
1134,25177.849609375,low,0.0,2026-01-22 11:45:00+05:30,LL,down
1141,25277.5,high,0.0,2026-01-22 12:20:00+05:30,LH,down
1155,25169.69921875,low,0.0,2026-01-22 13:30:00+05:30,LL,down
1161,25245.0,high,0.0,2026-01-22 14:00:00+05:30,LH,down
1164,25168.5,low,0.0,2026-01-22 14:15:00+05:30,LL,down
1170,25318.19921875,high,0.0,2026-01-22 14:45:00+05:30,HH,up
1173,25238.80078125,low,0.0,2026-01-22 15:00:00+05:30,HL,up
1182,25345.349609375,high,0.0,2026-01-23 09:30:00+05:30,HH,up
1191,25251.55078125,low,0.0,2026-01-23 10:15:00+05:30,HL,up
1194,25320.80078125,high,0.0,2026-01-23 10:30:00+05:30,LH,down
1214,25183.94921875,low,0.0,2026-01-23 12:10:00+05:30,LL,down
1221,25243.80078125,high,0.0,2026-01-23 12:45:00+05:30,LH,down
1240,25041.349609375,low,0.0,2026-01-23 14:20:00+05:30,LL,down
1244,25107.80078125,high,0.0,2026-01-23 14:40:00+05:30,LH,down
1256,24933.05078125,low,0.0,2026-01-27 09:25:00+05:30,LL,down
1266,25184.0,high,0.0,2026-01-27 10:15:00+05:30,HH,up
1274,24979.05078125,low,0.0,2026-01-27 10:55:00+05:30,HL,up
1284,25162.05078125,high,0.0,2026-01-27 11:45:00+05:30,LH,down
1297,25056.5,low,0.0,2026-01-27 12:50:00+05:30,HL,up
1305,25132.25,high,0.0,2026-01-27 13:30:00+05:30,LH,down
1312,24998.25,low,0.0,2026-01-27 14:05:00+05:30,LL,down
1330,25371.400390625,high,0.0,2026-01-28 09:20:00+05:30,HH,up
1340,25232.69921875,low,0.0,2026-01-28 10:10:00+05:30,HL,up
1355,25351.05078125,high,0.0,2026-01-28 11:25:00+05:30,LH,down
1359,25290.650390625,low,0.0,2026-01-28 11:45:00+05:30,HL,up
1363,25339.5,high,0.0,2026-01-28 12:05:00+05:30,LH,down
1384,25188.150390625,low,0.0,2026-01-28 13:50:00+05:30,LL,down
1403,25358.400390625,high,0.0,2026-01-28 15:25:00+05:30,HH,up
1412,25160.05078125,low,0.0,2026-01-29 09:55:00+05:30,LL,down
1429,25296.900390625,high,0.0,2026-01-29 11:20:00+05:30,LH,down
1435,25240.0,low,0.0,2026-01-29 11:50:00+05:30,HL,up
1471,25457.19921875,high,0.0,2026-01-29 14:50:00+05:30,HH,up
1482,25219.150390625,low,0.0,2026-01-30 09:30:00+05:30,LL,down
1486,25323.0,high,0.0,2026-01-30 09:50:00+05:30,LH,down
1489,25266.44921875,low,0.0,2026-01-30 10:05:00+05:30,HL,up
1497,25312.650390625,high,0.0,2026-01-30 10:45:00+05:30,LH,down
1506,25232.0,low,0.0,2026-01-30 11:30:00+05:30,LL,down
1517,25316.599609375,high,0.0,2026-01-30 12:25:00+05:30,HH,up
1527,25213.80078125,low,0.0,2026-01-30 13:15:00+05:30,LL,down
1538,25370.599609375,high,0.0,2026-01-30 14:10:00+05:30,HH,up
1548,25293.30078125,low,0.0,2026-01-30 15:00:00+05:30,HL,up
1554,26290.19921875,high,0.0,2026-02-03 09:15:00+05:30,HH,up
1564,25642.349609375,low,0.0,2026-02-03 10:05:00+05:30,HL,up
1570,25821.650390625,high,0.0,2026-02-03 10:35:00+05:30,LH,down
1573,25746.69921875,low,0.0,2026-02-03 10:50:00+05:30,HL,up
1582,25863.150390625,high,0.0,2026-02-03 11:35:00+05:30,HH,up
1594,25767.55078125,low,0.0,2026-02-03 12:35:00+05:30,HL,up
1600,25811.5,high,0.0,2026-02-03 13:05:00+05:30,LH,down
1606,25729.400390625,low,0.0,2026-02-03 13:35:00+05:30,LL,down
1608,25811.849609375,high,0.0,2026-02-03 13:45:00+05:30,HH,up
1629,25572.30078125,low,0.0,2026-02-04 09:15:00+05:30,LL,down
1640,25801.80078125,high,0.0,2026-02-04 10:10:00+05:30,LH,down
1645,25709.55078125,low,0.0,2026-02-04 10:35:00+05:30,HL,up
1650,25760.150390625,high,0.0,2026-02-04 11:00:00+05:30,LH,down
1655,25685.94921875,low,0.0,2026-02-04 11:25:00+05:30,LL,down
1670,25762.94921875,high,0.0,2026-02-04 12:40:00+05:30,HH,up
1673,25701.25,low,0.0,2026-02-04 12:55:00+05:30,HL,up
1690,25818.30078125,high,0.0,2026-02-04 14:20:00+05:30,HH,up
1712,25613.099609375,low,0.0,2026-02-05 09:55:00+05:30,LL,down
1717,25700.44921875,high,0.0,2026-02-05 10:20:00+05:30,LH,down
1725,25611.94921875,low,0.0,2026-02-05 11:00:00+05:30,LL,down
1733,25680.19921875,high,0.0,2026-02-05 11:40:00+05:30,LH,down
1743,25604.099609375,low,0.0,2026-02-05 12:30:00+05:30,LL,down
1753,25657.30078125,high,0.0,2026-02-05 13:20:00+05:30,LH,down
1754,25611.19921875,low,0.0,2026-02-05 13:25:00+05:30,HL,up
1759,25647.400390625,high,0.0,2026-02-05 13:50:00+05:30,LH,down
1763,25580.599609375,low,0.0,2026-02-05 14:10:00+05:30,LL,down
1774,25669.75,high,0.0,2026-02-05 15:05:00+05:30,HH,up
1799,25492.150390625,low,0.0,2026-02-06 10:55:00+05:30,LL,down
1812,25657.599609375,high,0.0,2026-02-06 12:00:00+05:30,LH,down
1823,25526.650390625,low,0.0,2026-02-06 12:55:00+05:30,HL,up
1836,25633.30078125,high,0.0,2026-02-06 14:00:00+05:30,LH,down
1853,25660.19921875,low,0.0,2026-02-06 15:25:00+05:30,HL,up
1854,25903.099609375,high,0.0,2026-02-09 09:15:00+05:30,HH,up
1859,25781.55078125,low,0.0,2026-02-09 09:40:00+05:30,HL,up
1864,25831.099609375,high,0.0,2026-02-09 10:05:00+05:30,LH,down
1866,25794.0,low,0.0,2026-02-09 10:15:00+05:30,HL,up
1875,25870.05078125,high,0.0,2026-02-09 11:00:00+05:30,HH,up
1886,25830.5,low,0.0,2026-02-09 11:55:00+05:30,HL,up
1892,25861.44921875,high,0.0,2026-02-09 12:25:00+05:30,LH,down
1898,25819.94921875,low,0.0,2026-02-09 12:55:00+05:30,LL,down
1901,25860.30078125,high,0.0,2026-02-09 13:10:00+05:30,LH,down
1912,25835.5,low,0.0,2026-02-09 14:05:00+05:30,HL,up
1915,25864.400390625,high,0.0,2026-02-09 14:20:00+05:30,HH,up
1921,25836.25,low,0.0,2026-02-09 14:50:00+05:30,HL,up
1944,25978.55078125,high,0.0,2026-02-10 10:30:00+05:30,HH,up
1957,25941.900390625,low,0.0,2026-02-10 11:35:00+05:30,HL,up
1965,25969.80078125,high,0.0,2026-02-10 12:15:00+05:30,LH,down
1969,25950.849609375,low,0.0,2026-02-10 12:35:00+05:30,HL,up
1972,25989.19921875,high,0.0,2026-02-10 12:50:00+05:30,HH,up
1986,25893.19921875,low,0.0,2026-02-10 14:00:00+05:30,LL,down
1990,25943.80078125,high,0.0,2026-02-10 14:20:00+05:30,LH,down
1994,25903.849609375,low,0.0,2026-02-10 14:40:00+05:30,HL,up
1998,25967.400390625,high,0.0,2026-02-10 15:00:00+05:30,HH,up
2003,25906.05078125,low,0.0,2026-02-10 15:25:00+05:30,HL,up
2004,26000.650390625,high,0.0,2026-02-11 09:15:00+05:30,HH,up
2015,25909.94921875,low,0.0,2026-02-11 10:10:00+05:30,HL,up
2021,25981.30078125,high,0.0,2026-02-11 10:40:00+05:30,LH,down
2026,25938.900390625,low,0.0,2026-02-11 11:05:00+05:30,HL,up
2032,25979.05078125,high,0.0,2026-02-11 11:35:00+05:30,LH,down
2045,25900.19921875,low,0.0,2026-02-11 12:40:00+05:30,LL,down
2057,25969.19921875,high,0.0,2026-02-11 13:40:00+05:30,LH,down
2061,25925.55078125,low,0.0,2026-02-11 14:00:00+05:30,HL,up
2073,25970.75,high,0.0,2026-02-11 15:00:00+05:30,HH,up
2082,25823.80078125,low,0.0,2026-02-12 09:30:00+05:30,LL,down
2091,25882.599609375,high,0.0,2026-02-12 10:15:00+05:30,LH,down
2112,25806.849609375,low,0.0,2026-02-12 12:00:00+05:30,LL,down
2129,25879.30078125,high,0.0,2026-02-12 13:25:00+05:30,LH,down
2145,25752.400390625,low,0.0,2026-02-12 14:45:00+05:30,LL,down
2148,25840.69921875,high,0.0,2026-02-12 15:00:00+05:30,LH,down
2166,25513.55078125,low,0.0,2026-02-13 10:15:00+05:30,LL,down
2171,25584.30078125,high,0.0,2026-02-13 10:40:00+05:30,LH,down
2179,25522.80078125,low,0.0,2026-02-13 11:20:00+05:30,HL,up
2193,25606.05078125,high,0.0,2026-02-13 12:30:00+05:30,HH,up
2200,25531.650390625,low,0.0,2026-02-13 13:05:00+05:30,HL,up
2202,25586.849609375,high,0.0,2026-02-13 13:15:00+05:30,LH,down
2229,25376.05078125,low,0.0,2026-02-16 09:15:00+05:30,LL,down
2232,25527.5,high,0.0,2026-02-16 09:30:00+05:30,LH,down
2236,25431.900390625,low,0.0,2026-02-16 09:50:00+05:30,HL,up
2241,25561.150390625,high,0.0,2026-02-16 10:15:00+05:30,HH,up
2250,25507.150390625,low,0.0,2026-02-16 11:00:00+05:30,HL,up
2255,25547.150390625,high,0.0,2026-02-16 11:25:00+05:30,LH,down
2259,25503.05078125,low,0.0,2026-02-16 11:45:00+05:30,LL,down
2269,25590.5,high,0.0,2026-02-16 12:35:00+05:30,HH,up
2273,25550.650390625,low,0.0,2026-02-16 12:55:00+05:30,HL,up
2283,25593.900390625,high,0.0,2026-02-16 13:45:00+05:30,HH,up
2285,25544.849609375,low,0.0,2026-02-16 13:55:00+05:30,LL,down
2300,25695.849609375,high,0.0,2026-02-16 15:10:00+05:30,HH,up
2306,25570.69921875,low,0.0,2026-02-17 09:25:00+05:30,HL,up
2319,25730.099609375,high,0.0,2026-02-17 10:30:00+05:30,HH,up
2322,25642.75,low,0.0,2026-02-17 10:45:00+05:30,HL,up
2332,25745.349609375,high,0.0,2026-02-17 11:35:00+05:30,HH,up
2350,25713.900390625,low,0.0,2026-02-17 13:05:00+05:30,HL,up
2351,25763.900390625,high,0.0,2026-02-17 13:10:00+05:30,HH,up
2364,25662.599609375,low,0.0,2026-02-17 14:15:00+05:30,LL,down
2379,25754.650390625,high,0.0,2026-02-18 09:15:00+05:30,LH,down
2391,25645.900390625,low,0.0,2026-02-18 10:15:00+05:30,LL,down
2406,25716.55078125,high,0.0,2026-02-18 11:30:00+05:30,LH,down
2408,25676.55078125,low,0.0,2026-02-18 11:40:00+05:30,HL,up
2428,25753.19921875,high,0.0,2026-02-18 13:20:00+05:30,HH,up
2435,25695.75,low,0.0,2026-02-18 13:55:00+05:30,HL,up
2454,25879.599609375,high,0.0,2026-02-19 09:15:00+05:30,HH,up
2471,25708.75,low,0.0,2026-02-19 10:40:00+05:30,HL,up
2475,25746.0,high,0.0,2026-02-19 11:00:00+05:30,LH,down
2496,25568.19921875,low,0.0,2026-02-19 12:45:00+05:30,LL,down
2504,25636.25,high,0.0,2026-02-19 13:25:00+05:30,LH,down
2531,25380.349609375,low,0.0,2026-02-20 09:25:00+05:30,LL,down
2547,25606.0,high,0.0,2026-02-20 10:45:00+05:30,LH,down
2552,25560.75,low,0.0,2026-02-20 11:10:00+05:30,HL,up
2559,25620.05078125,high,0.0,2026-02-20 11:45:00+05:30,HH,up
2562,25580.55078125,low,0.0,2026-02-20 12:00:00+05:30,HL,up
2567,25663.349609375,high,0.0,2026-02-20 12:25:00+05:30,HH,up
2578,25532.0,low,0.0,2026-02-20 13:20:00+05:30,LL,down
2595,25652.849609375,high,0.0,2026-02-20 14:45:00+05:30,LH,down
2602,25538.900390625,low,0.0,2026-02-20 15:20:00+05:30,HL,up
2607,25770.69921875,high,0.0,2026-02-23 09:30:00+05:30,HH,up
2622,25646.599609375,low,0.0,2026-02-23 10:45:00+05:30,HL,up
2628,25699.19921875,high,0.0,2026-02-23 11:15:00+05:30,LH,down
2635,25631.650390625,low,0.0,2026-02-23 11:50:00+05:30,LL,down
2646,25690.849609375,high,0.0,2026-02-23 12:45:00+05:30,LH,down
2652,25627.69921875,low,0.0,2026-02-23 13:15:00+05:30,LL,down
2655,25680.30078125,high,0.0,2026-02-23 13:30:00+05:30,LH,down
2661,25609.349609375,low,0.0,2026-02-23 14:00:00+05:30,LL,down
2674,25728.94921875,high,0.0,2026-02-23 15:05:00+05:30,HH,up
2698,25460.849609375,low,0.0,2026-02-24 10:50:00+05:30,LL,down
2708,25525.19921875,high,0.0,2026-02-24 11:40:00+05:30,LH,down
2722,25387.44921875,low,0.0,2026-02-24 12:50:00+05:30,LL,down
2726,25433.25,high,0.0,2026-02-24 13:10:00+05:30,LH,down
2731,25328.0,low,0.0,2026-02-24 13:35:00+05:30,LL,down
2739,25446.099609375,high,0.0,2026-02-24 14:15:00+05:30,HH,up
2745,25361.900390625,low,0.0,2026-02-24 14:45:00+05:30,HL,up
2766,25652.5,high,0.0,2026-02-25 10:15:00+05:30,HH,up
2783,25581.05078125,low,0.0,2026-02-25 11:40:00+05:30,HL,up
2785,25622.19921875,high,0.0,2026-02-25 11:50:00+05:30,LH,down
2804,25428.400390625,low,0.0,2026-02-25 13:25:00+05:30,LL,down
2815,25502.44921875,high,0.0,2026-02-25 14:20:00+05:30,LH,down
2821,25439.94921875,low,0.0,2026-02-25 14:50:00+05:30,HL,up
2840,25572.25,high,0.0,2026-02-26 10:10:00+05:30,HH,up
2850,25491.69921875,low,0.0,2026-02-26 11:00:00+05:30,HL,up
2855,25570.849609375,high,0.0,2026-02-26 11:25:00+05:30,LH,down
2866,25401.599609375,low,0.0,2026-02-26 12:20:00+05:30,LL,down
2879,25454.75,high,0.0,2026-02-26 13:25:00+05:30,LH,down
2887,25406.150390625,low,0.0,2026-02-26 14:05:00+05:30,HL,up
2895,25527.150390625,high,0.0,2026-02-26 14:45:00+05:30,HH,up
2917,25292.650390625,low,0.0,2026-02-27 10:20:00+05:30,LL,down
2920,25346.44921875,high,0.0,2026-02-27 10:35:00+05:30,LH,down
2924,25304.25,low,0.0,2026-02-27 10:55:00+05:30,HL,up
2928,25341.650390625,high,0.0,2026-02-27 11:15:00+05:30,LH,down
2932,25272.19921875,low,0.0,2026-02-27 11:35:00+05:30,LL,down
2937,25328.80078125,high,0.0,2026-02-27 12:00:00+05:30,LH,down
2946,25269.650390625,low,0.0,2026-02-27 12:45:00+05:30,LL,down
2961,25352.05078125,high,0.0,2026-02-27 14:00:00+05:30,HH,up
2967,25287.0,low,0.0,2026-02-27 14:30:00+05:30,HL,up
2972,25314.80078125,high,0.0,2026-02-27 14:55:00+05:30,LH,down
2979,24722.0,low,0.0,2026-03-02 09:15:00+05:30,LL,down
2985,24988.75,high,0.0,2026-03-02 09:45:00+05:30,LH,down
2996,24812.25,low,0.0,2026-03-02 10:40:00+05:30,HL,up
3009,24842.80078125,high,0.0,2026-03-02 11:45:00+05:30,LH,down
3036,24603.94921875,low,0.0,2026-03-02 14:00:00+05:30,LL,down
3052,24914.849609375,high,0.0,2026-03-02 15:20:00+05:30,HH,up
3056,24316.25,low,0.0,2026-03-04 09:25:00+05:30,LL,down
3060,24416.19921875,high,0.0,2026-03-04 09:45:00+05:30,LH,down
3063,24306.599609375,low,0.0,2026-03-04 10:00:00+05:30,LL,down
3068,24437.349609375,high,0.0,2026-03-04 10:25:00+05:30,HH,up
3074,24375.69921875,low,0.0,2026-03-04 10:55:00+05:30,HL,up
3077,24461.349609375,high,0.0,2026-03-04 11:10:00+05:30,HH,up
3081,24354.150390625,low,0.0,2026-03-04 11:30:00+05:30,LL,down
3089,24402.30078125,high,0.0,2026-03-04 12:10:00+05:30,LH,down
3095,24357.75,low,0.0,2026-03-04 12:40:00+05:30,HL,up
3104,24476.69921875,high,0.0,2026-03-04 13:25:00+05:30,HH,up
3110,24415.75,low,0.0,2026-03-04 13:55:00+05:30,HL,up
3122,24602.0,high,0.0,2026-03-04 14:55:00+05:30,HH,up
3126,24451.05078125,low,0.0,2026-03-04 15:15:00+05:30,HL,up
3129,24651.599609375,high,0.0,2026-03-05 09:15:00+05:30,HH,up
3134,24530.69921875,low,0.0,2026-03-05 09:40:00+05:30,HL,up
3137,24656.5,high,0.0,2026-03-05 09:55:00+05:30,HH,up
3143,24538.55078125,low,0.0,2026-03-05 10:25:00+05:30,HL,up
3150,24672.5,high,0.0,2026-03-05 11:00:00+05:30,HH,up
3160,24556.900390625,low,0.0,2026-03-05 11:50:00+05:30,HL,up
3180,24671.30078125,high,0.0,2026-03-05 13:30:00+05:30,LH,down
3189,24529.55078125,low,0.0,2026-03-05 14:15:00+05:30,LL,down
3197,24853.900390625,high,0.0,2026-03-05 14:55:00+05:30,HH,up
3205,24588.349609375,low,0.0,2026-03-06 09:20:00+05:30,HL,up
3210,24688.099609375,high,0.0,2026-03-06 09:45:00+05:30,LH,down
3213,24616.94921875,low,0.0,2026-03-06 10:00:00+05:30,HL,up
3218,24675.650390625,high,0.0,2026-03-06 10:25:00+05:30,LH,down
3223,24575.75,low,0.0,2026-03-06 10:50:00+05:30,LL,down
3226,24648.69921875,high,0.0,2026-03-06 11:05:00+05:30,LH,down
3230,24593.900390625,low,0.0,2026-03-06 11:25:00+05:30,HL,up
3233,24654.55078125,high,0.0,2026-03-06 11:40:00+05:30,HH,up
3242,24576.05078125,low,0.0,2026-03-06 12:25:00+05:30,LL,down
3256,24623.5,high,0.0,2026-03-06 13:35:00+05:30,LH,down
3261,24543.80078125,low,0.0,2026-03-06 14:00:00+05:30,LL,down
3266,24616.44921875,high,0.0,2026-03-06 14:25:00+05:30,LH,down
3281,23697.849609375,low,0.0,2026-03-09 09:25:00+05:30,LL,down
3290,23834.150390625,high,0.0,2026-03-09 10:10:00+05:30,LH,down
3295,23744.849609375,low,0.0,2026-03-09 10:35:00+05:30,HL,up
3308,23932.0,high,0.0,2026-03-09 11:40:00+05:30,HH,up
3314,23828.349609375,low,0.0,2026-03-09 12:10:00+05:30,HL,up
3330,23937.55078125,high,0.0,2026-03-09 13:30:00+05:30,HH,up
3336,23859.599609375,low,0.0,2026-03-09 14:00:00+05:30,HL,up
3354,24296.900390625,high,0.0,2026-03-10 09:15:00+05:30,HH,up
3362,24079.94921875,low,0.0,2026-03-10 09:55:00+05:30,HL,up
3383,24255.30078125,high,0.0,2026-03-10 11:40:00+05:30,LH,down
3395,24142.44921875,low,0.0,2026-03-10 12:40:00+05:30,HL,up
3399,24236.5,high,0.0,2026-03-10 13:00:00+05:30,LH,down
3403,24190.400390625,low,0.0,2026-03-10 13:20:00+05:30,HL,up
3406,24262.849609375,high,0.0,2026-03-10 13:35:00+05:30,HH,up
3411,24215.599609375,low,0.0,2026-03-10 14:00:00+05:30,HL,up
3414,24296.650390625,high,0.0,2026-03-10 14:15:00+05:30,HH,up
3417,24201.94921875,low,0.0,2026-03-10 14:30:00+05:30,LL,down
3428,24302.5,high,0.0,2026-03-10 15:25:00+05:30,HH,up
3461,23972.349609375,low,0.0,2026-03-11 11:55:00+05:30,LL,down
3466,24024.19921875,high,0.0,2026-03-11 12:20:00+05:30,LH,down
3477,23914.19921875,low,0.0,2026-03-11 13:15:00+05:30,LL,down
3480,24005.349609375,high,0.0,2026-03-11 13:30:00+05:30,LH,down
3491,23892.19921875,low,0.0,2026-03-11 14:25:00+05:30,LL,down
3492,23977.05078125,high,0.0,2026-03-11 14:30:00+05:30,LH,down
3504,23557.849609375,low,0.0,2026-03-12 09:15:00+05:30,LL,down
3513,23696.349609375,high,0.0,2026-03-12 10:00:00+05:30,LH,down
3516,23589.900390625,low,0.0,2026-03-12 10:15:00+05:30,HL,up
3526,23773.650390625,high,0.0,2026-03-12 11:05:00+05:30,HH,up
3529,23665.0,low,0.0,2026-03-12 11:20:00+05:30,HL,up
3542,23759.19921875,high,0.0,2026-03-12 12:25:00+05:30,LH,down
3550,23656.400390625,low,0.0,2026-03-12 13:05:00+05:30,LL,down
3557,23832.650390625,high,0.0,2026-03-12 13:40:00+05:30,HH,up
3592,23306.5,low,0.0,2026-03-13 10:20:00+05:30,LL,down
3598,23379.55078125,high,0.0,2026-03-13 10:50:00+05:30,LH,down
3603,23309.650390625,low,0.0,2026-03-13 11:15:00+05:30,HL,up
3608,23414.900390625,high,0.0,2026-03-13 11:40:00+05:30,HH,up
3635,23113.30078125,low,0.0,2026-03-13 13:55:00+05:30,LL,down
3642,23258.599609375,high,0.0,2026-03-13 14:30:00+05:30,LH,down
3654,23106.44921875,low,0.0,2026-03-16 09:15:00+05:30,LL,down
3659,23284.349609375,high,0.0,2026-03-16 09:40:00+05:30,HH,up
3674,22955.55078125,low,0.0,2026-03-16 10:55:00+05:30,LL,down
3681,23218.150390625,high,0.0,2026-03-16 11:30:00+05:30,LH,down
3686,23138.099609375,low,0.0,2026-03-16 11:55:00+05:30,HL,up
3692,23196.44921875,high,0.0,2026-03-16 12:25:00+05:30,LH,down
3700,23086.349609375,low,0.0,2026-03-16 13:05:00+05:30,LL,down
3721,23502.0,high,0.0,2026-03-16 14:50:00+05:30,HH,up
3728,23338.599609375,low,0.0,2026-03-16 15:25:00+05:30,HL,up
3742,23576.55078125,high,0.0,2026-03-17 10:20:00+05:30,HH,up
3745,23443.0,low,0.0,2026-03-17 10:35:00+05:30,HL,up
3749,23533.900390625,high,0.0,2026-03-17 10:55:00+05:30,LH,down
3757,23355.69921875,low,0.0,2026-03-17 11:35:00+05:30,LL,down
3764,23450.05078125,high,0.0,2026-03-17 12:10:00+05:30,LH,down
3768,23380.349609375,low,0.0,2026-03-17 12:30:00+05:30,HL,up
3780,23591.400390625,high,0.0,2026-03-17 13:30:00+05:30,HH,up
3782,23504.150390625,low,0.0,2026-03-17 13:40:00+05:30,HL,up
3788,23608.900390625,high,0.0,2026-03-17 14:10:00+05:30,HH,up
3791,23526.849609375,low,0.0,2026-03-17 14:25:00+05:30,HL,up
3797,23656.19921875,high,0.0,2026-03-17 14:55:00+05:30,HH,up
3801,23546.55078125,low,0.0,2026-03-17 15:15:00+05:30,HL,up
3811,23754.349609375,high,0.0,2026-03-18 09:50:00+05:30,HH,up
3815,23640.69921875,low,0.0,2026-03-18 10:10:00+05:30,HL,up
3833,23835.099609375,high,0.0,2026-03-18 11:40:00+05:30,HH,up
3842,23760.900390625,low,0.0,2026-03-18 12:25:00+05:30,HL,up
3866,23861.80078125,high,0.0,2026-03-18 14:25:00+05:30,HH,up
3891,23204.05078125,low,0.0,2026-03-19 10:15:00+05:30,LL,down
3895,23317.80078125,high,0.0,2026-03-19 10:35:00+05:30,LH,down
3903,23207.55078125,low,0.0,2026-03-19 11:15:00+05:30,HL,up
3915,23281.19921875,high,0.0,2026-03-19 12:15:00+05:30,LH,down
3929,23172.55078125,low,0.0,2026-03-19 13:25:00+05:30,LL,down
3932,23217.849609375,high,0.0,2026-03-19 13:40:00+05:30,LH,down
3948,22931.94921875,low,0.0,2026-03-19 15:00:00+05:30,LL,down
3958,23318.900390625,high,0.0,2026-03-20 09:35:00+05:30,HH,up
3966,23200.650390625,low,0.0,2026-03-20 10:15:00+05:30,HL,up
3973,23317.900390625,high,0.0,2026-03-20 10:50:00+05:30,LH,down
3975,23264.150390625,low,0.0,2026-03-20 11:00:00+05:30,HL,up
3979,23344.900390625,high,0.0,2026-03-20 11:20:00+05:30,HH,up
3993,23120.349609375,low,0.0,2026-03-20 12:30:00+05:30,LL,down
4006,23272.400390625,high,0.0,2026-03-20 13:35:00+05:30,LH,down
4050,22505.0,low,0.0,2026-03-23 11:00:00+05:30,LL,down
4051,22583.650390625,high,0.0,2026-03-23 11:05:00+05:30,LH,down
4067,22478.69921875,low,0.0,2026-03-23 12:25:00+05:30,LL,down
4071,22555.900390625,high,0.0,2026-03-23 12:45:00+05:30,LH,down
4076,22472.099609375,low,0.0,2026-03-23 13:10:00+05:30,LL,down
4087,22661.150390625,high,0.0,2026-03-23 14:05:00+05:30,HH,up
4092,22515.25,low,0.0,2026-03-23 14:30:00+05:30,HL,up
4096,22646.55078125,high,0.0,2026-03-23 14:50:00+05:30,LH,down
4103,22478.099609375,low,0.0,2026-03-23 15:25:00+05:30,LL,down
4104,22897.650390625,high,0.0,2026-03-24 09:15:00+05:30,HH,up
4120,22624.900390625,low,0.0,2026-03-24 10:35:00+05:30,HL,up
4147,23025.19921875,high,0.0,2026-03-24 12:50:00+05:30,HH,up
4150,22911.349609375,low,0.0,2026-03-24 13:05:00+05:30,HL,up
4157,23057.099609375,high,0.0,2026-03-24 13:40:00+05:30,HH,up
4159,22950.599609375,low,0.0,2026-03-24 13:50:00+05:30,HL,up
4164,23037.900390625,high,0.0,2026-03-24 14:15:00+05:30,LH,down
4173,22875.349609375,low,0.0,2026-03-24 15:00:00+05:30,LL,down
4203,23434.25,high,0.0,2026-03-25 11:15:00+05:30,HH,up
4207,23343.5,low,0.0,2026-03-25 11:35:00+05:30,HL,up
4218,23465.25,high,0.0,2026-03-25 12:30:00+05:30,HH,up
4224,23369.69921875,low,0.0,2026-03-25 13:00:00+05:30,HL,up
4234,23462.80078125,high,0.0,2026-03-25 13:50:00+05:30,LH,down
4267,22968.5,low,0.0,2026-03-27 10:20:00+05:30,LL,down
4269,23038.650390625,high,0.0,2026-03-27 10:30:00+05:30,LH,down
4280,22928.05078125,low,0.0,2026-03-27 11:25:00+05:30,LL,down
4285,22961.80078125,high,0.0,2026-03-27 11:50:00+05:30,LH,down
4291,22906.400390625,low,0.0,2026-03-27 12:20:00+05:30,LL,down
4302,22992.94921875,high,0.0,2026-03-27 13:15:00+05:30,HH,up
4306,22909.30078125,low,0.0,2026-03-27 13:35:00+05:30,HL,up
