direction,entry_tier,entry_time,exit_time,entry_price,exit_price,sl_at_entry,sl_at_exit,be_triggered,pnl,mfe_pts,mae_pts,peak_profit_pts,exit_reason,holding_mins,holding_time,opt_dS,opt_delta_entry,opt_delta_exit,opt_gamma,opt_theta_daily,opt_vega,opt_vix_entry,opt_vix_exit,opt_vix_chg,opt_delta_effect,opt_gamma_effect,opt_gamma_pnl,opt_theta_effect,opt_vega_effect,opt_change,opt_pnl_per_lot,opt_gross_pnl,opt_slippage,opt_pnl_total,opt_breakeven_dS
long,C,2025-12-18 10:20:00+05:30,2025-12-18 12:50:00+05:30,25834.44921875,25880.69921875,25804.865964303393,25885.132026554824,True,46.25,66.85,14.6,59.4,TRAIL_SL,150,2H:30M,46.25,0.2,0.237,0.0008,-10.0,6.0,9.71,9.71,0.0,10.0201,0.0,64.1719,-4.0,0.0,6.0201,6.0201,451.5,50.0,401.5,19.2582
long,C,2025-12-19 09:30:00+05:30,2025-12-19 11:30:00+05:30,25963.5,25929.75,25930.059815650056,25930.059815650056,False,-33.75,15.2,37.2,11.35,STOP_LOSS,120,2H:00M,-33.75,0.2,0.173,0.0008,-10.0,6.0,9.52,9.52,0.0,-6.3399,0.0,34.1719,-3.2,0.0,-9.5399,-9.5399,-715.5,50.0,-765.5,15.5184
long,C,2025-12-22 09:30:00+05:30,2025-12-22 15:10:00+05:30,26125.25,26174.80078125,26092.834290293024,26092.834290293024,False,49.55,55.3,14.05,51.45,SOFT_EOD_EXIT,340,5H:40M,49.5508,0.2,0.239641,0.0008,-10.0,6.0,9.68,9.68,0.0,10.7941,0.0,73.6584,-9.0667,0.0,1.7274,1.7274,129.55,50.0,79.55,41.8333
long,C,2025-12-23 11:15:00+05:30,2025-12-23 11:35:00+05:30,26195.75,26171.19921875,26181.072270477885,26181.072270477885,False,-24.55,0.5,27.4,0.0,STOP_LOSS,20,0H:20M,-24.5508,0.2,0.180359,0.0008,-10.0,6.0,9.38,9.38,0.0,-4.6932,0.0,18.0822,-0.5333,0.0,-5.2265,-5.2265,-391.99,50.0,-441.99,2.6526
long,C,2025-12-24 10:25:00+05:30,2025-12-24 10:45:00+05:30,26230.94921875,26207.849609375,26212.18555987253,26212.18555987253,False,-23.1,4.4,25.55,0.0,STOP_LOSS,20,0H:20M,-23.0996,0.2,0.18152,0.0008,-10.0,6.0,9.19,9.19,0.0,-4.4278,0.0,16.0078,-0.5333,0.0,-4.9612,-4.9612,-372.09,50.0,-422.09,2.6526
short,C,2025-12-26 09:30:00+05:30,2025-12-26 14:55:00+05:30,26109.349609375,26038.94921875,26125.056425478782,26019.788224175594,True,70.4,100.6,3.0,96.6,TRAIL_SL,325,5H:25M,-70.4004,-0.2,-0.25632,0.0008,-10.0,6.0,9.15,9.15,0.0,15.8643,0.0,148.6865,-8.6667,0.0,7.1976,7.1976,539.82,50.0,489.82,-40.1149
long,C,2025-12-29 09:35:00+05:30,2025-12-29 09:55:00+05:30,26075.30078125,26037.25,26053.91244906733,26053.91244906733,False,-38.05,11.85,39.2,5.1,STOP_LOSS,20,0H:20M,-38.0508,0.2,0.169559,0.0008,-10.0,6.0,9.72,9.72,0.0,-7.0889,0.0,43.4359,-0.5333,0.0,-7.6223,-7.6223,-571.67,50.0,-621.67,2.6526
short,C,2025-12-29 10:40:00+05:30,2025-12-29 15:10:00+05:30,26003.400390625,25944.05078125,26014.177052559073,26014.177052559073,False,59.35,81.15,8.4,76.1,SOFT_EOD_EXIT,270,4H:30M,-59.3496,-0.2,-0.24748,0.0008,-10.0,6.0,9.72,9.72,0.0,13.138,0.0,105.6713,-7.2,0.0,5.938,5.938,445.35,50.0,395.35,-33.7252
short,C,2025-12-30 09:30:00+05:30,2025-12-30 09:35:00+05:30,25905.349609375,25924.150390625,25920.47767022944,25920.47767022944,False,-18.8,1.75,19.75,0.0,STOP_LOSS,5,0H:05M,18.8008,-0.2,-0.184959,0.0008,-10.0,6.0,9.68,9.68,0.0,-3.6329,0.0,10.6041,-0.1333,0.0,-3.7662,-3.7662,-282.47,50.0,-332.47,-0.6658
long,C,2025-12-31 09:30:00+05:30,2025-12-31 09:40:00+05:30,26004.80078125,25973.25,25974.57018510465,25974.57018510465,False,-31.55,8.6,32.75,2.1,STOP_LOSS,10,0H:10M,-31.5508,0.2,0.174759,0.0008,-10.0,6.0,9.48,9.48,0.0,-5.9518,0.0,29.8636,-0.2667,0.0,-6.2185,-6.2185,-466.38,50.0,-516.38,1.3298
long,A,2025-12-31 09:40:00+05:30,2025-12-31 11:20:00+05:30,25973.25,26044.44921875,25941.89969250638,26051.566585074026,True,71.2,90.5,3.9,86.45,TRAIL_SL,100,1H:40M,71.1992,0.2,0.256959,0.0008,-10.0,6.0,9.48,9.48,0.0,16.0648,0.0,152.0799,-2.6667,0.0,13.3981,13.3981,1004.86,50.0,954.86,12.9956
long,A,2025-12-31 11:20:00+05:30,2025-12-31 13:15:00+05:30,26044.44921875,26147.25,26027.656716211648,26148.44339169159,True,102.8,112.25,4.1,110.9,TRAIL_SL,115,1H:55M,102.8008,0.2,0.282241,0.0008,-10.0,6.0,9.48,9.48,0.0,24.3646,0.0,317.04,-3.0667,0.0,21.298,21.298,1597.35,50.0,1547.35,14.8899
long,C,2025-12-31 13:15:00+05:30,2025-12-31 15:05:00+05:30,26147.25,26130.44921875,26133.127347682093,26133.127347682093,False,-16.8,39.75,20.75,36.75,STOP_LOSS,110,1H:50M,-16.8008,0.2,0.186559,0.0008,-10.0,6.0,9.48,9.48,0.0,-3.2585,0.0,8.468,-2.9333,0.0,-6.1919,-6.1919,-464.39,50.0,-514.39,14.26
long,C,2026-01-01 09:45:00+05:30,2026-01-01 09:55:00+05:30,26188.55078125,26157.19921875,26159.688637302217,26159.688637302217,False,-31.35,8.45,35.05,0.55,STOP_LOSS,10,0H:10M,-31.3516,0.2,0.174919,0.0008,-10.0,6.0,9.48,9.48,0.0,-5.9165,0.0,29.4876,-0.2667,0.0,-6.1831,-6.1831,-463.73,50.0,-513.73,1.3298
long,C,2026-01-02 09:30:00+05:30,2026-01-02 09:55:00+05:30,26197.650390625,26254.599609375,26171.320122117726,26255.15128652384,True,56.95,73.15,1.75,70.35,TRAIL_SL,25,0H:25M,56.9492,0.2,0.245559,0.0008,-10.0,6.0,9.45,9.45,0.0,12.5574,0.0,97.2964,-0.6667,0.0,11.8907,11.8907,891.81,50.0,841.81,3.3114
long,A,2026-01-02 10:05:00+05:30,2026-01-02 11:55:00+05:30,26239.69921875,26280.0,26216.677620560593,26287.512122866487,True,40.3,57.4,4.65,54.9,TRAIL_SL,110,1H:50M,40.3008,0.2,0.232241,0.0008,-10.0,6.0,9.45,9.45,0.0,8.6449,0.0,48.7246,-2.9333,0.0,5.7115,5.7115,428.36,50.0,378.36,14.26
long,C,2026-01-05 10:15:00+05:30,2026-01-05 11:20:00+05:30,26357.30078125,26320.75,26326.453582094175,26326.453582094175,False,-36.55,15.55,36.9,10.4,STOP_LOSS,65,1H:05M,-36.5508,0.2,0.170759,0.0008,-10.0,6.0,10.02,10.02,0.0,-6.8292,0.0,40.0788,-1.7333,0.0,-8.5625,-8.5625,-642.19,50.0,-692.19,8.5214
short,B,2026-01-06 09:30:00+05:30,2026-01-06 09:55:00+05:30,26215.05078125,26256.80078125,26236.254272020684,26236.254272020684,False,-41.75,24.4,43.95,15.7,STOP_LOSS,25,0H:25M,41.75,-0.2,-0.1666,0.0008,-10.0,6.0,10.02,10.02,0.0,-7.7225,0.0,52.2919,-0.6667,0.0,-8.3892,-8.3892,-629.19,50.0,-679.19,-3.3114
short,C,2026-01-06 11:15:00+05:30,2026-01-06 11:35:00+05:30,26156.599609375,26177.30078125,26173.077470398803,26173.077470398803,False,-20.7,15.55,24.55,1.75,STOP_LOSS,20,0H:20M,20.7012,-0.2,-0.183439,0.0008,-10.0,6.0,10.02,10.02,0.0,-3.986,0.0,12.8562,-0.5333,0.0,-4.5193,-4.5193,-338.95,50.0,-388.95,-2.6526
short,C,2026-01-07 09:40:00+05:30,2026-01-07 09:55:00+05:30,26108.19921875,26138.80078125,26128.562733212744,26128.562733212744,False,-30.6,10.95,30.85,0.15,STOP_LOSS,15,0H:15M,30.6016,-0.2,-0.175519,0.0008,-10.0,6.0,9.95,9.95,0.0,-5.7832,0.0,28.0937,-0.4,0.0,-6.1832,-6.1832,-463.74,50.0,-513.74,-1.9921
short,C,2026-01-07 12:45:00+05:30,2026-01-07 12:55:00+05:30,26081.19921875,26098.0,26092.564477789616,26092.564477789616,False,-16.8,0.5,18.25,0.0,STOP_LOSS,10,0H:10M,16.8008,-0.2,-0.186559,0.0008,-10.0,6.0,9.95,9.95,0.0,-3.2585,0.0,8.468,-0.2667,0.0,-3.5252,-3.5252,-264.39,50.0,-314.39,-1.3298
short,C,2026-01-08 10:00:00+05:30,2026-01-08 11:35:00+05:30,26066.05078125,25982.400390625,26084.273018229695,25977.76386689393,True,83.65,103.5,6.0,97.6,TRAIL_SL,95,1H:35M,-83.6504,-0.2,-0.26692,0.0008,-10.0,6.0,10.6,10.6,0.0,19.2491,0.0,209.9216,-2.5333,0.0,16.7158,16.7158,1253.69,50.0,1203.69,-12.3611
short,C,2026-01-08 11:35:00+05:30,2026-01-08 13:35:00+05:30,25982.400390625,25905.349609375,25994.17622038509,25903.25810967411,True,77.05,97.65,6.2,88.9,TRAIL_SL,120,2H:00M,-77.0508,-0.2,-0.261641,0.0008,-10.0,6.0,10.6,10.6,0.0,17.5474,0.0,178.1047,-3.2,0.0,14.3474,14.3474,1076.06,50.0,1026.06,-15.5184
short,C,2026-01-09 11:10:00+05:30,2026-01-09 12:50:00+05:30,25799.0,25692.900390625,25817.59928758574,25686.25686030022,True,106.1,133.75,22.65,125.55,TRAIL_SL,100,1H:40M,-106.0996,-0.2,-0.28488,0.0008,-10.0,6.0,10.93,10.93,0.0,25.2725,0.0,337.7138,-2.6667,0.0,22.6058,22.6058,1695.44,50.0,1645.44,-12.9956
short,C,2026-01-09 12:50:00+05:30,2026-01-09 13:35:00+05:30,25692.900390625,25716.099609375,25709.370452825235,25709.370452825235,False,-23.2,12.25,37.5,4.55,STOP_LOSS,45,0H:45M,23.1992,-0.2,-0.181441,0.0008,-10.0,6.0,10.93,10.93,0.0,-4.4461,0.0,16.1461,-1.2,0.0,-5.6461,-5.6461,-423.46,50.0,-473.46,-5.9297
short,C,2026-01-12 09:30:00+05:30,2026-01-12 09:45:00+05:30,25568.75,25595.44921875,25595.368179148238,25595.368179148238,False,-26.7,25.1,28.35,11.15,STOP_LOSS,15,0H:15M,26.6992,-0.2,-0.178641,0.0008,-10.0,6.0,11.37,11.37,0.0,-5.0832,0.0,21.3854,-0.4,0.0,-5.4832,-5.4832,-411.24,50.0,-461.24,-1.9921
short,B,2026-01-12 10:00:00+05:30,2026-01-12 11:45:00+05:30,25589.69921875,25490.849609375,25617.94566868729,25489.972838210546,True,98.85,116.3,8.5,112.8,TRAIL_SL,105,1H:45M,-98.8496,-0.2,-0.27908,0.0008,-10.0,6.0,11.37,11.37,0.0,23.2876,0.0,293.1374,-2.8,0.0,20.4876,20.4876,1536.57,50.0,1486.57,-13.6285
short,C,2026-01-12 11:45:00+05:30,2026-01-12 12:05:00+05:30,25490.849609375,25520.0,25506.586152836273,25506.586152836273,False,-29.15,6.95,39.6,0.0,STOP_LOSS,20,0H:20M,29.1504,-0.2,-0.17668,0.0008,-10.0,6.0,11.37,11.37,0.0,-5.5242,0.0,25.4924,-0.5333,0.0,-6.0575,-6.0575,-454.31,50.0,-504.31,-2.6526
long,C,2026-01-12 12:25:00+05:30,2026-01-12 13:00:00+05:30,25660.80078125,25699.400390625,25617.951491026655,25705.61606868052,True,38.6,77.3,4.35,65.7,TRAIL_SL,35,0H:35M,38.5996,0.2,0.23088,0.0008,-10.0,6.0,11.37,11.37,0.0,8.2563,0.0,44.6979,-0.9333,0.0,7.323,7.323,549.22,50.0,499.22,4.6239
long,C,2026-01-16 10:00:00+05:30,2026-01-16 10:40:00+05:30,25761.94921875,25843.69921875,25727.81041448382,25849.307620545136,True,81.75,110.9,12.8,103.3,TRAIL_SL,40,0H:40M,81.75,0.2,0.2654,0.0008,-10.0,6.0,11.37,11.37,0.0,18.7559,0.0,200.4919,-1.0667,0.0,17.6892,17.6892,1326.69,50.0,1276.69,5.2776
long,A,2026-01-16 10:50:00+05:30,2026-01-16 11:15:00+05:30,25837.849609375,25806.80078125,25807.15064140843,25807.15064140843,False,-31.05,7.3,36.6,0.0,STOP_LOSS,25,0H:25M,-31.0488,0.2,0.175161,0.0008,-10.0,6.0,11.37,11.37,0.0,-5.8627,0.0,28.9209,-0.6667,0.0,-6.5294,-6.5294,-489.7,50.0,-539.7,3.3114
long,A,2026-01-16 11:25:00+05:30,2026-01-16 11:55:00+05:30,25813.25,25775.75,25787.527450941117,25787.527450941117,False,-37.5,17.4,43.0,0.0,STOP_LOSS,30,0H:30M,-37.5,0.2,0.17,0.0008,-10.0,6.0,11.37,11.37,0.0,-6.9937,0.0,42.1875,-0.8,0.0,-7.7937,-7.7937,-584.53,50.0,-634.53,3.9685
short,C,2026-01-16 13:15:00+05:30,2026-01-16 15:10:00+05:30,25713.80078125,25683.099609375,25730.533289651023,25730.533289651023,False,30.7,51.0,6.65,42.2,SOFT_EOD_EXIT,115,1H:55M,-30.7012,-0.2,-0.224561,0.0008,-10.0,6.0,11.37,11.37,0.0,6.4796,0.0,28.2769,-3.0667,0.0,3.4129,3.4129,255.97,50.0,205.97,-14.8899
short,C,2026-01-19 09:30:00+05:30,2026-01-19 10:55:00+05:30,25588.0,25547.69921875,25616.843119885787,25520.43147705476,True,40.3,93.05,8.3,84.2,TRAIL_SL,85,1H:25M,-40.3008,-0.2,-0.232241,0.0008,-10.0,6.0,11.83,11.83,0.0,8.6449,0.0,48.7246,-2.2667,0.0,6.3782,6.3782,478.36,50.0,428.36,-11.0875
short,C,2026-01-19 10:55:00+05:30,2026-01-19 13:45:00+05:30,25547.69921875,25576.05078125,25566.112448701508,25566.112448701508,False,-28.35,39.0,28.35,32.35,STOP_LOSS,170,2H:50M,28.3516,-0.2,-0.177319,0.0008,-10.0,6.0,11.83,11.83,0.0,-5.3809,0.0,24.1143,-4.5333,0.0,-9.9143,-9.9143,-743.57,50.0,-793.57,-21.7229
short,C,2026-01-20 09:30:00+05:30,2026-01-20 12:45:00+05:30,25495.55078125,25423.05078125,25517.190157827456,25419.422924767892,True,72.5,89.95,8.45,85.8,TRAIL_SL,195,3H:15M,-72.5,-0.2,-0.258,0.0008,-10.0,6.0,12.73,12.73,0.0,16.3923,0.0,157.6875,-5.2,0.0,11.1923,11.1923,839.42,50.0,789.42,-24.7726
short,B,2026-01-20 12:45:00+05:30,2026-01-20 15:25:00+05:30,25423.05078125,25225.349609375,25435.62978308188,25198.4839155171,True,197.7,249.25,13.85,242.5,TRAIL_SL,160,2H:40M,-197.7012,-0.2,-0.358161,0.0008,-10.0,6.0,12.73,12.73,0.0,53.6111,0.0,1172.5726,-4.2667,0.0,49.3444,49.3444,3700.83,50.0,3650.83,-20.4934
short,B,2026-01-21 09:30:00+05:30,2026-01-21 10:55:00+05:30,25242.849609375,24993.599609375,25279.53002924053,24992.688995147408,True,249.25,322.65,8.45,272.65,TRAIL_SL,85,1H:25M,-249.25,-0.2,-0.3994,0.0008,-10.0,6.0,13.78,13.78,0.0,72.2152,0.0,1863.7669,-2.2667,0.0,69.9485,69.9485,5246.14,50.0,5196.14,-11.0875
short,C,2026-01-21 10:55:00+05:30,2026-01-21 11:10:00+05:30,24993.599609375,25054.75,25026.603572868025,25026.603572868025,False,-61.15,18.6,76.5,0.0,STOP_LOSS,15,0H:15M,61.1504,-0.2,-0.15108,0.0008,-10.0,6.0,13.78,13.78,0.0,-10.8839,0.0,112.1811,-0.4,0.0,-11.2839,-11.2839,-846.29,50.0,-896.29,-1.9921
short,B,2026-01-21 11:25:00+05:30,2026-01-21 11:50:00+05:30,25029.150390625,25059.900390625,25059.778083219426,25059.778083219426,False,-30.75,4.7,51.1,0.0,STOP_LOSS,25,0H:25M,30.75,-0.2,-0.1754,0.0008,-10.0,6.0,13.78,13.78,0.0,-5.8096,0.0,28.3669,-0.6667,0.0,-6.4763,-6.4763,-485.72,50.0,-535.72,-3.3114
long,C,2026-01-21 12:30:00+05:30,2026-01-21 13:05:00+05:30,25185.44921875,25260.0,25133.943916711803,25263.74240140412,True,74.55,115.2,1.85,101.7,TRAIL_SL,35,0H:35M,74.5508,0.2,0.259641,0.0008,-10.0,6.0,13.78,13.78,0.0,16.911,0.0,166.7346,-0.9333,0.0,15.9776,15.9776,1198.32,50.0,1148.32,4.6239
long,C,2026-01-22 09:30:00+05:30,2026-01-22 10:15:00+05:30,25406.650390625,25341.30078125,25351.169952779746,25351.169952779746,False,-65.35,28.2,65.35,14.35,STOP_LOSS,45,0H:45M,-65.3496,0.2,0.14772,0.0008,-10.0,6.0,13.35,13.35,0.0,-11.5325,0.0,128.1171,-1.2,0.0,-12.7325,-12.7325,-954.94,50.0,-1004.94,5.9297
long,A,2026-01-22 10:20:00+05:30,2026-01-22 10:25:00+05:30,25347.80078125,25291.900390625,25302.83469619788,25302.83469619788,False,-55.9,1.0,57.05,0.0,STOP_LOSS,5,0H:05M,-55.9004,0.2,0.15528,0.0008,-10.0,6.0,13.35,13.35,0.0,-10.0551,0.0,93.7456,-0.1333,0.0,-10.1885,-10.1885,-764.13,50.0,-814.13,0.6658
short,C,2026-01-22 11:45:00+05:30,2026-01-22 12:15:00+05:30,25211.80078125,25239.650390625,25237.396806065382,25237.396806065382,False,-27.85,28.5,35.4,23.6,STOP_LOSS,30,0H:30M,27.8496,-0.2,-0.17772,0.0008,-10.0,6.0,13.35,13.35,0.0,-5.2907,0.0,23.268,-0.8,0.0,-6.0907,-6.0907,-456.8,50.0,-506.8,-3.9685
short,C,2026-01-23 11:45:00+05:30,2026-01-23 11:55:00+05:30,25193.349609375,25215.19921875,25210.47908392401,25210.47908392401,False,-21.85,1.75,31.3,0.0,STOP_LOSS,10,0H:10M,21.8496,-0.2,-0.18252,0.0008,-10.0,6.0,14.19,14.19,0.0,-4.1981,0.0,14.3222,-0.2667,0.0,-4.4647,-4.4647,-334.85,50.0,-384.85,-1.3298
short,B,2026-01-23 12:15:00+05:30,2026-01-23 14:05:00+05:30,25219.599609375,25067.69921875,25237.93739559649,25066.28960350301,True,151.9,175.45,24.2,170.05,TRAIL_SL,110,1H:50M,-151.9004,-0.2,-0.32152,0.0008,-10.0,6.0,14.19,14.19,0.0,38.6866,0.0,692.2119,-2.9333,0.0,35.7533,35.7533,2681.5,50.0,2631.5,-14.26
short,B,2026-01-27 09:30:00+05:30,2026-01-27 09:35:00+05:30,24989.5,25091.5,25023.867554169152,25023.867554169152,False,-102.0,11.7,105.65,0.0,STOP_LOSS,5,0H:05M,102.0,-0.2,-0.1184,0.0008,-10.0,6.0,14.45,14.45,0.0,-16.6546,0.0,312.12,-0.1333,0.0,-16.7879,-16.7879,-1259.09,50.0,-1309.09,-0.6658
short,C,2026-01-27 10:50:00+05:30,2026-01-27 11:15:00+05:30,24994.69921875,25048.05078125,25031.369774731233,25031.369774731233,False,-53.35,15.65,62.4,11.45,STOP_LOSS,25,0H:25M,53.3516,-0.2,-0.157319,0.0008,-10.0,6.0,14.45,14.45,0.0,-9.6456,0.0,85.3917,-0.6667,0.0,-10.3123,-10.3123,-773.42,50.0,-823.42,-3.3114
short,B,2026-01-27 11:20:00+05:30,2026-01-27 11:35:00+05:30,25039.400390625,25090.5,25068.883401162013,25068.883401162013,False,-51.1,8.45,52.25,0.0,STOP_LOSS,15,0H:15M,51.0996,-0.2,-0.15912,0.0008,-10.0,6.0,14.45,14.45,0.0,-9.2799,0.0,78.3351,-0.4,0.0,-9.6799,-9.6799,-725.99,50.0,-775.99,-1.9921
long,C,2026-01-28 09:30:00+05:30,2026-01-28 10:05:00+05:30,25309.30078125,25252.099609375,25256.668489985022,25256.668489985022,False,-57.2,10.55,64.85,1.8,STOP_LOSS,35,0H:35M,-57.2012,0.2,0.154239,0.0008,-10.0,6.0,13.53,13.53,0.0,-10.2623,0.0,98.1592,-0.9333,0.0,-11.1957,-11.1957,-839.67,50.0,-889.67,4.6239
long,A,2026-01-28 10:15:00+05:30,2026-01-28 11:35:00+05:30,25260.400390625,25309.400390625,25217.93378651898,25324.729290432875,True,49.0,90.65,26.35,77.5,TRAIL_SL,80,1H:20M,49.0,0.2,0.2392,0.0008,-10.0,6.0,13.53,13.53,0.0,10.6644,0.0,72.03,-2.1333,0.0,8.531,8.531,639.83,50.0,589.83,10.4483
long,A,2026-01-28 11:35:00+05:30,2026-01-28 12:25:00+05:30,25309.400390625,25271.80078125,25280.823139875316,25280.823139875316,False,-37.6,30.1,40.4,19.35,STOP_LOSS,50,0H:50M,-37.5996,0.2,0.16992,0.0008,-10.0,6.0,13.53,13.53,0.0,-7.011,0.0,42.4119,-1.3333,0.0,-8.3443,-8.3443,-625.82,50.0,-675.82,6.5801
short,C,2026-01-29 09:40:00+05:30,2026-01-29 11:00:00+05:30,25210.69921875,25238.400390625,25237.300459326438,25237.300459326438,False,-27.7,50.65,36.45,30.0,STOP_LOSS,80,1H:20M,27.7012,-0.2,-0.177839,0.0008,-10.0,6.0,13.37,13.37,0.0,-5.264,0.0,23.0206,-2.1333,0.0,-7.3973,-7.3973,-554.8,50.0,-604.8,-10.4483
long,C,2026-01-29 13:00:00+05:30,2026-01-29 14:00:00+05:30,25351.30078125,25416.900390625,25321.448154977887,25417.807978701185,True,65.6,84.95,23.0,79.6,TRAIL_SL,60,1H:00M,65.5996,0.2,0.25248,0.0008,-10.0,6.0,13.37,13.37,0.0,14.6691,0.0,129.0993,-1.6,0.0,13.0691,13.0691,980.18,50.0,930.18,7.8759
short,C,2026-01-30 09:30:00+05:30,2026-01-30 09:45:00+05:30,25261.400390625,25305.55078125,25294.408489004163,25294.408489004163,False,-44.15,0.2,47.1,0.0,STOP_LOSS,15,0H:15M,44.1504,-0.2,-0.16468,0.0008,-10.0,6.0,13.63,13.63,0.0,-8.1283,0.0,58.4777,-0.4,0.0,-8.5283,-8.5283,-639.63,50.0,-689.63,-1.9921
short,B,2026-01-30 10:00:00+05:30,2026-01-30 13:50:00+05:30,25288.599609375,25329.599609375,25317.887660667722,25317.887660667722,False,-41.0,74.8,50.3,58.8,STOP_LOSS,230,3H:50M,41.0,-0.2,-0.1672,0.0008,-10.0,6.0,13.63,13.63,0.0,-7.5948,0.0,50.43,-6.1333,0.0,-13.7282,-13.7282,-1029.61,50.0,-1079.61,-28.9863
long,C,2026-02-03 09:30:00+05:30,2026-02-03 10:45:00+05:30,25755.150390625,25763.69921875,25613.834607690325,25780.222600347013,True,8.55,66.5,112.8,58.85,TRAIL_SL,75,1H:15M,8.5488,0.2,0.206839,0.0008,-10.0,6.0,12.9,12.9,0.0,1.7361,0.0,2.1925,-2.0,0.0,-0.2639,-0.2639,-19.79,50.0,-69.79,9.8076
long,A,2026-02-03 10:45:00+05:30,2026-02-03 11:45:00+05:30,25763.69921875,25833.25,25701.998120882403,25836.36971080035,True,69.55,99.45,17.0,94.7,TRAIL_SL,60,1H:00M,69.5508,0.2,0.255641,0.0008,-10.0,6.0,12.9,12.9,0.0,15.6516,0.0,145.1193,-1.6,0.0,14.0516,14.0516,1053.87,50.0,1003.87,7.8759
long,A,2026-02-03 11:45:00+05:30,2026-02-03 12:25:00+05:30,25833.25,25786.55078125,25795.00396871496,25795.00396871496,False,-46.7,18.6,52.4,14.6,STOP_LOSS,40,0H:40M,-46.6992,0.2,0.162641,0.0008,-10.0,6.0,12.9,12.9,0.0,-8.5547,0.0,65.4245,-1.0667,0.0,-9.6214,-9.6214,-721.61,50.0,-771.61,5.2776
short,C,2026-02-05 09:30:00+05:30,2026-02-05 12:55:00+05:30,25692.75,25640.80078125,25714.502181863496,25627.13423596345,True,51.95,88.65,14.3,77.7,TRAIL_SL,205,3H:25M,-51.9492,-0.2,-0.241559,0.0008,-10.0,6.0,12.17,12.17,0.0,11.3614,0.0,80.9616,-5.4667,0.0,5.8947,5.8947,442.1,50.0,392.1,-25.9831
short,C,2026-02-06 09:30:00+05:30,2026-02-06 11:20:00+05:30,25563.599609375,25593.0,25584.150833333482,25584.150833333482,False,-29.4,71.45,33.95,65.35,STOP_LOSS,110,1H:50M,29.4004,-0.2,-0.17648,0.0008,-10.0,6.0,11.94,11.94,0.0,-5.5689,0.0,25.9315,-2.9333,0.0,-8.5022,-8.5022,-637.67,50.0,-687.67,-14.26
long,C,2026-02-09 09:30:00+05:30,2026-02-09 11:30:00+05:30,25802.19921875,25848.400390625,25750.92507322366,25854.48805137175,True,46.2,67.85,20.65,62.4,TRAIL_SL,120,2H:00M,46.2012,0.2,0.236961,0.0008,-10.0,6.0,12.19,12.19,0.0,10.0087,0.0,64.0364,-3.2,0.0,6.8087,6.8087,510.65,50.0,460.65,15.5184
long,A,2026-02-09 11:30:00+05:30,2026-02-09 12:50:00+05:30,25848.400390625,25822.349609375,25829.894406407897,25829.894406407897,False,-26.05,18.15,26.75,11.6,STOP_LOSS,80,1H:20M,-26.0508,0.2,0.179159,0.0008,-10.0,6.0,12.19,12.19,0.0,-4.9658,0.0,20.3593,-2.1333,0.0,-7.0992,-7.0992,-532.44,50.0,-582.44,10.4483
long,C,2026-02-10 09:30:00+05:30,2026-02-10 13:55:00+05:30,25943.75,25910.849609375,25917.350136683508,25917.350136683508,False,-32.9,45.45,34.9,40.4,STOP_LOSS,265,4H:25M,-32.9004,0.2,0.17368,0.0008,-10.0,6.0,11.67,11.67,0.0,-6.1904,0.0,32.4731,-7.0667,0.0,-13.2571,-13.2571,-994.28,50.0,-1044.28,33.1372
long,A,2026-02-11 09:30:00+05:30,2026-02-11 10:00:00+05:30,25955.349609375,25915.80078125,25925.025139714548,25925.025139714548,False,-39.55,5.4,43.35,0.0,STOP_LOSS,30,0H:30M,-39.5488,0.2,0.168361,0.0008,-10.0,6.0,11.55,11.55,0.0,-7.3467,0.0,46.9233,-0.8,0.0,-8.1467,-8.1467,-611.0,50.0,-661.0,3.9685
long,C,2026-02-11 10:40:00+05:30,2026-02-11 11:05:00+05:30,25969.05078125,25942.55078125,25945.123495217198,25945.123495217198,False,-26.5,9.55,30.15,7.5,STOP_LOSS,25,0H:25M,-26.5,0.2,0.1788,0.0008,-10.0,6.0,11.55,11.55,0.0,-5.0472,0.0,21.0675,-0.6667,0.0,-5.7139,-5.7139,-428.54,50.0,-478.54,3.3114
short,C,2026-02-12 09:30:00+05:30,2026-02-12 09:50:00+05:30,25838.349609375,25860.400390625,25855.0970519778,25855.0970519778,False,-22.05,9.95,27.6,0.0,STOP_LOSS,20,0H:20M,22.0508,-0.2,-0.182359,0.0008,-10.0,6.0,11.73,11.73,0.0,-4.2351,0.0,14.5871,-0.5333,0.0,-4.7684,-4.7684,-357.63,50.0,-407.63,-2.6526
short,B,2026-02-12 10:00:00+05:30,2026-02-12 14:50:00+05:30,25871.099609375,25775.400390625,25886.42059520795,25772.305442681463,True,95.7,118.7,11.5,112.1,TRAIL_SL,290,4H:50M,-95.6992,-0.2,-0.276559,0.0008,-10.0,6.0,11.73,11.73,0.0,22.4368,0.0,274.7502,-7.7333,0.0,14.7035,14.7035,1102.76,50.0,1052.76,-36.0653
short,C,2026-02-13 09:30:00+05:30,2026-02-13 12:20:00+05:30,25547.69921875,25580.30078125,25580.021972107763,25580.021972107763,False,-32.6,34.15,36.6,21.45,STOP_LOSS,170,2H:50M,32.6016,-0.2,-0.173919,0.0008,-10.0,6.0,13.29,13.29,0.0,-6.1377,0.0,31.8859,-4.5333,0.0,-10.671,-10.671,-800.33,50.0,-850.33,-21.7229
long,C,2026-02-16 12:35:00+05:30,2026-02-16 14:50:00+05:30,25574.599609375,25651.349609375,25553.08652211157,25651.946077135177,True,76.75,94.35,29.75,90.4,TRAIL_SL,135,2H:15M,76.75,0.2,0.2614,0.0008,-10.0,6.0,13.33,13.33,0.0,17.4706,0.0,176.7169,-3.6,0.0,13.8706,13.8706,1040.3,50.0,990.3,17.3948
long,C,2026-02-17 10:10:00+05:30,2026-02-17 11:55:00+05:30,25679.25,25729.44921875,25649.01964564191,25729.73883235039,True,50.2,66.1,36.5,62.35,TRAIL_SL,105,1H:45M,50.1992,0.2,0.240159,0.0008,-10.0,6.0,12.67,12.67,0.0,10.947,0.0,75.5988,-2.8,0.0,8.147,8.147,611.03,50.0,561.03,13.6285
long,C,2026-02-17 11:55:00+05:30,2026-02-17 13:55:00+05:30,25729.44921875,25698.849609375,25706.29835107401,25706.29835107401,False,-30.6,34.45,32.7,30.0,STOP_LOSS,120,2H:00M,-30.5996,0.2,0.17552,0.0008,-10.0,6.0,12.67,12.67,0.0,-5.7828,0.0,28.0901,-3.2,0.0,-8.9828,-8.9828,-673.71,50.0,-723.71,15.5184
long,C,2026-02-19 09:30:00+05:30,2026-02-19 09:55:00+05:30,25804.30078125,25772.849609375,25775.17468323613,25775.17468323613,False,-31.45,16.9,34.45,4.95,STOP_LOSS,25,0H:25M,-31.4512,0.2,0.174839,0.0008,-10.0,6.0,13.46,13.46,0.0,-5.9341,0.0,29.6753,-0.6667,0.0,-6.6008,-6.6008,-495.06,50.0,-545.06,3.3114
short,C,2026-02-19 10:30:00+05:30,2026-02-19 12:20:00+05:30,25739.5,25633.349609375,25756.426595578163,25615.78149316432,True,106.15,152.65,6.5,136.0,TRAIL_SL,110,1H:50M,-106.1504,-0.2,-0.28492,0.0008,-10.0,6.0,13.46,13.46,0.0,25.2865,0.0,338.0372,-2.9333,0.0,22.3532,22.3532,1676.49,50.0,1626.49,-14.26
short,B,2026-02-19 12:20:00+05:30,2026-02-19 14:10:00+05:30,25633.349609375,25571.400390625,25650.59571007511,25566.872934945008,True,61.95,87.85,2.9,80.85,TRAIL_SL,110,1H:50M,-61.9492,-0.2,-0.249559,0.0008,-10.0,6.0,13.46,13.46,0.0,13.7714,0.0,115.1312,-2.9333,0.0,10.8381,10.8381,812.86,50.0,762.86,-14.26
short,B,2026-02-20 09:30:00+05:30,2026-02-20 09:45:00+05:30,25466.349609375,25507.900390625,25504.534587549195,25504.534587549195,False,-41.55,16.0,48.4,0.0,STOP_LOSS,15,0H:15M,41.5508,-0.2,-0.166759,0.0008,-10.0,6.0,14.36,14.36,0.0,-7.6886,0.0,51.794,-0.4,0.0,-8.0886,-8.0886,-606.65,50.0,-656.65,-1.9921
long,C,2026-02-20 10:30:00+05:30,2026-02-20 12:35:00+05:30,25570.849609375,25632.75,25527.622544461417,25640.532857289436,True,61.9,92.5,10.1,82.6,TRAIL_SL,125,2H:05M,61.9004,0.2,0.24952,0.0008,-10.0,6.0,14.36,14.36,0.0,13.7595,0.0,114.9498,-3.3333,0.0,10.4261,10.4261,781.96,50.0,731.96,16.1453
long,A,2026-02-20 12:35:00+05:30,2026-02-20 12:40:00+05:30,25632.75,25606.80078125,25608.13354645035,25608.13354645035,False,-25.95,4.2,27.8,0.0,STOP_LOSS,5,0H:05M,-25.9492,0.2,0.179241,0.0008,-10.0,6.0,14.36,14.36,0.0,-4.9474,0.0,20.2009,-0.1333,0.0,-5.0808,-5.0808,-381.06,50.0,-431.06,0.6658
long,A,2026-02-20 12:45:00+05:30,2026-02-20 13:05:00+05:30,25608.55078125,25561.94921875,25579.959693639375,25579.959693639375,False,-46.6,5.15,47.75,3.7,STOP_LOSS,20,0H:20M,-46.6016,0.2,0.162719,0.0008,-10.0,6.0,14.36,14.36,0.0,-8.5385,0.0,65.1512,-0.5333,0.0,-9.0718,-9.0718,-680.39,50.0,-730.39,2.6526
long,C,2026-02-23 09:30:00+05:30,2026-02-23 10:35:00+05:30,25740.5,25689.55078125,25692.74677596243,25692.74677596243,False,-50.95,27.75,56.35,0.9,STOP_LOSS,65,1H:05M,-50.9492,0.2,0.159241,0.0008,-10.0,6.0,14.17,14.17,0.0,-9.2553,0.0,77.8747,-1.7333,0.0,-10.9887,-10.9887,-824.15,50.0,-874.15,8.5214
short,C,2026-02-24 09:30:00+05:30,2026-02-24 12:55:00+05:30,25513.900390625,25404.69921875,25540.238361413016,25404.634937375176,True,109.2,126.45,21.7,121.35,TRAIL_SL,205,3H:25M,-109.2012,-0.2,-0.287361,0.0008,-10.0,6.0,14.15,14.15,0.0,26.1332,0.0,357.7469,-5.4667,0.0,20.6665,20.6665,1549.99,50.0,1499.99,-25.9831
short,C,2026-02-24 12:55:00+05:30,2026-02-24 13:00:00+05:30,25404.69921875,25421.900390625,25418.534976792525,25418.534976792525,False,-17.2,8.2,20.3,0.0,STOP_LOSS,5,0H:05M,17.2012,-0.2,-0.186239,0.0008,-10.0,6.0,14.15,14.15,0.0,-3.3337,0.0,8.8764,-0.1333,0.0,-3.4671,-3.4671,-260.03,50.0,-310.03,-0.6658
long,C,2026-02-25 09:30:00+05:30,2026-02-25 10:40:00+05:30,25579.05078125,25619.900390625,25539.39366413032,25631.413984404924,True,40.85,73.45,19.9,64.25,TRAIL_SL,70,1H:10M,40.8496,0.2,0.23268,0.0008,-10.0,6.0,13.49,13.49,0.0,8.7707,0.0,50.0607,-1.8667,0.0,6.904,6.904,517.8,50.0,467.8,9.1653
long,A,2026-02-25 10:40:00+05:30,2026-02-25 11:40:00+05:30,25619.900390625,25588.0,25596.135946919952,25596.135946919952,False,-31.9,10.9,38.85,1.15,STOP_LOSS,60,1H:00M,-31.9004,0.2,0.17448,0.0008,-10.0,6.0,13.49,13.49,0.0,-6.0137,0.0,30.529,-1.6,0.0,-7.6137,-7.6137,-571.03,50.0,-621.03,7.8759
short,C,2026-02-25 12:45:00+05:30,2026-02-25 14:15:00+05:30,25467.849609375,25493.80078125,25487.77836733339,25487.77836733339,False,-25.95,39.45,27.9,32.2,STOP_LOSS,90,1H:30M,25.9512,-0.2,-0.179239,0.0008,-10.0,6.0,13.49,13.49,0.0,-4.9478,0.0,20.2039,-2.4,0.0,-7.3478,-7.3478,-551.08,50.0,-601.08,-11.725
short,C,2026-02-26 11:55:00+05:30,2026-02-26 14:40:00+05:30,25453.400390625,25513.0,25474.187729482026,25474.187729482026,False,-59.6,51.8,59.6,38.6,STOP_LOSS,165,2H:45M,59.5996,-0.2,-0.15232,0.0008,-10.0,6.0,13.06,13.06,0.0,-10.6412,0.0,106.5634,-4.4,0.0,-15.0412,-15.0412,-1128.09,50.0,-1178.09,-21.1088
short,C,2026-02-27 09:30:00+05:30,2026-02-27 11:40:00+05:30,25367.19921875,25295.099609375,25394.067821680474,25293.35784573682,True,72.1,95.0,16.45,85.35,TRAIL_SL,130,2H:10M,-72.0996,-0.2,-0.25768,0.0008,-10.0,6.0,13.7,13.7,0.0,16.2913,0.0,155.9506,-3.4667,0.0,12.8247,12.8247,961.85,50.0,911.85,-16.7708
short,C,2026-02-27 11:40:00+05:30,2026-02-27 11:55:00+05:30,25295.099609375,25313.400390625,25309.286787308636,25309.286787308636,False,-18.3,0.0,22.65,0.0,STOP_LOSS,15,0H:15M,18.3008,-0.2,-0.185359,0.0008,-10.0,6.0,13.7,13.7,0.0,-3.5396,0.0,10.0476,-0.4,0.0,-3.9396,-3.9396,-295.47,50.0,-345.47,-1.9921
short,C,2026-03-02 09:30:00+05:30,2026-03-02 09:55:00+05:30,24974.55078125,24945.099609375,25037.33785371645,24926.12216717678,True,29.45,91.35,14.2,90.4,TRAIL_SL,25,0H:25M,-29.4512,-0.2,-0.223561,0.0008,-10.0,6.0,17.13,17.13,0.0,6.2025,0.0,26.0211,-0.6667,0.0,5.5358,5.5358,415.19,50.0,365.19,-3.3114
short,B,2026-03-02 10:30:00+05:30,2026-03-02 14:00:00+05:30,24872.69921875,24687.30078125,24905.88085446843,24628.92959534157,True,185.4,268.75,5.9,257.95,TRAIL_SL,210,3H:30M,-185.3984,-0.2,-0.348319,0.0008,-10.0,6.0,17.13,17.13,0.0,49.4538,0.0,1031.1774,-5.6,0.0,43.8538,43.8538,3289.04,50.0,3239.04,-26.5863
short,C,2026-03-04 09:30:00+05:30,2026-03-04 09:40:00+05:30,24332.349609375,24408.75,24399.86578820611,24399.86578820611,False,-76.4,15.2,79.65,0.0,STOP_LOSS,10,0H:10M,76.4004,-0.2,-0.13888,0.0008,-10.0,6.0,21.14,21.14,0.0,-13.1788,0.0,175.1106,-0.2667,0.0,-13.4454,-13.4454,-1008.41,50.0,-1058.41,-1.3298
short,B,2026-03-04 10:05:00+05:30,2026-03-04 10:10:00+05:30,24367.94921875,24413.650390625,24413.19209309237,24413.19209309237,False,-45.7,16.9,46.85,0.0,STOP_LOSS,5,0H:05M,45.7012,-0.2,-0.163439,0.0008,-10.0,6.0,21.14,21.14,0.0,-8.3883,0.0,62.6579,-0.1333,0.0,-8.5217,-8.5217,-639.13,50.0,-689.13,-0.6658
short,B,2026-03-04 10:35:00+05:30,2026-03-04 11:05:00+05:30,24390.099609375,24450.900390625,24425.262559757808,24425.262559757808,False,-60.8,14.4,63.3,0.0,STOP_LOSS,30,0H:30M,60.8008,-0.2,-0.151359,0.0008,-10.0,6.0,21.14,21.14,0.0,-10.8293,0.0,110.9021,-0.8,0.0,-11.6293,-11.6293,-872.2,50.0,-922.2,-3.9685
long,A,2026-03-05 09:30:00+05:30,2026-03-05 10:10:00+05:30,24564.5,24596.25,24504.590248962737,24619.86258961265,True,31.75,92.0,33.8,84.4,TRAIL_SL,40,0H:40M,31.75,0.2,0.2254,0.0008,-10.0,6.0,17.86,17.86,0.0,6.7129,0.0,30.2419,-1.0667,0.0,5.6462,5.6462,423.47,50.0,373.47,5.2776
long,A,2026-03-05 10:10:00+05:30,2026-03-05 11:10:00+05:30,24596.25,24643.19921875,24548.144203474276,24647.23063362806,True,46.95,76.25,57.7,70.3,TRAIL_SL,60,1H:00M,46.9492,0.2,0.237559,0.0008,-10.0,6.0,17.86,17.86,0.0,10.1834,0.0,66.1269,-1.6,0.0,8.5834,8.5834,643.75,50.0,593.75,7.8759
long,A,2026-03-05 11:10:00+05:30,2026-03-05 11:35:00+05:30,24643.19921875,24603.400390625,24608.696339890503,24608.696339890503,False,-39.8,19.75,49.5,12.7,STOP_LOSS,25,0H:25M,-39.7988,0.2,0.168161,0.0008,-10.0,6.0,17.86,17.86,0.0,-7.3895,0.0,47.5184,-0.6667,0.0,-8.0562,-8.0562,-604.22,50.0,-654.22,3.3114
short,C,2026-03-09 09:30:00+05:30,2026-03-09 10:50:00+05:30,23764.400390625,23851.44921875,23841.137624083272,23841.137624083272,False,-87.05,52.55,97.95,25.7,STOP_LOSS,80,1H:20M,87.0488,-0.2,-0.130361,0.0008,-10.0,6.0,23.36,23.36,0.0,-14.6819,0.0,227.325,-2.1333,0.0,-16.8152,-16.8152,-1261.14,50.0,-1311.14,-10.4483
short,C,2026-03-09 10:50:00+05:30,2026-03-09 11:35:00+05:30,23851.44921875,23901.099609375,23891.0805300566,23891.0805300566,False,-49.65,67.0,53.35,32.85,STOP_LOSS,45,0H:45M,49.6504,-0.2,-0.16028,0.0008,-10.0,6.0,23.36,23.36,0.0,-9.0426,0.0,73.9548,-1.2,0.0,-10.2426,-10.2426,-768.2,50.0,-818.2,-5.9297
long,C,2026-03-10 09:30:00+05:30,2026-03-10 10:20:00+05:30,24124.44921875,24169.0,24051.828428577966,24175.876652601655,True,44.55,89.25,44.5,80.1,TRAIL_SL,50,0H:50M,44.5508,0.2,0.235641,0.0008,-10.0,6.0,18.91,18.91,0.0,9.6247,0.0,59.5432,-1.3333,0.0,8.2913,8.2913,621.85,50.0,571.85,6.5801
long,A,2026-03-10 10:20:00+05:30,2026-03-10 10:50:00+05:30,24169.0,24192.05078125,24110.290364509536,24199.181555619132,True,23.05,64.2,15.8,53.4,TRAIL_SL,30,0H:30M,23.0508,0.2,0.218441,0.0008,-10.0,6.0,18.91,18.91,0.0,4.8014,0.0,15.9402,-0.8,0.0,4.0014,4.0014,300.11,50.0,250.11,3.9685
long,A,2026-03-10 10:50:00+05:30,2026-03-10 11:45:00+05:30,24192.05078125,24208.19921875,24145.268550573164,24236.532815590257,True,16.15,63.25,18.1,60.0,TRAIL_SL,55,0H:55M,16.1484,0.2,0.212919,0.0008,-10.0,6.0,18.91,18.91,0.0,3.3236,0.0,7.8232,-1.4667,0.0,1.8569,1.8569,139.27,50.0,89.27,7.2288
long,A,2026-03-10 11:50:00+05:30,2026-03-10 12:10:00+05:30,24213.150390625,24172.5,24183.13428770384,24183.13428770384,False,-40.65,16.3,40.65,1.0,STOP_LOSS,20,0H:20M,-40.6504,0.2,0.16748,0.0008,-10.0,6.0,18.91,18.91,0.0,-7.5352,0.0,49.5736,-0.5333,0.0,-8.0685,-8.0685,-605.14,50.0,-655.14,2.6526
short,C,2026-03-11 10:30:00+05:30,2026-03-11 11:25:00+05:30,24125.400390625,24033.55078125,24147.212736428828,24028.44858983671,True,91.85,115.25,0.2,114.8,TRAIL_SL,55,0H:55M,-91.8496,-0.2,-0.27348,0.0008,-10.0,6.0,21.06,21.06,0.0,21.407,0.0,253.0905,-1.4667,0.0,19.9403,19.9403,1495.53,50.0,1445.53,-7.2288
short,C,2026-03-11 11:30:00+05:30,2026-03-11 14:25:00+05:30,24001.19921875,23974.55078125,24023.689277141828,23916.191383518035,True,26.65,109.0,23.0,101.1,TRAIL_SL,175,2H:55M,-26.6484,-0.2,-0.221319,0.0008,-10.0,6.0,21.06,21.06,0.0,5.5853,0.0,21.3042,-4.6667,0.0,0.9187,0.9187,68.9,50.0,18.9,-22.3356
short,C,2026-03-12 09:30:00+05:30,2026-03-12 09:50:00+05:30,23592.650390625,23656.75,23633.22395484842,23633.22395484842,False,-64.1,23.25,64.35,19.8,STOP_LOSS,20,0H:20M,64.0996,-0.2,-0.14872,0.0008,-10.0,6.0,21.52,21.52,0.0,-11.3408,0.0,123.2628,-0.5333,0.0,-11.8741,-11.8741,-890.56,50.0,-940.56,-2.6526
short,B,2026-03-12 10:00:00+05:30,2026-03-12 10:35:00+05:30,23677.849609375,23712.94921875,23710.973949993197,23710.973949993197,False,-35.1,87.95,41.6,67.7,STOP_LOSS,35,0H:35M,35.0996,-0.2,-0.17192,0.0008,-10.0,6.0,21.52,21.52,0.0,-6.5764,0.0,36.9595,-0.9333,0.0,-7.5097,-7.5097,-563.23,50.0,-613.23,-4.6239
short,B,2026-03-12 10:45:00+05:30,2026-03-12 10:55:00+05:30,23694.0,23740.900390625,23724.188850397335,23724.188850397335,False,-46.9,24.7,47.6,0.0,STOP_LOSS,10,0H:10M,46.9004,-0.2,-0.16248,0.0008,-10.0,6.0,21.52,21.52,0.0,-8.5882,0.0,65.9894,-0.2667,0.0,-8.8549,-8.8549,-664.12,50.0,-714.12,-1.3298
short,C,2026-03-13 09:30:00+05:30,2026-03-13 10:25:00+05:30,23453.900390625,23353.44921875,23493.965366493365,23334.076060447736,True,100.45,147.4,20.55,142.05,TRAIL_SL,55,0H:55M,-100.4512,-0.2,-0.280361,0.0008,-10.0,6.0,22.65,22.65,0.0,23.7228,0.0,302.7131,-1.4667,0.0,22.2561,22.2561,1669.21,50.0,1619.21,-7.2288
short,B,2026-03-13 10:25:00+05:30,2026-03-13 11:30:00+05:30,23353.44921875,23391.30078125,23382.337835016297,23382.337835016297,False,-37.85,44.15,46.85,31.8,STOP_LOSS,65,1H:05M,37.8516,-0.2,-0.169719,0.0008,-10.0,6.0,22.65,22.65,0.0,-7.0545,0.0,42.9822,-1.7333,0.0,-8.7879,-8.7879,-659.09,50.0,-709.09,-8.5214
short,C,2026-03-13 12:15:00+05:30,2026-03-13 12:45:00+05:30,23318.099609375,23240.900390625,23337.797900566355,23230.938210523625,True,77.2,124.2,1.0,105.7,TRAIL_SL,30,0H:30M,-77.1992,-0.2,-0.261759,0.0008,-10.0,6.0,22.65,22.65,0.0,17.5853,0.0,178.7916,-0.8,0.0,16.7853,16.7853,1258.9,50.0,1208.9,-3.9685
short,C,2026-03-13 13:15:00+05:30,2026-03-13 14:10:00+05:30,23171.599609375,23201.849609375,23194.383377089274,23194.383377089274,False,-30.25,58.3,33.9,52.65,STOP_LOSS,55,0H:55M,30.25,-0.2,-0.1758,0.0008,-10.0,6.0,22.65,22.65,0.0,-5.7206,0.0,27.4519,-1.4667,0.0,-7.1872,-7.1872,-539.04,50.0,-589.04,-7.2288
short,C,2026-03-16 10:15:00+05:30,2026-03-16 10:35:00+05:30,23100.0,23057.69921875,23135.416895048776,23052.62041038042,True,42.3,75.05,0.6,75.05,TRAIL_SL,20,0H:20M,-42.3008,-0.2,-0.233841,0.0008,-10.0,6.0,21.57,21.57,0.0,9.1043,0.0,53.6807,-0.5333,0.0,8.571,8.571,642.82,50.0,592.82,-2.6526
short,B,2026-03-16 10:55:00+05:30,2026-03-16 11:05:00+05:30,23032.25,23076.75,23068.247841487664,23068.247841487664,False,-44.5,19.3,46.75,0.0,STOP_LOSS,10,0H:10M,44.5,-0.2,-0.1644,0.0008,-10.0,6.0,21.57,21.57,0.0,-8.1871,0.0,59.4075,-0.2667,0.0,-8.4538,-8.4538,-634.03,50.0,-684.03,-1.3298
