bottom,top,center,strength,touches,kinds
25699.150390625,25720.44921875,25708.758355034723,20,18,"['high', 'low']"
25590.5,25613.099609375,25604.546752929688,18,16,"['high', 'low']"
25645.900390625,25669.75,25657.571899414062,18,16,"['low', 'high']"
25508.69921875,25532.0,25523.156770833335,17,15,"['low', 'high']"
25806.849609375,25831.099609375,25820.83671875,17,15,"['low', 'high']"
25728.94921875,25753.19921875,25740.13211495536,16,14,"['high', 'low']"
25564.19921875,25586.849609375,25574.15760216346,15,13,"['high', 'low']"
25620.05078125,25642.75,25632.57707331731,15,13,"['low', 'high']"
25754.650390625,25770.69921875,25762.441731770832,14,12,"['high', 'low']"
25428.400390625,25446.099609375,25435.849964488636,13,11,"['low', 'high']"
25483.599609375,25507.150390625,25498.045454545456,13,11,"['low', 'high']"
25673.099609375,25695.849609375,25683.119921875,12,10,"['low', 'high']"
25861.44921875,25886.400390625,25874.455078125,12,10,"['low', 'high']"
25889.0,25909.94921875,25901.6595703125,12,10,"['low', 'high']"
26178.0,26200.19921875,26188.024739583332,12,12,['high']
25232.0,25251.55078125,25241.800347222223,11,9,"['high', 'low']"
25266.44921875,25291.30078125,25279.41259765625,10,8,"['high', 'low']"
25292.650390625,25316.599609375,25303.975341796875,10,8,"['high', 'low']"
25345.349609375,25368.80078125,25353.98779296875,10,8,"['low', 'high']"
25538.900390625,25561.150390625,25550.706298828125,10,8,"['low', 'high']"
23200.650390625,23218.150390625,23210.743024553572,9,7,"['high', 'low']"
25318.19921875,25341.650390625,25328.564453125,9,7,"['high', 'low']"
25835.5,25860.30078125,25843.32840401786,9,7,"['high', 'low']"
25925.55078125,25946.19921875,25937.871651785714,9,7,"['high', 'low']"
25950.849609375,25970.75,25965.921316964286,9,7,"['low', 'high']"
26125.099609375,26149.30078125,26135.92795138889,9,9,['low']
24648.69921875,24672.5,24660.24365234375,8,8,['high']
25168.5,25188.150390625,25178.69140625,8,6,"['low', 'high']"
25370.599609375,25394.099609375,25379.991536458332,8,6,"['high', 'low']"
25780.900390625,25801.80078125,25789.983723958332,8,6,"['high', 'low']"
26097.25,26118.400390625,26110.841796875,8,6,"['low', 'high']"
26297.099609375,26314.55078125,26310.625,8,6,"['high', 'low']"
23258.599609375,23281.19921875,23270.730078125,7,5,"['high', 'low']"
23738.44921875,23760.900390625,23751.549609375,7,5,"['low', 'high']"
24296.650390625,24316.25,24303.780078125,7,5,"['low', 'high']"
25138.19921875,25162.05078125,25153.3,7,5,"['low', 'high']"
25454.75,25475.19921875,25464.2796875,7,5,"['low', 'high']"
26150.150390625,26167.94921875,26158.519921875,7,5,"['high', 'low']"
26270.80078125,26290.19921875,26278.4203125,7,5,"['high', 'low']"
23309.650390625,23318.900390625,23316.06298828125,6,4,"['low', 'high']"
23338.599609375,23355.69921875,23345.6748046875,6,4,"['low', 'high']"
23443.0,23465.25,23455.275390625,6,4,"['low', 'high']"
23589.900390625,23608.900390625,23598.93798828125,6,4,"['low', 'high']"
23640.69921875,23665.0,23654.57470703125,6,4,"['low', 'high']"
23828.349609375,23835.099609375,23832.5625,6,4,"['high', 'low']"
23853.849609375,23861.80078125,23858.5,6,4,"['low', 'high']"
24588.349609375,24603.94921875,24597.0498046875,6,4,"['low', 'high']"
25202.05078125,25219.150390625,25209.36279296875,6,4,"['high', 'low']"
26243.30078125,26267.849609375,26260.2001953125,6,4,"['high', 'low']"
26333.94921875,26350.400390625,26344.26220703125,6,4,"['high', 'low']"
22624.900390625,22646.55078125,22636.417317708332,5,3,"['low', 'high']"
23172.55078125,23196.44921875,23187.633463541668,5,3,"['low', 'high']"
23284.349609375,23306.5,23298.449869791668,5,3,"['low', 'high']"
23369.69921875,23380.349609375,23376.533203125,5,3,"['high', 'low']"
23493.19921875,23504.150390625,23499.783203125,5,3,"['high', 'low']"
23526.849609375,23546.55078125,23535.766927083332,5,3,"['high', 'low']"
23557.849609375,23576.55078125,23564.083333333332,5,3,"['low', 'high']"
23696.349609375,23701.94921875,23698.716145833332,5,3,"['low', 'high']"
23892.19921875,23914.19921875,23900.799479166668,5,3,"['high', 'low']"
24215.599609375,24236.5,24228.432942708332,5,3,"['high', 'low']"
24402.30078125,24416.19921875,24411.416666666668,5,3,"['high', 'low']"
24437.349609375,24461.349609375,24449.916666666668,5,3,"['high', 'low']"
24616.44921875,24623.5,24618.966145833332,5,3,"['low', 'high']"
24675.650390625,24688.099609375,24680.949869791668,5,3,"['low', 'high']"
24914.849609375,24933.05078125,24922.699869791668,5,3,"['low', 'high']"
24979.05078125,24998.25,24988.68359375,5,3,"['low', 'high']"
25107.80078125,25132.25,25119.966796875,5,3,"['low', 'high']"
25978.55078125,26000.650390625,25985.750390625,5,5,['high']
26210.349609375,26235.05078125,26222.516927083332,5,3,"['low', 'high']"
22875.349609375,22897.650390625,22886.5,4,2,"['high', 'low']"
22906.400390625,22928.05078125,22913.775390625,4,4,['low']
22961.80078125,22968.5,22965.150390625,4,2,"['low', 'high']"
23057.099609375,23067.900390625,23062.5,4,2,"['low', 'high']"
23086.349609375,23106.44921875,23093.6494140625,4,4,['low']
23972.349609375,23977.05078125,23974.7001953125,4,2,"['low', 'high']"
24529.55078125,24543.80078125,24535.650390625,4,4,['low']
25401.599609375,25406.150390625,25404.1875,4,4,['low']
22472.099609375,22478.69921875,22476.299479166668,3,3,['low']
22505.0,22515.25,22509.516927083332,3,3,['low']
22931.94921875,22955.55078125,22946.033203125,3,3,['low']
23025.19921875,23038.650390625,23033.916666666668,3,3,['high']
23113.30078125,23138.099609375,23123.916666666668,3,3,['low']
24354.150390625,24375.69921875,24362.533203125,3,3,['low']
24556.900390625,24576.05078125,24569.567057291668,3,3,['low']
25041.349609375,25056.5,25047.333333333332,3,3,['low']
26068.30078125,26083.19921875,26076.333333333332,3,3,['low']
22992.94921875,23001.150390625,22997.0498046875,2,2,['high']
23414.900390625,23434.25,23424.5751953125,2,2,['high']
23932.0,23937.55078125,23934.775390625,2,2,['high']
24005.349609375,24024.19921875,24014.7744140625,2,2,['high']
24190.400390625,24201.94921875,24196.1748046875,2,2,['low']
24255.30078125,24262.849609375,24259.0751953125,2,2,['high']
24842.80078125,24853.900390625,24848.3505859375,2,2,['high']
26040.349609375,26050.150390625,26045.25,2,2,['low']
26365.0,26372.849609375,26368.9248046875,2,2,['high']
