entry_type,direction,entry_time,exit_time,entry_price,exit_price,sl_at_entry,sl_at_exit,be_triggered,pnl,mfe_pts,mae_pts,exit_reason,holding_mins,opt_dS,opt_delta_entry,opt_delta_exit,opt_gamma,opt_theta_daily,opt_delta_effect,opt_gamma_pnl,opt_theta_effect,opt_vega_effect,opt_change,opt_pnl_per_lot,opt_gross_pnl,opt_slippage,opt_total_pnl,opt_breakeven_dS,opt_lot_size
breakout,short,2025-12-24 11:50:00+05:30,2025-12-24 12:15:00+05:30,26186.19921875,26195.597030487374,26195.597030487374,26195.597030487374,False,-9.4,0.4,14.9,STOP_LOSS,25,9.3978,-0.2,-0.194361,0.0006,-5.53,-1.8557,1.7222,-0.3687,0.0,-2.2244,-2.2244,-144.58,50.0,-194.58,-1.8383,65
breakout,short,2025-12-24 13:35:00+05:30,2025-12-24 15:10:00+05:30,26160.5,26154.80078125,26169.420067445182,26169.420067445182,False,5.7,36.3,8.15,SOFT_EOD_EXIT,95,-5.6992,-0.2,-0.20342,0.0006,-5.53,1.1486,0.6334,-1.4009,0.0,-0.2523,-0.2523,-16.4,50.0,-66.4,-6.9326,65
breakout,short,2025-12-26 09:30:00+05:30,2025-12-26 14:55:00+05:30,26109.349609375,26019.788224210355,26125.05678301936,26019.788224210355,True,89.56,100.6,3.0,TRAIL_SL,325,-89.5614,-0.2,-0.253737,0.0006,-5.53,20.078,156.4142,-4.7927,0.0,15.2853,15.2853,993.55,50.0,943.55,-23.1588,65
breakout,short,2025-12-29 10:40:00+05:30,2025-12-29 15:10:00+05:30,26003.400390625,25944.05078125,26014.177052560128,26014.177052560128,False,59.35,81.15,8.4,SOFT_EOD_EXIT,270,-59.3496,-0.2,-0.23561,0.0006,-5.53,12.821,68.6863,-3.9816,0.0,8.8394,8.8394,574.56,50.0,524.56,-19.3466,65
breakout,short,2025-12-30 09:30:00+05:30,2025-12-30 09:35:00+05:30,25905.349609375,25920.47767022944,25920.47767022944,25920.47767022944,False,-15.13,1.75,19.75,STOP_LOSS,5,15.1281,-0.2,-0.190923,0.0006,-5.53,-2.9638,4.4627,-0.0737,0.0,-3.0376,-3.0376,-197.44,50.0,-247.44,-0.3685,65
breakout,short,2025-12-30 12:25:00+05:30,2025-12-30 12:35:00+05:30,25885.900390625,25895.8317000189,25895.8317000189,25895.8317000189,False,-9.93,1.45,17.5,STOP_LOSS,10,9.9313,-0.2,-0.194041,0.0006,-5.53,-1.9596,1.9233,-0.1475,0.0,-2.1071,-2.1071,-136.96,50.0,-186.96,-0.7365,65
breakout,long,2025-12-31 11:00:00+05:30,2025-12-31 13:15:00+05:30,26052.150390625,26148.44339169159,26034.05556424229,26148.44339169159,True,96.29,104.55,11.8,TRAIL_SL,135,96.293,0.2,0.257776,0.0006,-5.53,21.7621,180.8107,-1.9908,0.0,19.7713,19.7713,1285.14,50.0,1235.14,9.8097,65
pullback,long,2025-12-31 13:35:00+05:30,2025-12-31 15:10:00+05:30,26143.05078125,26128.068874594905,26128.068874594905,26128.068874594905,False,-14.98,43.95,28.0,STOP_LOSS,95,-14.9819,0.2,0.191011,0.0006,-5.53,-2.9358,4.3769,-1.4009,0.0,-4.3367,-4.3367,-281.89,50.0,-331.89,6.9326,65
breakout,long,2026-01-02 09:50:00+05:30,2026-01-02 10:05:00+05:30,26268.0,26242.30257304768,26242.30257304768,26242.30257304768,False,-25.7,0.75,28.55,STOP_LOSS,15,-25.6974,0.2,0.184582,0.0006,-5.53,-4.9612,12.877,-0.2212,0.0,-5.1824,-5.1824,-336.86,50.0,-386.86,1.1042,65
pullback,long,2026-01-02 10:25:00+05:30,2026-01-02 12:45:00+05:30,26247.099609375,26302.267191060335,26227.18388699327,26302.267191060335,True,55.17,65.15,12.05,TRAIL_SL,140,55.1676,0.2,0.233101,0.0006,-5.53,11.8553,59.3475,-2.0645,0.0,9.7907,9.7907,636.4,50.0,586.4,10.1676,65
breakout,long,2026-01-02 13:20:00+05:30,2026-01-02 13:55:00+05:30,26310.099609375,26298.31599823723,26298.31599823723,26298.31599823723,False,-11.78,1.6,13.75,STOP_LOSS,35,-11.7836,0.2,0.19293,0.0006,-5.53,-2.3192,2.7076,-0.5161,0.0,-2.8354,-2.8354,-184.3,50.0,-234.3,2.5708,65
breakout,short,2026-01-05 14:05:00+05:30,2026-01-05 14:20:00+05:30,26218.94921875,26232.266622833078,26232.266622833078,26232.266622833078,False,-13.32,8.15,17.1,STOP_LOSS,15,13.3174,-0.2,-0.19201,0.0006,-5.53,-2.6156,3.4584,-0.2212,0.0,-2.8368,-2.8368,-184.39,50.0,-234.39,-1.1042,65
pullback,short,2026-01-05 14:30:00+05:30,2026-01-05 14:45:00+05:30,26246.5,26259.68759602387,26259.68759602387,26259.68759602387,False,-13.19,12.7,14.6,STOP_LOSS,15,13.1876,-0.2,-0.192087,0.0006,-5.53,-2.5906,3.3913,-0.2212,0.0,-2.8118,-2.8118,-182.76,50.0,-232.76,-1.1042,65
pullback,short,2026-01-06 09:30:00+05:30,2026-01-06 09:55:00+05:30,26215.05078125,26236.254272020684,26236.254272020684,26236.254272020684,False,-21.2,24.4,43.95,STOP_LOSS,25,21.2035,-0.2,-0.187278,0.0006,-5.53,-4.1193,8.767,-0.3687,0.0,-4.488,-4.488,-291.72,50.0,-341.72,-1.8383,65
breakout,short,2026-01-06 12:20:00+05:30,2026-01-06 12:50:00+05:30,26152.69921875,26165.569541345925,26165.569541345925,26165.569541345925,False,-12.87,2.55,18.25,STOP_LOSS,30,12.8703,-0.2,-0.192278,0.0006,-5.53,-2.5293,3.2301,-0.4424,0.0,-2.9717,-2.9717,-193.16,50.0,-243.16,-2.2047,65
breakout,short,2026-01-07 09:45:00+05:30,2026-01-07 09:55:00+05:30,26114.94921875,26134.887637013548,26134.887637013548,26134.887637013548,False,-19.94,17.7,24.1,STOP_LOSS,10,19.9384,-0.2,-0.188037,0.0006,-5.53,-3.8803,7.752,-0.1475,0.0,-4.0278,-4.0278,-261.81,50.0,-311.81,-0.7365,65
breakout,short,2026-01-07 12:45:00+05:30,2026-01-07 12:55:00+05:30,26081.19921875,26092.564477789616,26092.564477789616,26092.564477789616,False,-11.37,0.5,18.25,STOP_LOSS,10,11.3653,-0.2,-0.193181,0.0006,-5.53,-2.2382,2.5188,-0.1475,0.0,-2.3856,-2.3856,-155.07,50.0,-205.07,-0.7365,65
breakout,short,2026-01-08 10:15:00+05:30,2026-01-08 12:10:00+05:30,26037.150390625,25928.47915999993,26054.36001613306,25928.47915999993,True,108.67,152.4,5.4,TRAIL_SL,115,-108.6712,-0.2,-0.265203,0.0006,-5.53,24.9228,230.284,-1.6959,0.0,23.2269,23.2269,1509.75,50.0,1459.75,-8.3741,65
breakout,short,2026-01-08 12:10:00+05:30,2026-01-08 15:10:00+05:30,25933.75,25878.05078125,25949.36781636799,25949.36781636799,False,55.7,73.1,12.45,SOFT_EOD_EXIT,180,-55.6992,-0.2,-0.23342,0.0006,-5.53,11.9775,60.4969,-2.6544,0.0,9.3231,9.3231,606.0,50.0,556.0,-13.0178,65
pullback,short,2026-01-09 09:50:00+05:30,2026-01-09 12:00:00+05:30,25877.30078125,25754.382822488664,25906.36686049956,25754.382822488664,True,122.92,142.1,24.65,TRAIL_SL,130,-122.918,-0.2,-0.273751,0.0006,-5.53,28.663,294.6221,-1.9171,0.0,26.7459,26.7459,1738.48,50.0,1688.48,-9.4513,65
breakout,short,2026-01-09 12:25:00+05:30,2026-01-09 15:10:00+05:30,25716.75,25695.05078125,25730.90071799634,25730.90071799634,False,21.7,93.25,13.65,SOFT_EOD_EXIT,165,-21.6992,-0.2,-0.21302,0.0006,-5.53,4.467,9.1817,-2.4332,0.0,2.0338,2.0338,132.2,50.0,82.2,-11.9517,65
breakout,short,2026-01-12 09:30:00+05:30,2026-01-12 09:45:00+05:30,25568.75,25595.368179148238,25595.368179148238,25595.368179148238,False,-26.62,25.1,28.35,STOP_LOSS,15,26.6182,-0.2,-0.184029,0.0006,-5.53,-5.1323,13.8163,-0.2212,0.0,-5.3535,-5.3535,-347.98,50.0,-397.98,-1.1042,65
pullback,short,2026-01-12 09:45:00+05:30,2026-01-12 11:45:00+05:30,25595.44921875,25489.972838210546,25623.957233489236,25489.972838210546,True,105.48,122.05,13.1,TRAIL_SL,120,-105.4764,-0.2,-0.263286,0.0006,-5.53,24.0991,216.9427,-1.7696,0.0,22.3295,22.3295,1451.42,50.0,1401.42,-8.7336,65
pullback,short,2026-01-12 11:55:00+05:30,2026-01-12 12:05:00+05:30,25501.55078125,25515.657301498413,25515.657301498413,25515.657301498413,False,-14.11,5.35,28.9,STOP_LOSS,10,14.1065,-0.2,-0.191536,0.0006,-5.53,-2.7676,3.8804,-0.1475,0.0,-2.915,-2.915,-189.48,50.0,-239.48,-0.7365,65
breakout,short,2026-01-13 14:15:00+05:30,2026-01-13 14:35:00+05:30,25638.19921875,25657.827118299658,25657.827118299658,25657.827118299658,False,-19.63,34.8,36.0,STOP_LOSS,20,19.6279,-0.2,-0.188223,0.0006,-5.53,-3.8216,7.5125,-0.2949,0.0,-4.1165,-4.1165,-267.57,50.0,-317.57,-1.4714,65
breakout,short,2026-01-14 13:45:00+05:30,2026-01-14 14:45:00+05:30,25661.650390625,25677.84437320373,25677.84437320373,25677.84437320373,False,-16.19,57.55,54.0,STOP_LOSS,60,16.194,-0.2,-0.190284,0.0006,-5.53,-3.168,5.1138,-0.8848,0.0,-4.0528,-4.0528,-263.43,50.0,-313.43,-4.395,65
breakout,long,2026-01-16 10:15:00+05:30,2026-01-16 11:40:00+05:30,25836.75,25798.944386156207,25798.944386156207,25798.944386156207,False,-37.81,36.1,39.6,STOP_LOSS,85,-37.8056,0.2,0.177317,0.0006,-5.53,-7.1752,27.8707,-1.2535,0.0,-8.4287,-8.4287,-547.86,50.0,-597.86,6.2095,65
breakout,short,2026-01-16 13:10:00+05:30,2026-01-16 15:10:00+05:30,25716.55078125,25683.099609375,25733.596028323296,25733.596028323296,False,33.45,53.75,6.55,SOFT_EOD_EXIT,120,-33.4512,-0.2,-0.220071,0.0006,-5.53,6.9924,21.8201,-1.7696,0.0,5.2228,5.2228,339.48,50.0,289.48,-8.7336,65
breakout,short,2026-01-19 09:30:00+05:30,2026-01-19 10:55:00+05:30,25588.0,25520.43147705476,25616.843119885787,25520.43147705476,True,67.57,93.05,8.3,TRAIL_SL,85,-67.5685,-0.2,-0.240541,0.0006,-5.53,14.7464,89.0274,-1.2535,0.0,13.4929,13.4929,877.04,50.0,827.04,-6.2095,65
breakout,short,2026-01-20 09:40:00+05:30,2026-01-20 10:35:00+05:30,25467.5,25490.518576184844,25490.518576184844,25490.518576184844,False,-23.02,34.75,36.5,STOP_LOSS,55,23.0186,-0.2,-0.186189,0.0006,-5.53,-4.4607,10.3322,-0.8111,0.0,-5.2717,-5.2717,-342.66,50.0,-392.66,-4.031,65
breakout,short,2026-01-20 11:00:00+05:30,2026-01-20 11:50:00+05:30,25458.55078125,25474.698426932653,25474.698426932653,25474.698426932653,False,-16.15,14.7,33.95,STOP_LOSS,50,16.1476,-0.2,-0.190311,0.0006,-5.53,-3.1591,5.0846,-0.7373,0.0,-3.8965,-3.8965,-253.27,50.0,-303.27,-3.6665,65
pullback,short,2026-01-21 09:30:00+05:30,2026-01-21 10:55:00+05:30,25242.849609375,24992.688995147408,25279.53002924053,24992.688995147408,True,250.16,322.65,8.45,TRAIL_SL,85,-250.1606,-0.2,-0.350096,0.0006,-5.53,66.9288,1220.3165,-1.2535,0.0,65.6753,65.6753,4268.9,50.0,4218.9,-6.2095,65
breakout,short,2026-01-21 10:55:00+05:30,2026-01-21 11:10:00+05:30,24993.599609375,25026.603572868025,25026.603572868025,25026.603572868025,False,-33.0,18.6,76.5,STOP_LOSS,15,33.004,-0.2,-0.180198,0.0006,-5.53,-6.3067,21.2406,-0.2212,0.0,-6.5279,-6.5279,-424.31,50.0,-474.31,-1.1042,65
pullback,short,2026-01-21 11:30:00+05:30,2026-01-21 12:00:00+05:30,25043.650390625,25074.8693908735,25074.8693908735,25074.8693908735,False,-31.22,8.05,80.45,STOP_LOSS,30,31.219,-0.2,-0.181269,0.0006,-5.53,-5.9807,19.0052,-0.4424,0.0,-6.4231,-6.4231,-417.5,50.0,-467.5,-2.2047,65
pullback,short,2026-01-22 11:20:00+05:30,2026-01-22 14:35:00+05:30,25253.69921875,25280.868852678137,25280.868852678137,25280.868852678137,False,-27.17,85.2,42.2,STOP_LOSS,195,27.1696,-0.2,-0.183698,0.0006,-5.53,-5.2346,14.3947,-2.8756,0.0,-8.1102,-8.1102,-527.16,50.0,-577.16,-14.0806,65
breakout,short,2026-01-23 12:05:00+05:30,2026-01-23 12:15:00+05:30,25189.55078125,25207.917719960195,25207.917719960195,25207.917719960195,False,-18.37,5.6,30.8,STOP_LOSS,10,18.3669,-0.2,-0.18898,0.0006,-5.53,-3.5823,6.5782,-0.1475,0.0,-3.7298,-3.7298,-242.44,50.0,-292.44,-0.7365,65
pullback,short,2026-01-23 12:15:00+05:30,2026-01-23 14:05:00+05:30,25219.599609375,25066.28960350301,25237.93739559649,25066.28960350301,True,153.31,175.45,24.2,TRAIL_SL,110,-153.31,-0.2,-0.291986,0.0006,-5.53,37.0081,458.3272,-1.6221,0.0,35.3859,35.3859,2300.09,50.0,2250.09,-8.0143,65
pullback,short,2026-01-23 14:25:00+05:30,2026-01-23 15:10:00+05:30,25069.349609375,25045.849609375,25091.73217439586,25091.73217439586,False,23.5,40.5,38.45,SOFT_EOD_EXIT,45,-23.5,-0.2,-0.2141,0.0006,-5.53,4.8491,10.7689,-0.6636,0.0,4.1855,4.1855,272.06,50.0,222.06,-3.3016,65
pullback,short,2026-01-27 11:10:00+05:30,2026-01-27 11:30:00+05:30,25029.400390625,25060.92669209809,25060.92669209809,25060.92669209809,False,-31.53,7.3,55.4,STOP_LOSS,20,31.5263,-0.2,-0.181084,0.0006,-5.53,-6.0369,19.3812,-0.2949,0.0,-6.3318,-6.3318,-411.57,50.0,-461.57,-1.4714,65
pullback,short,2026-01-27 14:30:00+05:30,2026-01-27 14:35:00+05:30,25041.75,25063.44728471475,25063.44728471475,25063.44728471475,False,-21.7,1.1,51.3,STOP_LOSS,5,21.6973,-0.2,-0.186982,0.0006,-5.53,-4.2123,9.1801,-0.0737,0.0,-4.2861,-4.2861,-278.6,50.0,-328.6,-0.3685,65
pullback,long,2026-01-28 09:50:00+05:30,2026-01-28 13:20:00+05:30,25288.400390625,25244.72685086191,25244.72685086191,25244.72685086191,False,-43.67,62.65,73.35,STOP_LOSS,210,-43.6735,0.2,0.173796,0.0006,-5.53,-8.2197,37.1939,-3.0968,0.0,-11.3165,-11.3165,-735.57,50.0,-785.57,15.1402,65
breakout,short,2026-01-28 13:50:00+05:30,2026-01-28 14:40:00+05:30,25218.849609375,25237.17986131391,25237.17986131391,25237.17986131391,False,-18.33,17.75,34.35,STOP_LOSS,50,18.3303,-0.2,-0.189002,0.0006,-5.53,-3.5753,6.552,-0.7373,0.0,-4.3127,-4.3127,-280.32,50.0,-330.32,-3.6665,65
breakout,short,2026-01-29 09:55:00+05:30,2026-01-29 10:20:00+05:30,25184.849609375,25212.85221144663,25212.85221144663,25212.85221144663,False,-28.0,17.8,44.0,STOP_LOSS,25,28.0026,-0.2,-0.183198,0.0006,-5.53,-5.3888,15.2908,-0.3687,0.0,-5.7575,-5.7575,-374.24,50.0,-424.24,-1.8383,65
pullback,short,2026-01-29 10:20:00+05:30,2026-01-29 11:05:00+05:30,25213.30078125,25240.264102866673,25240.264102866673,25240.264102866673,False,-26.96,37.65,38.8,STOP_LOSS,45,26.9633,-0.2,-0.183822,0.0006,-5.53,-5.1964,14.1769,-0.6636,0.0,-5.86,-5.86,-380.9,50.0,-430.9,-3.3016,65
pullback,short,2026-01-30 09:45:00+05:30,2026-01-30 13:55:00+05:30,25305.55078125,25336.399134592117,25336.399134592117,25336.399134592117,False,-30.85,91.75,38.75,STOP_LOSS,250,30.8484,-0.2,-0.181491,0.0006,-5.53,-5.9127,18.5566,-3.6867,0.0,-9.5994,-9.5994,-623.96,50.0,-673.96,-17.95,65
breakout,long,2026-01-30 14:20:00+05:30,2026-01-30 14:40:00+05:30,25346.75,25318.751871837118,25318.751871837118,25318.751871837118,False,-28.0,3.55,42.8,STOP_LOSS,20,-27.9981,0.2,0.183201,0.0006,-5.53,-5.388,15.286,-0.2949,0.0,-5.6829,-5.6829,-369.39,50.0,-419.39,1.4714,65
breakout,long,2026-02-03 09:30:00+05:30,2026-02-03 10:45:00+05:30,25755.150390625,25780.222600347013,25613.834607690325,25780.222600347013,True,25.07,66.5,112.8,TRAIL_SL,75,25.0722,0.2,0.215043,0.0006,-5.53,5.1842,12.258,-1.106,0.0,4.0782,4.0782,265.08,50.0,215.08,5.4849,65
pullback,long,2026-02-03 10:45:00+05:30,2026-02-03 11:45:00+05:30,25763.69921875,25836.36971080035,25701.998120882403,25836.36971080035,True,72.67,99.45,17.0,TRAIL_SL,60,72.6705,0.2,0.243602,0.0006,-5.53,15.96,102.9795,-0.8848,0.0,15.0752,15.0752,979.89,50.0,929.89,4.395,65
pullback,long,2026-02-03 12:05:00+05:30,2026-02-03 12:25:00+05:30,25828.25,25794.991930410477,25794.991930410477,25794.991930410477,False,-33.26,15.1,47.4,STOP_LOSS,20,-33.2581,0.2,0.180045,0.0006,-5.53,-6.353,21.5689,-0.2949,0.0,-6.6479,-6.6479,-432.11,50.0,-482.11,1.4714,65
breakout,long,2026-02-04 09:45:00+05:30,2026-02-04 10:30:00+05:30,25786.44921875,25735.077522052576,25735.077522052576,25735.077522052576,False,-51.37,15.35,62.9,STOP_LOSS,45,-51.3717,0.2,0.169177,0.0006,-5.53,-9.5618,51.4615,-0.6636,0.0,-10.2254,-10.2254,-664.65,50.0,-714.65,3.3016,65
breakout,short,2026-02-04 11:20:00+05:30,2026-02-04 11:40:00+05:30,25698.05078125,25716.516341129533,25716.516341129533,25716.516341129533,False,-18.47,12.1,25.85,STOP_LOSS,20,18.4656,-0.2,-0.188921,0.0006,-5.53,-3.601,6.649,-0.2949,0.0,-3.896,-3.896,-253.24,50.0,-303.24,-1.4714,65
breakout,short,2026-02-05 09:40:00+05:30,2026-02-05 10:10:00+05:30,25635.150390625,25659.912420071912,25659.912420071912,25659.912420071912,False,-24.76,22.05,41.55,STOP_LOSS,30,24.762,-0.2,-0.185143,0.0006,-5.53,-4.7869,11.9566,-0.4424,0.0,-5.2293,-5.2293,-339.9,50.0,-389.9,-2.2047,65
pullback,short,2026-02-05 10:25:00+05:30,2026-02-05 15:10:00+05:30,25669.55078125,25647.80078125,25690.493905139367,25690.493905139367,False,21.75,88.95,10.65,SOFT_EOD_EXIT,285,-21.75,-0.2,-0.21305,0.0006,-5.53,4.4777,9.2247,-4.2028,0.0,0.2749,0.2749,17.87,50.0,-32.13,-20.3904,65
breakout,short,2026-02-06 09:45:00+05:30,2026-02-06 11:20:00+05:30,25569.0,25591.199090848862,25591.199090848862,25591.199090848862,False,-22.2,76.85,28.55,STOP_LOSS,95,22.1991,-0.2,-0.186681,0.0006,-5.53,-4.3068,9.6096,-1.4009,0.0,-5.7077,-5.7077,-371.0,50.0,-421.0,-6.9326,65
breakout,long,2026-02-09 09:30:00+05:30,2026-02-09 11:30:00+05:30,25802.19921875,25854.48805137175,25750.92507322366,25854.48805137175,True,52.29,67.85,20.65,TRAIL_SL,120,52.2888,0.2,0.231373,0.0006,-5.53,11.196,53.3154,-1.7696,0.0,9.4264,9.4264,612.71,50.0,562.71,8.7336,65
breakout,long,2026-02-10 09:40:00+05:30,2026-02-10 13:30:00+05:30,25949.400390625,25925.859701622834,25925.859701622834,25925.859701622834,False,-23.54,39.8,40.55,STOP_LOSS,230,-23.5407,0.2,0.185876,0.0006,-5.53,-4.5585,10.8062,-3.3917,0.0,-7.9502,-7.9502,-516.77,50.0,-566.77,16.5479,65
breakout,short,2026-02-12 09:35:00+05:30,2026-02-12 09:50:00+05:30,25842.25,25858.579294005758,25858.579294005758,25858.579294005758,False,-16.33,13.85,23.7,STOP_LOSS,15,16.3293,-0.2,-0.190202,0.0006,-5.53,-3.1939,5.1996,-0.2212,0.0,-3.4151,-3.4151,-221.98,50.0,-271.98,-1.1042,65
pullback,short,2026-02-12 09:55:00+05:30,2026-02-12 10:10:00+05:30,25865.099609375,25880.712240263983,25880.712240263983,25880.712240263983,False,-15.61,15.2,15.8,STOP_LOSS,15,15.6126,-0.2,-0.190632,0.0006,-5.53,-3.0567,4.7532,-0.2212,0.0,-3.2779,-3.2779,-213.06,50.0,-263.06,-1.1042,65
breakout,short,2026-02-13 09:30:00+05:30,2026-02-13 12:20:00+05:30,25547.69921875,25580.021972107763,25580.021972107763,25580.021972107763,False,-32.32,34.15,36.6,STOP_LOSS,170,32.3228,-0.2,-0.180606,0.0006,-5.53,-6.1825,20.3728,-2.5069,0.0,-8.6894,-8.6894,-564.81,50.0,-614.81,-12.3075,65
breakout,short,2026-02-13 14:45:00+05:30,2026-02-13 15:10:00+05:30,25508.150390625,25477.19921875,25521.559808124035,25521.559808124035,False,30.95,35.0,20.15,SOFT_EOD_EXIT,25,-30.9512,-0.2,-0.218571,0.0006,-5.53,6.4489,18.6805,-0.3687,0.0,6.0802,6.0802,395.21,50.0,345.21,-1.8383,65
breakout,short,2026-02-16 09:50:00+05:30,2026-02-16 09:55:00+05:30,25466.599609375,25491.635351670866,25491.635351670866,25491.635351670866,False,-25.04,2.9,31.35,STOP_LOSS,5,25.0357,-0.2,-0.184979,0.0006,-5.53,-4.8379,12.2224,-0.0737,0.0,-4.9116,-4.9116,-319.26,50.0,-369.26,-0.3685,65
breakout,long,2026-02-17 10:15:00+05:30,2026-02-17 10:45:00+05:30,25690.69921875,25660.33957830632,25660.33957830632,25660.33957830632,False,-30.36,39.4,47.95,STOP_LOSS,30,-30.3596,0.2,0.181784,0.0006,-5.53,-5.8231,17.9733,-0.4424,0.0,-6.2655,-6.2655,-407.26,50.0,-457.26,2.2047,65
breakout,long,2026-02-17 11:55:00+05:30,2026-02-17 13:55:00+05:30,25729.44921875,25706.29835107401,25706.29835107401,25706.29835107401,False,-23.15,34.45,32.7,STOP_LOSS,120,-23.1509,0.2,0.186109,0.0006,-5.53,-4.4855,10.4513,-1.7696,0.0,-6.2551,-6.2551,-406.58,50.0,-456.58,8.7336,65
breakout,short,2026-02-18 10:40:00+05:30,2026-02-18 10:45:00+05:30,25660.75,25677.25321591595,25677.25321591595,25677.25321591595,False,-16.5,1.9,22.85,STOP_LOSS,5,16.5032,-0.2,-0.190098,0.0006,-5.53,-3.2271,5.3109,-0.0737,0.0,-3.3008,-3.3008,-214.55,50.0,-264.55,-0.3685,65
breakout,short,2026-02-19 11:15:00+05:30,2026-02-19 12:20:00+05:30,25705.650390625,25615.78149316432,25721.626191143114,25615.78149316432,True,89.87,118.8,4.1,TRAIL_SL,65,-89.8689,-0.2,-0.253921,0.0006,-5.53,20.1544,157.4902,-0.9585,0.0,19.1959,19.1959,1247.73,50.0,1197.73,-4.7587,65
breakout,short,2026-02-19 12:35:00+05:30,2026-02-19 13:05:00+05:30,25593.80078125,25611.463768991856,25611.463768991856,25611.463768991856,False,-17.66,25.6,36.0,STOP_LOSS,30,17.663,-0.2,-0.189402,0.0006,-5.53,-3.4484,6.0836,-0.4424,0.0,-3.8908,-3.8908,-252.9,50.0,-302.9,-2.2047,65
breakout,short,2026-02-19 13:55:00+05:30,2026-02-19 14:15:00+05:30,25562.44921875,25580.946766146644,25580.946766146644,25580.946766146644,False,-18.5,16.95,39.25,STOP_LOSS,20,18.4975,-0.2,-0.188901,0.0006,-5.53,-3.6071,6.6721,-0.2949,0.0,-3.9021,-3.9021,-253.63,50.0,-303.63,-1.4714,65
breakout,long,2026-02-23 09:45:00+05:30,2026-02-23 10:35:00+05:30,25741.400390625,25699.004952081137,25699.004952081137,25699.004952081137,False,-42.4,5.25,57.25,STOP_LOSS,50,-42.3954,0.2,0.174563,0.0006,-5.53,-7.9938,35.0488,-0.7373,0.0,-8.7311,-8.7311,-567.52,50.0,-617.52,3.6665,65
breakout,short,2026-02-24 09:30:00+05:30,2026-02-24 12:55:00+05:30,25513.900390625,25404.634937375176,25540.238361413016,25404.634937375176,True,109.27,126.45,21.7,TRAIL_SL,205,-109.2655,-0.2,-0.265559,0.0006,-5.53,25.0766,232.8093,-3.0231,0.0,22.0535,22.0535,1433.48,50.0,1383.48,-14.7873,65
breakout,short,2026-02-24 12:55:00+05:30,2026-02-24 13:00:00+05:30,25404.69921875,25418.534976792525,25418.534976792525,25418.534976792525,False,-13.84,8.2,20.3,STOP_LOSS,5,13.8358,-0.2,-0.191699,0.0006,-5.53,-2.7155,3.7328,-0.0737,0.0,-2.7892,-2.7892,-181.3,50.0,-231.3,-0.3685,65
pullback,short,2026-02-24 13:00:00+05:30,2026-02-24 13:35:00+05:30,25421.900390625,25354.032087281485,25436.74138092852,25354.032087281485,True,67.87,93.9,11.35,TRAIL_SL,35,-67.8683,-0.2,-0.240721,0.0006,-5.53,14.8173,89.8191,-0.5161,0.0,14.3012,14.3012,929.58,50.0,879.58,-2.5708,65
breakout,short,2026-02-25 12:55:00+05:30,2026-02-25 14:15:00+05:30,25472.19921875,25492.26182351236,25492.26182351236,25492.26182351236,False,-20.06,43.8,23.55,STOP_LOSS,80,20.0626,-0.2,-0.187962,0.0006,-5.53,-3.9038,7.8489,-1.1797,0.0,-5.0836,-5.0836,-330.43,50.0,-380.43,-5.8474,65
pullback,short,2026-02-25 14:50:00+05:30,2026-02-25 15:00:00+05:30,25458.349609375,25476.122469581424,25476.122469581424,25476.122469581424,False,-17.77,5.75,48.2,STOP_LOSS,10,17.7729,-0.2,-0.189336,0.0006,-5.53,-3.4693,6.1596,-0.1475,0.0,-3.6168,-3.6168,-235.09,50.0,-285.09,-0.7365,65
breakout,short,2026-02-26 12:55:00+05:30,2026-02-26 13:00:00+05:30,25414.80078125,25432.45701414636,25432.45701414636,25432.45701414636,False,-17.66,1.05,37.45,STOP_LOSS,5,17.6562,-0.2,-0.189406,0.0006,-5.53,-3.4471,6.079,-0.0737,0.0,-3.5208,-3.5208,-228.85,50.0,-278.85,-0.3685,65
breakout,short,2026-02-26 13:15:00+05:30,2026-02-26 13:35:00+05:30,25420.650390625,25438.467275111478,25438.467275111478,25438.467275111478,False,-17.82,6.55,34.1,STOP_LOSS,20,17.8169,-0.2,-0.18931,0.0006,-5.53,-3.4777,6.1901,-0.2949,0.0,-3.7726,-3.7726,-245.22,50.0,-295.22,-1.4714,65
breakout,short,2026-02-27 09:30:00+05:30,2026-02-27 11:40:00+05:30,25367.19921875,25293.35784573682,25394.067821680474,25293.35784573682,True,73.84,95.0,16.45,TRAIL_SL,130,-73.8414,-0.2,-0.244305,0.0006,-5.53,16.2405,106.3247,-1.9171,0.0,14.3234,14.3234,931.02,50.0,881.02,-9.4513,65
breakout,short,2026-02-27 11:40:00+05:30,2026-02-27 11:55:00+05:30,25295.099609375,25309.286787308636,25309.286787308636,25309.286787308636,False,-14.19,0.0,22.65,STOP_LOSS,15,14.1872,-0.2,-0.191488,0.0006,-5.53,-2.7831,3.9249,-0.2212,0.0,-3.0043,-3.0043,-195.28,50.0,-245.28,-1.1042,65
breakout,short,2026-03-02 09:30:00+05:30,2026-03-02 09:55:00+05:30,24974.55078125,24926.12216717678,25037.33785371645,24926.12216717678,True,48.43,91.35,14.2,TRAIL_SL,25,-48.4286,-0.2,-0.229057,0.0006,-5.53,10.319,45.7339,-0.3687,0.0,9.9503,9.9503,646.77,50.0,596.77,-1.8383,65
pullback,short,2026-03-02 10:55:00+05:30,2026-03-02 14:00:00+05:30,24855.150390625,24628.92959534157,24882.74988499293,24628.92959534157,True,226.22,251.2,13.55,TRAIL_SL,185,-226.2208,-0.2,-0.335732,0.0006,-5.53,59.0616,997.929,-2.7281,0.0,56.3335,56.3335,3661.68,50.0,3611.68,-13.3724,65
breakout,short,2026-03-04 09:30:00+05:30,2026-03-04 09:40:00+05:30,24332.349609375,24399.86578820611,24399.86578820611,24399.86578820611,False,-67.52,15.2,79.65,STOP_LOSS,10,67.5162,-0.2,-0.15949,0.0006,-5.53,-12.2725,88.8895,-0.1475,0.0,-12.4199,-12.4199,-807.3,50.0,-857.3,-0.7365,65
breakout,short,2026-03-04 09:40:00+05:30,2026-03-04 10:05:00+05:30,24408.75,24365.957723504445,24469.86855834981,24365.957723504445,True,42.79,102.15,7.45,TRAIL_SL,25,-42.7923,-0.2,-0.225675,0.0006,-5.53,9.0529,35.708,-0.3687,0.0,8.6842,8.6842,564.47,50.0,514.47,-1.8383,65
pullback,short,2026-03-04 10:10:00+05:30,2026-03-04 13:10:00+05:30,24413.650390625,24459.235881721717,24459.235881721717,24459.235881721717,False,-45.59,59.5,47.7,STOP_LOSS,180,45.5855,-0.2,-0.172649,0.0006,-5.53,-8.556,40.5217,-2.6544,0.0,-11.2104,-11.2104,-728.68,50.0,-778.68,-13.0178,65
breakout,short,2026-03-06 14:55:00+05:30,2026-03-06 15:10:00+05:30,24482.55078125,24441.650390625,24510.698284158618,24510.698284158618,False,40.9,51.05,10.25,SOFT_EOD_EXIT,15,-40.9004,-0.2,-0.22454,0.0006,-5.53,8.6317,32.6204,-0.2212,0.0,8.4105,8.4105,546.69,50.0,496.69,-1.1042,65
breakout,short,2026-03-09 09:30:00+05:30,2026-03-09 10:50:00+05:30,23764.400390625,23841.137624083272,23841.137624083272,23841.137624083272,False,-76.74,52.55,97.95,STOP_LOSS,80,76.7372,-0.2,-0.153958,0.0006,-5.53,-13.7575,114.8278,-1.1797,0.0,-14.9373,-14.9373,-970.92,50.0,-1020.92,-5.8474,65
pullback,short,2026-03-09 11:05:00+05:30,2026-03-09 11:25:00+05:30,23830.30078125,23865.74423284814,23865.74423284814,23865.74423284814,False,-35.44,45.85,58.35,STOP_LOSS,20,35.4435,-0.2,-0.178734,0.0006,-5.53,-6.7495,24.4966,-0.2949,0.0,-7.0444,-7.0444,-457.89,50.0,-507.89,-1.4714,65
breakout,short,2026-03-11 10:10:00+05:30,2026-03-11 11:25:00+05:30,24116.5,24028.44858983671,24142.176550111166,24028.44858983671,True,88.05,106.35,25.45,TRAIL_SL,75,-88.0514,-0.2,-0.252831,0.0006,-5.53,19.7036,151.1845,-1.106,0.0,18.5976,18.5976,1208.84,50.0,1158.84,-5.4849,65
breakout,short,2026-03-11 11:25:00+05:30,2026-03-11 13:20:00+05:30,24033.55078125,23947.182298259708,24055.197137687686,23947.182298259708,True,86.37,119.35,0.8,TRAIL_SL,115,-86.3685,-0.2,-0.251821,0.0006,-5.53,19.2878,145.4605,-1.6959,0.0,17.5919,17.5919,1143.47,50.0,1093.47,-8.3741,65
pullback,short,2026-03-11 13:20:00+05:30,2026-03-12 09:25:00+05:30,23961.44921875,23602.541674177908,23982.96042213342,23602.541674177908,True,358.91,403.6,43.9,TRAIL_SL,1205,-358.9075,-0.2,-0.415345,0.0006,-5.53,106.5615,2511.8852,-17.7697,0.0,88.7917,88.7917,5771.46,50.0,5721.46,-79.3936,65
breakout,short,2026-03-12 09:30:00+05:30,2026-03-12 09:50:00+05:30,23592.650390625,23633.22395484842,23633.22395484842,23633.22395484842,False,-40.57,23.25,64.35,STOP_LOSS,20,40.5736,-0.2,-0.175656,0.0006,-5.53,-7.6702,32.1012,-0.2949,0.0,-7.9652,-7.9652,-517.74,50.0,-567.74,-1.4714,65
pullback,short,2026-03-12 09:50:00+05:30,2026-03-12 09:55:00+05:30,23656.75,23691.3586473652,23691.3586473652,23691.3586473652,False,-34.61,13.0,39.55,STOP_LOSS,5,34.6086,-0.2,-0.179235,0.0006,-5.53,-6.5983,23.3563,-0.0737,0.0,-6.6721,-6.6721,-433.68,50.0,-483.68,-0.3685,65
breakout,short,2026-03-13 09:30:00+05:30,2026-03-13 10:25:00+05:30,23453.900390625,23334.076060447736,23493.965366493365,23334.076060447736,True,119.82,147.4,20.55,TRAIL_SL,55,-119.8243,-0.2,-0.271895,0.0006,-5.53,27.8415,279.9785,-0.8111,0.0,27.0304,27.0304,1756.98,50.0,1706.98,-4.031,65
pullback,short,2026-03-13 10:25:00+05:30,2026-03-13 11:30:00+05:30,23353.44921875,23382.337835016297,23382.337835016297,23382.337835016297,False,-28.89,44.15,46.85,STOP_LOSS,65,28.8886,-0.2,-0.182667,0.0006,-5.53,-5.5524,16.2738,-0.9585,0.0,-6.5109,-6.5109,-423.21,50.0,-473.21,-4.7587,65
breakout,short,2026-03-13 12:20:00+05:30,2026-03-13 13:25:00+05:30,23269.55078125,23161.00674561523,23291.57751642834,23161.00674561523,True,108.54,131.4,21.7,TRAIL_SL,65,-108.544,-0.2,-0.265126,0.0006,-5.53,24.8899,229.7452,-0.9585,0.0,23.9314,23.9314,1555.54,50.0,1505.54,-4.7587,65
breakout,short,2026-03-16 10:45:00+05:30,2026-03-16 11:05:00+05:30,23035.599609375,23066.5956550409,23066.5956550409,23066.5956550409,False,-31.0,80.05,43.4,STOP_LOSS,20,30.996,-0.2,-0.181402,0.0006,-5.53,-5.9398,18.7347,-0.2949,0.0,-6.2347,-6.2347,-405.26,50.0,-455.26,-1.4714,65
pullback,long,2026-03-17 10:35:00+05:30,2026-03-17 11:20:00+05:30,23489.94921875,23437.82876824368,23437.82876824368,23437.82876824368,False,-52.12,43.95,78.8,STOP_LOSS,45,-52.1205,0.2,0.168728,0.0006,-5.53,-9.6906,52.9726,-0.6636,0.0,-10.3542,-10.3542,-673.02,50.0,-723.02,3.3016,65
breakout,long,2026-03-17 13:25:00+05:30,2026-03-17 14:15:00+05:30,23541.75,23580.541881552967,23506.278442900235,23580.541881552967,True,38.79,67.15,37.6,TRAIL_SL,50,38.7919,0.2,0.223275,0.0006,-5.53,8.1647,29.3438,-0.7373,0.0,7.4273,7.4273,482.78,50.0,432.78,3.6665,65
pullback,long,2026-03-17 14:15:00+05:30,2026-03-17 15:00:00+05:30,23561.80078125,23634.228623387597,23518.382855108477,23634.228623387597,True,72.43,94.4,34.95,TRAIL_SL,45,72.4278,0.2,0.243457,0.0006,-5.53,15.9019,102.293,-0.6636,0.0,15.2383,15.2383,990.49,50.0,940.49,3.3016,65
breakout,long,2026-03-18 09:30:00+05:30,2026-03-18 10:00:00+05:30,23725.30078125,23663.319873144083,23663.319873144083,23663.319873144083,False,-61.98,29.05,74.7,STOP_LOSS,30,-61.9809,0.2,0.162811,0.0006,-5.53,-11.3589,74.9118,-0.4424,0.0,-11.8013,-11.8013,-767.09,50.0,-817.09,2.2047,65
breakout,long,2026-03-18 10:25:00+05:30,2026-03-18 11:55:00+05:30,23722.94921875,23807.089116151863,23678.751830618778,23807.089116151863,True,84.14,112.15,9.5,TRAIL_SL,90,84.1399,0.2,0.250484,0.0006,-5.53,18.7395,138.0507,-1.3272,0.0,17.4123,17.4123,1131.8,50.0,1081.8,6.5712,65
pullback,long,2026-03-18 11:55:00+05:30,2026-03-18 12:05:00+05:30,23806.30078125,23780.56722841323,23780.56722841323,23780.56722841323,False,-25.73,4.5,28.55,STOP_LOSS,10,-25.7336,0.2,0.18456,0.0006,-5.53,-4.9679,12.9132,-0.1475,0.0,-5.1154,-5.1154,-332.5,50.0,-382.5,0.7365,65
breakout,short,2026-03-19 09:30:00+05:30,2026-03-19 10:20:00+05:30,23301.0,23243.815888668418,23359.099615657975,23243.815888668418,True,57.18,96.95,5.8,TRAIL_SL,50,-57.1841,-0.2,-0.23431,0.0006,-5.53,12.3197,63.7654,-0.7373,0.0,11.5824,11.5824,752.86,50.0,702.86,-3.6665,65
pullback,short,2026-03-19 10:25:00+05:30,2026-03-19 10:35:00+05:30,23272.400390625,23304.099197208125,23304.099197208125,23304.099197208125,False,-31.7,0.7,45.4,STOP_LOSS,10,31.6988,-0.2,-0.180981,0.0006,-5.53,-6.0685,19.5939,-0.1475,0.0,-6.2159,-6.2159,-404.04,50.0,-454.04,-0.7365,65
pullback,short,2026-03-19 10:45:00+05:30,2026-03-19 13:35:00+05:30,23276.75,23191.26586158969,23305.324575281178,23191.26586158969,True,85.48,104.2,14.95,TRAIL_SL,170,-85.4841,-0.2,-0.25129,0.0006,-5.53,19.0699,142.497,-2.5069,0.0,16.5629,16.5629,1076.59,50.0,1026.59,-12.3075,65
breakout,short,2026-03-20 12:30:00+05:30,2026-03-20 12:40:00+05:30,23170.099609375,23195.397912264667,23195.397912264667,23195.397912264667,False,-25.3,4.25,46.3,STOP_LOSS,10,25.2983,-0.2,-0.184821,0.0006,-5.53,-4.8869,12.4801,-0.1475,0.0,-5.0343,-5.0343,-327.23,50.0,-377.23,-0.7365,65
pullback,short,2026-03-20 12:40:00+05:30,2026-03-20 13:00:00+05:30,23205.75,23230.571536913518,23230.571536913518,23230.571536913518,False,-24.82,3.15,43.95,STOP_LOSS,20,24.8215,-0.2,-0.185107,0.0006,-5.53,-4.798,12.0141,-0.2949,0.0,-5.0929,-5.0929,-331.04,50.0,-381.04,-1.4714,65
