direction,entry_time,exit_time,entry_price,exit_price,stop_loss_at_exit,pnl,exit_reason
long,2025-12-15 11:05:00+05:30,2025-12-15 15:15:00+05:30,25977.349609375,26023.55078125,25955.128752525234,46.2,EOD_EXIT
short,2025-12-16 10:15:00+05:30,2025-12-16 15:15:00+05:30,25912.44921875,25841.05078125,25928.19280425859,71.4,EOD_EXIT
short,2025-12-17 10:45:00+05:30,2025-12-17 11:45:00+05:30,25828.150390625,25842.96800121506,25842.96800121506,-14.82,STOP_LOSS
long,2025-12-19 10:55:00+05:30,2025-12-19 11:25:00+05:30,25962.400390625,25943.182863719718,25943.182863719718,-19.22,STOP_LOSS
long,2025-12-22 10:35:00+05:30,2025-12-22 15:15:00+05:30,26122.80078125,26168.400390625,26104.73235508951,45.6,EOD_EXIT
short,2025-12-26 10:25:00+05:30,2025-12-26 15:15:00+05:30,26091.75,26039.400390625,26102.8460073885,52.35,EOD_EXIT
long,2025-12-31 11:20:00+05:30,2025-12-31 15:00:00+05:30,26044.44921875,26175.20457643261,26175.20457643261,130.76,TRAIL_SL
long,2026-01-02 11:05:00+05:30,2026-01-02 15:15:00+05:30,26252.0,26326.25,26235.709406719154,74.25,EOD_EXIT
long,2026-01-05 10:55:00+05:30,2026-01-05 11:20:00+05:30,26349.599609375,26327.231368705052,26327.231368705052,-22.37,STOP_LOSS
short,2026-01-07 13:45:00+05:30,2026-01-07 14:00:00+05:30,26082.900390625,26092.811269435628,26092.811269435628,-9.91,STOP_LOSS
short,2026-01-08 13:00:00+05:30,2026-01-08 15:15:00+05:30,25923.75,25874.099609375,25937.07598011805,49.65,EOD_EXIT
short,2026-01-09 09:50:00+05:30,2026-01-09 12:00:00+05:30,25877.30078125,25754.382822488664,25754.382822488664,122.92,TRAIL_SL
short,2026-01-12 09:45:00+05:30,2026-01-12 11:45:00+05:30,25595.44921875,25489.972838210546,25489.972838210546,105.48,TRAIL_SL
short,2026-01-12 11:55:00+05:30,2026-01-12 12:05:00+05:30,25501.55078125,25515.657301498413,25515.657301498413,-14.11,STOP_LOSS
short,2026-01-14 14:10:00+05:30,2026-01-14 14:45:00+05:30,25663.19921875,25679.79818312059,25679.79818312059,-16.6,STOP_LOSS
long,2026-01-16 10:55:00+05:30,2026-01-16 11:40:00+05:30,25829.5,25799.990165262305,25799.990165262305,-29.51,STOP_LOSS
short,2026-01-16 14:10:00+05:30,2026-01-16 14:40:00+05:30,25688.25,25706.512970992866,25706.512970992866,-18.26,STOP_LOSS
short,2026-01-19 10:50:00+05:30,2026-01-19 10:55:00+05:30,25519.650390625,25537.42902734789,25537.42902734789,-17.78,STOP_LOSS
short,2026-01-19 11:10:00+05:30,2026-01-19 13:05:00+05:30,25537.75,25555.405853296394,25555.405853296394,-17.66,STOP_LOSS
short,2026-01-20 10:05:00+05:30,2026-01-20 14:00:00+05:30,25479.80078125,25375.03649516594,25375.03649516594,104.76,TRAIL_SL
short,2026-01-21 11:30:00+05:30,2026-01-21 12:00:00+05:30,25043.650390625,25074.8693908735,25074.8693908735,-31.22,STOP_LOSS
short,2026-01-21 14:30:00+05:30,2026-01-21 15:15:00+05:30,25162.849609375,25159.900390625,25191.41250861032,2.95,EOD_EXIT
short,2026-01-22 11:20:00+05:30,2026-01-22 14:35:00+05:30,25253.69921875,25280.868852678137,25280.868852678137,-27.17,STOP_LOSS
short,2026-01-23 14:25:00+05:30,2026-01-23 15:15:00+05:30,25069.349609375,25039.25,25091.73217439586,30.1,EOD_EXIT
short,2026-01-27 11:20:00+05:30,2026-01-27 11:35:00+05:30,25039.400390625,25068.883401162013,25068.883401162013,-29.48,STOP_LOSS
short,2026-01-27 14:30:00+05:30,2026-01-27 14:35:00+05:30,25041.75,25063.44728471475,25063.44728471475,-21.7,STOP_LOSS
long,2026-01-28 09:50:00+05:30,2026-01-28 13:20:00+05:30,25288.400390625,25244.72685086191,25244.72685086191,-43.67,STOP_LOSS
short,2026-01-28 14:30:00+05:30,2026-01-28 14:40:00+05:30,25224.30078125,25241.807603383153,25241.807603383153,-17.51,STOP_LOSS
short,2026-01-29 10:10:00+05:30,2026-01-29 11:00:00+05:30,25211.650390625,25238.099229731888,25238.099229731888,-26.45,STOP_LOSS
long,2026-01-29 14:15:00+05:30,2026-01-29 15:15:00+05:30,25401.849609375,25421.55078125,25372.79785846439,19.7,EOD_EXIT
short,2026-01-30 09:45:00+05:30,2026-01-30 13:55:00+05:30,25305.55078125,25336.399134592117,25336.399134592117,-30.85,STOP_LOSS
long,2026-01-30 14:25:00+05:30,2026-01-30 15:15:00+05:30,25336.099609375,25324.44921875,25308.322377467168,-11.65,EOD_EXIT
long,2026-02-03 09:55:00+05:30,2026-02-03 11:45:00+05:30,25702.599609375,25836.36971080035,25836.36971080035,133.77,TRAIL_SL
long,2026-02-03 12:05:00+05:30,2026-02-03 12:25:00+05:30,25828.25,25794.991930410477,25794.991930410477,-33.26,STOP_LOSS
long,2026-02-04 14:00:00+05:30,2026-02-04 15:15:00+05:30,25766.19921875,25768.94921875,25746.677753287357,2.75,EOD_EXIT
short,2026-02-05 10:25:00+05:30,2026-02-05 15:15:00+05:30,25669.55078125,25629.25,25690.493905139367,40.3,EOD_EXIT
short,2026-02-06 10:15:00+05:30,2026-02-06 11:10:00+05:30,25544.849609375,25566.94553793794,25566.94553793794,-22.1,STOP_LOSS
long,2026-02-09 10:10:00+05:30,2026-02-09 15:15:00+05:30,25801.599609375,25868.650390625,25770.07502580519,67.05,EOD_EXIT
long,2026-02-10 10:40:00+05:30,2026-02-10 13:20:00+05:30,25960.69921875,25941.339846018796,25941.339846018796,-19.36,STOP_LOSS
short,2026-02-12 09:55:00+05:30,2026-02-12 10:10:00+05:30,25865.099609375,25880.712240263983,25880.712240263983,-15.61,STOP_LOSS
short,2026-02-12 10:30:00+05:30,2026-02-12 14:50:00+05:30,25872.80078125,25772.305442681463,25772.305442681463,100.5,TRAIL_SL
short,2026-02-13 10:25:00+05:30,2026-02-13 10:35:00+05:30,25548.94921875,25567.40599673665,25567.40599673665,-18.46,STOP_LOSS
short,2026-02-13 10:50:00+05:30,2026-02-13 12:20:00+05:30,25559.849609375,25576.154861978204,25576.154861978204,-16.31,STOP_LOSS
short,2026-02-13 14:15:00+05:30,2026-02-13 15:15:00+05:30,25527.94921875,25485.05078125,25542.404817504317,42.9,EOD_EXIT
short,2026-02-19 14:20:00+05:30,2026-02-20 09:15:00+05:30,25580.94921875,25426.293293919098,25426.293293919098,154.66,TRAIL_SL
long,2026-02-23 10:10:00+05:30,2026-02-23 10:40:00+05:30,25717.849609375,25681.962149454237,25681.962149454237,-35.89,STOP_LOSS
short,2026-02-24 10:35:00+05:30,2026-02-24 11:35:00+05:30,25504.0,25521.007178024745,25521.007178024745,-17.01,STOP_LOSS
short,2026-02-24 13:00:00+05:30,2026-02-24 14:10:00+05:30,25421.900390625,25436.74138092852,25436.74138092852,-14.84,STOP_LOSS
short,2026-02-25 13:45:00+05:30,2026-02-25 14:15:00+05:30,25467.400390625,25484.07329192817,25484.07329192817,-16.67,STOP_LOSS
short,2026-02-26 13:30:00+05:30,2026-02-26 14:10:00+05:30,25432.849609375,25450.102223929975,25450.102223929975,-17.25,STOP_LOSS
short,2026-02-27 10:35:00+05:30,2026-03-02 09:30:00+05:30,25335.30078125,24939.054503190186,24939.054503190186,396.25,TRAIL_SL
short,2026-03-02 10:55:00+05:30,2026-03-02 14:00:00+05:30,24855.150390625,24628.92959534157,24628.92959534157,226.22,TRAIL_SL
short,2026-03-04 10:20:00+05:30,2026-03-04 11:05:00+05:30,24399.349609375,24440.71108397237,24440.71108397237,-41.36,STOP_LOSS
short,2026-03-04 11:15:00+05:30,2026-03-04 13:10:00+05:30,24412.05078125,24438.292907594892,24438.292907594892,-26.24,STOP_LOSS
short,2026-03-05 14:30:00+05:30,2026-03-05 14:35:00+05:30,24582.5,24607.801590951287,24607.801590951287,-25.3,STOP_LOSS
short,2026-03-06 14:05:00+05:30,2026-03-06 14:15:00+05:30,24584.900390625,24603.080604920673,24603.080604920673,-18.18,STOP_LOSS
short,2026-03-09 10:40:00+05:30,2026-03-09 10:50:00+05:30,23782.099609375,23816.359994019513,23816.359994019513,-34.26,STOP_LOSS
short,2026-03-09 11:10:00+05:30,2026-03-09 11:25:00+05:30,23818.599609375,23854.602423676723,23854.602423676723,-36.0,STOP_LOSS
short,2026-03-11 10:55:00+05:30,2026-03-11 12:00:00+05:30,24102.94921875,23998.14083208178,23998.14083208178,104.81,TRAIL_SL
short,2026-03-11 12:10:00+05:30,2026-03-11 14:25:00+05:30,24011.599609375,23916.191383518035,23916.191383518035,95.41,TRAIL_SL
short,2026-03-11 14:35:00+05:30,2026-03-11 15:15:00+05:30,23936.80078125,23874.55078125,23962.740529969353,62.25,EOD_EXIT
