bar_idx,bar_time,direction,entry_price,stop_price,target_price,risk_pts,reward_pts,rr_ratio,score_contraction,score_signature,score_time,score_sr,score_rev_guard,confidence,signature_tags,contraction_start,contraction_end,sr_context,reason,hit_target,hit_stop,outcome_pts,bars_to_close
1012,2022-11-21 12:20:00,short,18153.45,18165.38,18177.3,11.93,23.85,2.0,0.829,0.35,0.65,0.3,0.8,57.5,['SQUEEZE(avg=8.4pts)'],975,1008,near_support,C Q=0.83 bars=975-1008 | Sigs=[SQUEEZE(avg=8.4pts)] | T=12:20(s=0.65) | SR=near_support(s=0.30) | Rev=0.80 | Conf=57.5,True,False,23.85,1
2418,2022-12-16 10:45:00,short,18283.45,18288.91,18294.36,5.46,10.91,2.0,0.787,0.35,0.4,0.9,1.0,64.7,['SQUEEZE(avg=18.5pts)'],2402,2416,broke_below_sr,C Q=0.79 bars=2402-2416 | Sigs=[SQUEEZE(avg=18.5pts)] | T=10:45(s=0.40) | SR=broke_below_sr(s=0.90) | Rev=1.00 | Conf=64.7,True,False,10.91,1
6844,2023-03-13 10:50:00,long,17439.6,17429.95,17458.9,9.65,19.3,2.0,0.777,0.35,0.4,0.3,1.0,55.4,['SQUEEZE(avg=18.8pts)'],6826,6843,near_resistance,C Q=0.78 bars=6826-6843 | Sigs=[SQUEEZE(avg=18.8pts)] | T=10:50(s=0.40) | SR=near_resistance(s=0.30) | Rev=1.00 | Conf=55.4,False,True,-9.65,2
7670,2023-03-28 10:55:00,short,16932.05,16945.66,16959.27,13.61,27.22,2.0,0.754,0.5,0.4,0.3,1.0,59.4,"['SQUEEZE(avg=11.8pts)', 'HL_STAIRCASE(bullish)']",7644,7669,near_support,"C Q=0.75 bars=7644-7669 | Sigs=[SQUEEZE(avg=11.8pts), HL_STAIRCASE(bullish)] | T=10:55(s=0.40) | SR=near_support(s=0.30) | Rev=1.00 | Conf=59.4",True,False,27.22,1
8214,2023-04-11 12:30:00,short,17677.3,17696.23,17715.16,18.93,37.86,2.0,0.748,0.52,0.65,0.3,0.75,59.8,"['SQUEEZE(avg=11.3pts)', 'LH_CASCADE(bearish)']",8174,8213,near_support,"C Q=0.75 bars=8174-8213 | Sigs=[SQUEEZE(avg=11.3pts), LH_CASCADE(bearish)] | T=12:30(s=0.65) | SR=near_support(s=0.30) | Rev=0.75 | Conf=59.8",True,False,37.86,1
13253,2023-07-18 13:40:00,long,19738.65,19711.1,19793.75,27.55,55.1,2.0,0.784,0.55,0.65,0.9,0.8,71.3,"['SQUEEZE(avg=15.7pts)', 'DOJI(x1)']",13222,13248,broke_above_sr,"C Q=0.78 bars=13222-13248 | Sigs=[SQUEEZE(avg=15.7pts), DOJI(x1)] | T=13:40(s=0.65) | SR=broke_above_sr(s=0.90) | Rev=0.80 | Conf=71.3",True,False,55.1,22
18998,2023-11-08 11:10:00,short,19408.2,19426.06,19443.92,17.86,35.72,2.0,0.77,0.7,0.4,0.3,0.55,59.0,"['SQUEEZE(avg=6.1pts)', 'DOJI(x1)', 'HL_STAIRCASE(bullish)']",18976,18994,near_support,"C Q=0.77 bars=18976-18994 | Sigs=[SQUEEZE(avg=6.1pts), DOJI(x1), HL_STAIRCASE(bullish)] | T=11:10(s=0.40) | SR=near_support(s=0.30) | Rev=0.55 | Conf=59.0",True,False,35.72,1
20457,2023-12-07 13:00:00,short,20909.75,20912.25,20914.75,2.5,5.0,2.0,0.789,0.5,0.65,0.3,1.0,64.0,"['SQUEEZE(avg=8.6pts)', 'HL_STAIRCASE(bullish)']",20425,20454,near_support,"C Q=0.79 bars=20425-20454 | Sigs=[SQUEEZE(avg=8.6pts), HL_STAIRCASE(bullish)] | T=13:00(s=0.65) | SR=near_support(s=0.30) | Rev=1.00 | Conf=64.0",True,False,5.0,1
20815,2023-12-14 11:35:00,long,21167.15,21162.27,21176.9,4.88,9.75,2.0,0.803,0.35,0.4,0.7,0.75,58.3,['SQUEEZE(avg=8.9pts)'],20787,20814,clear,C Q=0.80 bars=20787-20814 | Sigs=[SQUEEZE(avg=8.9pts)] | T=11:35(s=0.40) | SR=clear(s=0.70) | Rev=0.75 | Conf=58.3,True,False,9.75,1
20962,2023-12-18 11:20:00,short,21463.95,21473.49,21483.02,9.54,19.07,2.0,0.837,0.35,0.4,0.9,0.75,62.2,['SQUEEZE(avg=13.2pts)'],20933,20960,broke_below_sr,C Q=0.84 bars=20933-20960 | Sigs=[SQUEEZE(avg=13.2pts)] | T=11:20(s=0.40) | SR=broke_below_sr(s=0.90) | Rev=0.75 | Conf=62.2,True,False,19.07,1
21789,2024-01-03 11:30:00,short,21557.75,21567.97,21578.19,10.22,20.44,2.0,0.807,0.55,0.4,0.3,0.7,57.7,"['SQUEEZE(avg=12.2pts)', 'DOJI(x1)']",21771,21787,near_support,"C Q=0.81 bars=21771-21787 | Sigs=[SQUEEZE(avg=12.2pts), DOJI(x1)] | T=11:30(s=0.40) | SR=near_support(s=0.30) | Rev=0.70 | Conf=57.7",True,False,20.44,1
22775,2024-01-20 12:25:00,short,21643.65,21645.29,21646.93,1.64,3.28,2.0,0.743,0.35,0.65,0.3,1.0,58.3,['SQUEEZE(avg=9.7pts)'],22748,22774,near_support,C Q=0.74 bars=22748-22774 | Sigs=[SQUEEZE(avg=9.7pts)] | T=12:25(s=0.65) | SR=near_support(s=0.30) | Rev=1.00 | Conf=58.3,True,False,3.28,1
25291,2024-03-11 14:05:00,short,22393.8,22405.3,22416.8,11.5,23.0,2.0,0.665,0.55,1.0,0.3,0.8,64.6,"['SQUEEZE(avg=14.0pts)', 'DOJI(x1)']",25260,25287,near_support,"C Q=0.67 bars=25260-25287 | Sigs=[SQUEEZE(avg=14.0pts), DOJI(x1)] | T=14:05(s=1.00) | SR=near_support(s=0.30) | Rev=0.80 | Conf=64.6",True,False,23.0,1
26730,2024-04-09 15:15:00,long,22647.3,22638.3,22665.3,9.0,18.0,2.0,0.774,0.55,1.0,0.3,1.0,70.4,"['SQUEEZE(avg=13.6pts)', 'DOJI(x1)']",26714,26728,near_resistance,"C Q=0.77 bars=26714-26728 | Sigs=[SQUEEZE(avg=13.6pts), DOJI(x1)] | T=15:15(s=1.00) | SR=near_resistance(s=0.30) | Rev=1.00 | Conf=70.4",True,False,18.0,3
29787,2024-06-11 12:00:00,long,23319.3,23316.43,23325.05,2.87,5.75,2.0,0.758,0.55,0.65,0.3,0.7,60.2,"['SQUEEZE(avg=10.5pts)', 'DOJI(x1)']",29770,29785,near_resistance,"C Q=0.76 bars=29770-29785 | Sigs=[SQUEEZE(avg=10.5pts), DOJI(x1)] | T=12:00(s=0.65) | SR=near_resistance(s=0.30) | Rev=0.70 | Conf=60.2",True,False,5.75,1
31737,2024-07-19 12:00:00,long,24651.05,24631.7,24689.75,19.35,38.7,2.0,0.817,0.52,0.65,0.3,1.0,65.3,"['SQUEEZE(avg=16.7pts)', 'LH_CASCADE(bearish)']",31696,31735,near_resistance,"C Q=0.82 bars=31696-31735 | Sigs=[SQUEEZE(avg=16.7pts), LH_CASCADE(bearish)] | T=12:00(s=0.65) | SR=near_resistance(s=0.30) | Rev=1.00 | Conf=65.3",False,True,-19.35,4
32210,2024-07-29 13:55:00,short,24825.75,24859.23,24892.71,33.48,66.96,2.0,0.843,0.35,0.65,0.3,1.0,60.8,['SQUEEZE(avg=20.8pts)'],32190,32208,near_support,C Q=0.84 bars=32190-32208 | Sigs=[SQUEEZE(avg=20.8pts)] | T=13:55(s=0.65) | SR=near_support(s=0.30) | Rev=1.00 | Conf=60.8,True,False,66.96,1
35111,2024-09-23 11:55:00,long,25879.95,25856.92,25926.0,23.03,46.05,2.0,0.789,0.35,0.4,0.3,1.0,55.7,['SQUEEZE(avg=14.6pts)'],35083,35110,near_resistance,C Q=0.79 bars=35083-35110 | Sigs=[SQUEEZE(avg=14.6pts)] | T=11:55(s=0.40) | SR=near_resistance(s=0.30) | Rev=1.00 | Conf=55.7,True,False,46.05,28
35674,2024-10-03 15:05:00,long,25262.2,25248.47,25289.65,13.73,27.45,2.0,0.785,0.0,1.0,0.7,1.0,60.1,[],35658,35672,clear,C Q=0.78 bars=35658-35672 | Sigs=[none] | T=15:05(s=1.00) | SR=clear(s=0.70) | Rev=1.00 | Conf=60.1,False,True,-13.73,2
36248,2024-10-15 12:55:00,short,25058.8,25068.41,25078.02,9.61,19.22,2.0,0.836,0.5,0.65,0.3,1.0,65.1,"['SQUEEZE(avg=9.9pts)', 'HL_STAIRCASE(bullish)']",36215,36246,near_support,"C Q=0.84 bars=36215-36246 | Sigs=[SQUEEZE(avg=9.9pts), HL_STAIRCASE(bullish)] | T=12:55(s=0.65) | SR=near_support(s=0.30) | Rev=1.00 | Conf=65.1",True,False,19.22,1
36399,2024-10-17 13:00:00,long,24793.4,24772.7,24834.8,20.7,41.4,2.0,0.781,0.55,0.65,0.3,1.0,65.3,"['SQUEEZE(avg=18.2pts)', 'DOJI(x1)']",36359,36398,near_resistance,"C Q=0.78 bars=36359-36398 | Sigs=[SQUEEZE(avg=18.2pts), DOJI(x1)] | T=13:00(s=0.65) | SR=near_resistance(s=0.30) | Rev=1.00 | Conf=65.3",False,True,-20.7,3
36759,2024-10-24 11:45:00,long,24413.85,24407.85,24425.85,6.0,12.0,2.0,0.842,0.7,0.4,0.3,0.75,63.8,"['SQUEEZE(avg=10.2pts)', 'DOJI(x1)', 'HL_STAIRCASE(bullish)']",36729,36758,near_resistance,"C Q=0.84 bars=36729-36758 | Sigs=[SQUEEZE(avg=10.2pts), DOJI(x1), HL_STAIRCASE(bullish)] | T=11:45(s=0.40) | SR=near_resistance(s=0.30) | Rev=0.75 | Conf=63.8",False,True,-6.0,1
37280,2024-11-05 10:25:00,long,24022.9,23991.05,24086.6,31.85,63.7,2.0,0.786,0.52,0.4,0.3,1.0,60.8,"['SQUEEZE(avg=23.8pts)', 'LH_CASCADE(bearish)']",37264,37278,near_resistance,"C Q=0.79 bars=37264-37278 | Sigs=[SQUEEZE(avg=23.8pts), LH_CASCADE(bearish)] | T=10:25(s=0.40) | SR=near_resistance(s=0.30) | Rev=1.00 | Conf=60.8",False,True,-31.85,1
40172,2025-01-01 13:55:00,long,23785.95,23760.53,23836.78,25.42,50.83,2.0,0.803,0.55,0.65,0.3,0.8,62.8,"['SQUEEZE(avg=16.2pts)', 'DOJI(x1)']",40140,40168,near_resistance,"C Q=0.80 bars=40140-40168 | Sigs=[SQUEEZE(avg=16.2pts), DOJI(x1)] | T=13:55(s=0.65) | SR=near_resistance(s=0.30) | Rev=0.80 | Conf=62.8",False,True,-25.42,10
42088,2025-02-05 11:05:00,short,23731.05,23763.53,23796.0,32.48,64.95,2.0,0.789,0.7,0.4,0.3,0.75,62.5,"['SQUEEZE(avg=14.6pts)', 'DOJI(x1)', 'HL_STAIRCASE(bullish)']",42064,42085,near_support,"C Q=0.79 bars=42064-42085 | Sigs=[SQUEEZE(avg=14.6pts), DOJI(x1), HL_STAIRCASE(bullish)] | T=11:05(s=0.40) | SR=near_support(s=0.30) | Rev=0.75 | Conf=62.5",True,False,64.95,1
43183,2025-02-25 14:50:00,short,22572.9,22579.54,22586.18,6.64,13.28,2.0,0.788,0.35,1.0,0.3,1.0,64.7,['SQUEEZE(avg=8.3pts)'],43162,43180,near_support,C Q=0.79 bars=43162-43180 | Sigs=[SQUEEZE(avg=8.3pts)] | T=14:50(s=1.00) | SR=near_support(s=0.30) | Rev=1.00 | Conf=64.7,True,False,13.28,1
43233,2025-02-27 12:45:00,long,22529.05,22522.33,22542.49,6.72,13.44,2.0,0.855,0.72,0.65,0.3,0.7,67.7,"['SQUEEZE(avg=6.9pts)', 'DOJI(x1)', 'LH_CASCADE(bearish)']",43195,43231,near_resistance,"C Q=0.86 bars=43195-43231 | Sigs=[SQUEEZE(avg=6.9pts), DOJI(x1), LH_CASCADE(bearish)] | T=12:45(s=0.65) | SR=near_resistance(s=0.30) | Rev=0.70 | Conf=67.7",True,False,13.44,9
45237,2025-04-09 11:00:00,short,22367.2,22392.33,22417.47,25.13,50.27,2.0,0.862,0.5,0.4,0.3,1.0,62.1,"['SQUEEZE(avg=18.4pts)', 'HL_STAIRCASE(bullish)']",45217,45235,near_support,"C Q=0.86 bars=45217-45235 | Sigs=[SQUEEZE(avg=18.4pts), HL_STAIRCASE(bullish)] | T=11:00(s=0.40) | SR=near_support(s=0.30) | Rev=1.00 | Conf=62.1",True,False,50.27,1
46155,2025-04-30 12:30:00,long,24359.85,24343.39,24392.78,16.46,32.93,2.0,0.86,0.55,0.65,0.3,1.0,67.2,"['SQUEEZE(avg=10.7pts)', 'DOJI(x1)']",46116,46154,near_resistance,"C Q=0.86 bars=46116-46154 | Sigs=[SQUEEZE(avg=10.7pts), DOJI(x1)] | T=12:30(s=0.65) | SR=near_resistance(s=0.30) | Rev=1.00 | Conf=67.2",False,True,-16.46,5
46755,2025-05-13 12:30:00,short,24669.45,24716.45,24763.45,47.0,94.0,2.0,0.803,0.2,0.65,0.3,1.0,55.3,['DOJI(x1)'],46735,46752,near_support,C Q=0.80 bars=46735-46752 | Sigs=[DOJI(x1)] | T=12:30(s=0.65) | SR=near_support(s=0.30) | Rev=1.00 | Conf=55.3,True,False,94.0,1
47369,2025-05-23 13:40:00,short,24851.0,24883.19,24915.39,32.19,64.39,2.0,0.703,0.35,0.65,0.3,1.0,57.3,['SQUEEZE(avg=14.4pts)'],47343,47366,near_support,C Q=0.70 bars=47343-47366 | Sigs=[SQUEEZE(avg=14.4pts)] | T=13:40(s=0.65) | SR=near_support(s=0.30) | Rev=1.00 | Conf=57.3,True,False,64.39,1
47685,2025-05-29 15:00:00,long,24797.75,24758.43,24876.39,39.32,78.64,2.0,0.753,0.72,1.0,0.3,1.0,74.9,"['SQUEEZE(avg=15.6pts)', 'DOJI(x1)', 'LH_CASCADE(bearish)']",47656,47682,near_resistance,"C Q=0.75 bars=47656-47682 | Sigs=[SQUEEZE(avg=15.6pts), DOJI(x1), LH_CASCADE(bearish)] | T=15:00(s=1.00) | SR=near_resistance(s=0.30) | Rev=1.00 | Conf=74.9",True,False,78.64,5
49116,2025-06-26 09:15:00,long,25283.65,25246.18,25358.59,37.47,74.94,2.0,0.769,0.35,0.1,0.9,0.75,56.0,['SQUEEZE(avg=9.8pts)'],49101,49115,broke_above_sr,C Q=0.77 bars=49101-49115 | Sigs=[SQUEEZE(avg=9.8pts)] | T=09:15(s=0.10) | SR=broke_above_sr(s=0.90) | Rev=0.75 | Conf=56.0,True,False,74.94,3
49542,2025-07-03 13:30:00,long,25517.1,25506.32,25538.67,10.78,21.57,2.0,0.803,0.55,0.65,0.3,1.0,65.8,"['SQUEEZE(avg=16.3pts)', 'DOJI(x1)']",49517,49539,near_resistance,"C Q=0.80 bars=49517-49539 | Sigs=[SQUEEZE(avg=16.3pts), DOJI(x1)] | T=13:30(s=0.65) | SR=near_resistance(s=0.30) | Rev=1.00 | Conf=65.8",True,False,21.57,1
59225,2026-01-09 13:10:00,long,25691.05,25669.48,25734.19,21.57,43.14,2.0,0.701,0.55,0.65,0.7,0.7,64.8,"['SQUEEZE(avg=22.3pts)', 'DOJI(x1)']",59188,59222,clear,"C Q=0.70 bars=59188-59222 | Sigs=[SQUEEZE(avg=22.3pts), DOJI(x1)] | T=13:10(s=0.65) | SR=clear(s=0.70) | Rev=0.70 | Conf=64.8",False,True,-21.57,8
60175,2026-01-30 11:05:00,short,25263.1,25285.56,25308.02,22.46,44.92,2.0,0.811,0.7,0.4,0.3,0.8,63.8,"['SQUEEZE(avg=17.0pts)', 'DOJI(x2)', 'HL_STAIRCASE(bullish)']",60157,60171,near_support,"C Q=0.81 bars=60157-60171 | Sigs=[SQUEEZE(avg=17.0pts), DOJI(x2), HL_STAIRCASE(bullish)] | T=11:05(s=0.40) | SR=near_support(s=0.30) | Rev=0.80 | Conf=63.8",True,False,44.92,1
60717,2026-02-09 12:30:00,short,25839.65,25849.47,25859.29,9.82,19.64,2.0,0.791,0.35,0.65,0.3,1.0,59.5,['SQUEEZE(avg=10.1pts)'],60689,60716,near_support,C Q=0.79 bars=60689-60716 | Sigs=[SQUEEZE(avg=10.1pts)] | T=12:30(s=0.65) | SR=near_support(s=0.30) | Rev=1.00 | Conf=59.5,True,False,19.64,1
62738,2026-03-19 12:10:00,long,23265.5,23230.78,23334.95,34.72,69.45,2.0,0.78,0.72,0.65,0.3,1.0,70.4,"['SQUEEZE(avg=17.9pts)', 'DOJI(x1)', 'LH_CASCADE(bearish)']",62711,62737,near_resistance,"C Q=0.78 bars=62711-62737 | Sigs=[SQUEEZE(avg=17.9pts), DOJI(x1), LH_CASCADE(bearish)] | T=12:10(s=0.65) | SR=near_resistance(s=0.30) | Rev=1.00 | Conf=70.4",False,True,-34.72,6
