Date,Close,Open,High,Low,Vol.,Change %
2024-01-01,14.68,14.5025,14.8675,14.3275,,1.22%
2024-01-02,14.58,14.68,15.08,14.2425,,-0.68%
2024-01-03,14.0975,14.58,14.78,14.0225,,-3.31%
2024-01-04,13.33,14.0975,14.2075,13.2125,,-5.44%
2024-01-05,12.63,13.33,13.4675,12.4875,,-5.25%
2024-01-08,13.4625,12.63,13.595,12.63,,6.59%
2024-01-09,13.2625,13.4625,13.505,12.775,,-1.49%
2024-01-10,12.97,13.2625,14.5575,12.81,,-2.21%
2024-01-11,12.7675,12.97,13.19,12.63,,-1.56%
2024-01-12,13.1,12.7675,13.285,12.42,,2.60%
2024-01-15,13.785,13.1,13.885,11.7875,,5.23%
2024-01-16,13.5725,13.785,14.0425,12.485,,-1.54%
2024-01-17,15.08,13.5725,15.23,12.715,,11.11%
2024-01-18,14.07,15.08,15.705,12.98,,-6.70%
2024-01-19,13.8775,14.07,14.1125,13.6775,,-1.37%
2024-01-20,13.715,13.0975,14.2475,13.0975,,-1.17%
2024-01-23,14.8525,13.8025,15.405,12.195,,8.29%
2024-01-24,14.375,14.8525,15.6475,14.03,,-3.21%
2024-01-25,13.865,14.375,15.3375,13.36,,-3.55%
2024-01-29,15.68,13.865,15.8475,13.795,,13.09%
2024-01-30,16.1025,15.68,16.575,14.9875,,2.69%
2024-01-31,16.0475,16.1025,16.5325,15.8,,-0.34%
2024-02-01,14.455,16.0475,16.1075,14.36,,-9.92%
2024-02-02,14.6975,14.455,15.1325,14.025,,1.68%
2024-02-05,15.6175,14.6975,16.05,14.6975,,6.26%
2024-02-06,15.785,15.6175,15.9825,15.0875,,1.07%
2024-02-07,15.505,15.785,16.0175,14.74,,-1.77%
2024-02-08,15.8275,15.505,16.0275,15.2425,,2.08%
2024-02-09,15.4475,15.8275,16.3325,15.265,,-2.40%
2024-02-12,16.0625,15.4475,16.535,15.4475,,3.98%
2024-02-13,15.8075,16.0625,16.57,15.7525,,-1.59%
2024-02-14,15.435,15.8075,16.1975,15.34,,-2.36%
2024-02-15,15.225,15.435,15.6625,15.1125,,-1.36%
2024-02-16,15.2225,15.225,15.5525,14.9025,,-0.02%
2024-02-19,16.0175,15.2225,16.1175,13.7,,5.22%
2024-02-20,16.0725,16.0175,16.36,14.2125,,0.34%
2024-02-21,15.9275,16.0725,16.31,15.68,,-0.90%
2024-02-22,15.1975,15.9275,16.15,15.1325,,-4.58%
2024-02-23,14.9725,15.1975,15.4425,14.84,,-1.48%
2024-02-26,15.6,14.9725,15.96,13.7575,,4.19%
2024-02-27,15.7275,15.6,15.9975,15.53,,0.82%
2024-02-28,16.33,15.7275,16.74,15.31,,3.83%
2024-02-29,15.5725,16.33,16.5525,15.37,,-4.64%
2024-03-01,15.235,15.5725,15.6425,15,,-2.17%
2024-03-02,14.9925,14.865,15.415,13.53,,-1.59%
2024-03-04,14.9225,14.9925,15.3025,14.8225,,-0.47%
2024-03-05,14.38,14.9225,15.165,14.1775,,-3.64%
2024-03-06,14.295,14.38,14.71,13.905,,-0.59%
2024-03-07,13.6125,14.295,14.4325,13.56,,-4.77%
2024-03-11,13.995,13.6125,14.5525,13.6125,,2.81%
2024-03-12,13.6375,13.995,14.195,13.5775,,-2.55%
2024-03-13,14.4325,13.6375,15.005,13.5325,,5.83%
2024-03-14,13.6225,14.4325,14.6825,13.5225,,-5.61%
2024-03-15,13.69,13.6225,14.3325,13.59,,0.50%
2024-03-18,13.895,13.69,14.615,13.69,,1.50%
2024-03-19,14.1125,13.895,14.445,13.875,,1.57%
2024-03-20,13.4725,14.1125,14.2825,13.085,,-4.53%
2024-03-21,12.5125,13.4725,13.4725,12.3425,,-7.13%
2024-03-22,12.22,12.5125,13.0475,11.81,,-2.34%
2024-03-26,12.82,12.22,13.1025,12.085,,4.91%
2024-03-27,12.7025,12.82,13.01,12.5325,,-0.92%
2024-03-28,12.8325,12.7025,13.18,12.26,,1.02%
2024-04-01,12.0825,12.8325,13.3575,12.005,,-5.84%
2024-04-02,11.6525,12.0825,12.305,11.5975,,-3.56%
2024-04-03,11.3725,11.6525,11.8275,11.3125,,-2.40%
2024-04-04,11.22,11.3725,11.8375,10.86,,-1.34%
2024-04-05,11.3375,11.22,11.6825,11.035,,1.05%
2024-04-08,11.61,11.3375,11.7425,11.1325,,2.40%
2024-04-09,11.355,11.61,11.6125,10.6175,,-2.20%
2024-04-10,11.1075,11.355,11.355,10.985,,-2.18%
2024-04-12,11.5325,11.1075,11.605,11.1075,,3.83%
2024-04-15,12.4675,11.5325,12.7375,11.3075,,8.11%
2024-04-16,12.615,12.4675,12.925,12.34,,1.18%
2024-04-18,13.04,12.615,13.3875,12.0275,,3.37%
2024-04-19,13.4575,13.04,14.4125,11.915,,3.20%
2024-04-22,12.7,13.4575,13.4575,12.6125,,-5.63%
2024-04-23,10.195,12.7,12.7,9.8575,,-19.72%
2024-04-24,10.275,10.195,11.1325,9.945,,0.78%
2024-04-25,10.73,10.275,11.4575,10.26,,4.43%
2024-04-26,10.925,10.73,11.315,10.5875,,1.82%
2024-04-29,12.235,10.925,12.4875,10.925,,11.99%
2024-04-30,12.87,12.235,13.2125,12.235,,5.19%
2024-05-02,13.445,12.87,13.9475,12.87,,4.47%
2024-05-03,14.6175,13.445,15.3125,13.445,,8.72%
2024-05-06,16.6,14.6175,16.9625,14.6175,,13.56%
2024-05-07,17.0075,16.6,17.6425,16.6,,2.45%
2024-05-08,17.08,17.0075,18.3175,16.4625,,0.43%
2024-05-09,18.2,17.08,19.1725,17.08,,6.56%
2024-05-10,18.4725,18.2,19.0075,17.995,,1.50%
2024-05-13,20.6,18.4725,21.485,18.4725,,11.52%
2024-05-14,20.195,20.6,21.875,20.1125,,-1.97%
2024-05-15,20.2725,20.195,20.6575,19.87,,0.38%
2024-05-16,19.995,20.2725,21.1125,18.965,,-1.37%
2024-05-17,19.7975,19.995,20.3675,18.98,,-0.99%
2024-05-18,20.525,19.7975,20.945,17.3375,,3.67%
2024-05-21,21.81,20.525,22.3025,20.525,,6.26%
2024-05-22,21.4675,21.81,22.2925,18.185,,-1.57%
2024-05-23,21.38,21.4675,24.215,18.84,,-0.41%
2024-05-24,21.71,21.38,21.8975,20.59,,1.54%
2024-05-27,23.1925,21.71,26.195,18.435,,6.83%
2024-05-28,24.195,23.1925,24.475,22.025,,4.32%
2024-05-29,24.175,24.195,24.7725,23.545,,-0.08%
2024-05-30,24.175,24.175,24.52,22.7525,,0.00%
2024-05-31,24.6025,24.175,24.81,22.5975,,1.77%
2024-06-03,20.9375,24.6025,24.6025,19.115,,-14.90%
2024-06-04,26.7475,20.9375,31.71,18.8025,,27.75%
2024-06-05,18.885,26.7475,26.925,18.6575,,-29.40%
2024-06-06,16.8,18.885,18.885,16.5575,,-11.04%
2024-06-07,16.8825,16.8,17.145,16.3725,,0.49%
2024-06-10,16.3975,16.8825,17.25,16.17,,-2.87%
2024-06-11,14.765,16.3975,16.3975,14.675,,-9.96%
2024-06-12,14.3875,14.765,14.765,13.165,,-2.56%
2024-06-13,13.4875,14.3875,14.3875,13.3125,,-6.26%
2024-06-14,12.8225,13.4875,13.4875,12.655,,-4.93%
2024-06-18,12.965,12.8225,13.42,12.625,,1.11%
2024-06-19,13.7125,12.965,13.815,11.63,,5.77%
2024-06-20,13.345,13.7125,14.06,13.1025,,-2.68%
2024-06-21,13.18,13.345,13.59,12.475,,-1.24%
2024-06-24,14.0575,13.18,14.2675,13.15,,6.66%
2024-06-25,14.3125,14.0575,14.455,13.8425,,1.81%
2024-06-26,14.045,14.3125,14.5475,13.985,,-1.87%
2024-06-27,14.1525,14.045,14.61,13.915,,0.77%
2024-06-28,13.8025,14.1525,14.29,13.6875,,-2.47%
2024-07-01,13.83,13.8025,14.2275,13.7925,,0.20%
2024-07-02,13.64,13.83,14.0125,13.3225,,-1.37%
2024-07-03,13.205,13.64,13.715,12.87,,-3.19%
2024-07-04,12.855,13.205,13.205,12.2575,,-2.65%
2024-07-05,12.695,12.855,12.99,12.08,,-1.24%
2024-07-08,13.6,12.695,13.7575,12.695,,7.13%
2024-07-09,14.28,13.6,14.4025,12.79,,5.00%
2024-07-10,14.4325,14.28,14.915,13.4075,,1.07%
2024-07-11,13.995,14.4325,14.4325,12.68,,-3.03%
2024-07-12,13.725,13.995,14.0525,13.2225,,-1.93%
2024-07-15,14.1875,13.725,14.34,13.5675,,3.37%
2024-07-16,14.2225,14.1875,14.5875,13.8025,,0.25%
2024-07-18,14.51,14.2225,14.71,13.75,,2.02%
2024-07-19,14.825,14.51,14.965,12.7375,,2.17%
2024-07-22,15.4375,14.825,15.625,13.115,,4.13%
2024-07-23,12.7475,15.4375,16.065,12.5925,,-17.43%
2024-07-24,11.7625,12.7475,14.0375,11.6175,,-7.73%
2024-07-25,12.6175,11.7625,13.2175,11.275,,7.27%
2024-07-26,12.2475,12.6175,13.135,11.9775,,-2.93%
2024-07-29,12.945,12.2475,13.255,12.0275,,5.70%
2024-07-30,12.88,12.945,13.26,11.715,,-0.50%
2024-07-31,13.25,12.88,13.3875,11.6225,,2.87%
2024-08-01,12.93,13.25,13.305,11.9825,,-2.42%
2024-08-02,14.32,12.93,14.51,11.6925,,10.75%
2024-08-05,20.3675,14.32,23.1525,13.9075,,42.23%
2024-08-06,18.7425,20.3675,20.3675,14.8675,,-7.98%
2024-08-07,16.17,18.7425,18.7425,13.7225,,-13.73%
2024-08-08,16.6025,16.17,17.23,14.38,,2.67%
2024-08-09,15.335,16.6025,16.6025,13.4325,,-7.63%
2024-08-12,15.8675,15.335,16.5575,13.395,,3.47%
2024-08-13,16.1675,15.8675,16.375,14.2225,,1.89%
2024-08-14,15.435,16.1675,16.22,13.8225,,-4.53%
2024-08-16,14.4025,15.435,15.435,12.95,,-6.69%
2024-08-19,14.315,14.4025,14.83,13.1975,,-0.61%
2024-08-20,13.82,14.315,14.315,11.425,,-3.46%
2024-08-21,13.3325,13.82,14.045,11.8225,,-3.53%
2024-08-22,13,13.3325,13.7825,10.9575,,-2.49%
2024-08-23,13.5525,13,13.62,10.84,,4.25%
2024-08-26,13.795,13.5525,13.9925,12.01,,1.79%
2024-08-27,13.6325,13.795,14.01,12.71,,-1.18%
2024-08-28,13.95,13.6325,14.085,12.035,,2.33%
2024-08-29,13.7875,13.95,14.135,12.4825,,-1.16%
2024-08-30,13.3925,13.7875,13.905,12.54,,-2.86%
2024-09-02,14.06,13.3925,14.25,12.6275,,4.98%
2024-09-03,13.8425,14.06,14.15,12.69,,-1.55%
2024-09-04,14.3775,13.8425,14.555,12.805,,3.86%
2024-09-05,14.2075,14.3775,14.3775,13.335,,-1.18%
2024-09-06,15.2175,14.2075,15.6725,12.3525,,7.11%
2024-09-09,14.2375,15.2175,15.5625,14.11,,-6.44%
2024-09-10,13.36,14.2375,14.2375,12.1675,,-6.16%
2024-09-11,13.6275,13.36,13.765,11.325,,2.00%
2024-09-12,13.1825,13.6275,13.6275,11.14,,-3.27%
2024-09-13,12.55,13.1825,13.1825,12.4675,,-4.80%
2024-09-16,12.46,12.55,12.955,12.31,,-0.72%
2024-09-17,12.59,12.46,12.75,11.8825,,1.04%
2024-09-18,13.3725,12.59,13.8475,12.26,,6.22%
2024-09-19,12.47,13.3725,13.3725,12.1,,-6.75%
2024-09-20,12.79,12.47,13.11,10.9025,,2.57%
2024-09-23,13.785,12.79,14.03,12.4275,,7.78%
2024-09-24,13.3925,13.785,14.105,12.7425,,-2.85%
2024-09-25,12.7425,13.3925,13.61,8.98,,-4.85%
2024-09-26,12.0025,12.7425,12.7425,11.3525,,-5.81%
2024-09-27,11.9625,12.0025,12.08,10.5025,,-0.33%
2024-09-30,12.7875,11.9625,13.2375,11.6,,6.90%
2024-10-01,11.9875,12.7875,12.7875,11.7125,,-6.26%
2024-10-03,13.17,11.9875,13.9275,11.685,,9.86%
2024-10-04,14.1275,13.17,14.48,12.285,,7.27%
2024-10-07,15.08,14.1275,15.5,13.6175,,6.74%
2024-10-08,14.5875,15.08,15.555,13.8775,,-3.27%
2024-10-09,14.1225,14.5875,14.5875,12.7,,-3.19%
2024-10-10,13.495,14.1225,14.1225,11.7275,,-4.44%
2024-10-11,13.22,13.495,13.7025,11.535,,-2.04%
2024-10-14,12.995,13.22,13.735,12.915,,-1.70%
2024-10-15,13.0025,12.995,13.3625,10.9225,,0.06%
2024-10-16,13.0525,13.0025,13.56,11.435,,0.38%
2024-10-17,13.3875,13.0525,13.465,11.0625,,2.57%
2024-10-18,13.0375,13.3875,14.06,12.8675,,-2.61%
2024-10-21,13.7625,13.0375,14.195,12.5525,,5.56%
2024-10-22,14.395,13.7625,14.515,9.47,,4.60%
2024-10-23,14.6225,14.395,15.0325,11.74,,1.58%
2024-10-24,13.97,14.6225,14.8975,12.695,,-4.46%
2024-10-25,14.6325,13.97,15.08,13.35,,4.74%
2024-10-28,14.29,14.6325,15.4775,13.535,,-2.34%
2024-10-29,14.515,14.29,15.0275,13.5575,,1.57%
2024-10-30,15.51,14.515,15.7,14.28,,6.85%
2024-10-31,15.55,15.51,16.24,14.6525,,0.26%
2024-11-01,15.9025,15.55,16.125,13.6325,,2.27%
2024-11-04,16.6875,15.9025,17.6,14.7775,,4.94%
2024-11-05,16.1225,16.6875,19.02,15.795,,-3.39%
2024-11-06,14.8675,16.1225,20.75,14.7125,,-7.78%
2024-11-07,14.94,14.8675,15.5225,14.2675,,0.49%
2024-11-08,14.47,14.94,15.725,14.3925,,-3.15%
2024-11-11,14.27,14.47,15.47,13.1175,,-1.38%
2024-11-12,14.59,14.27,14.8375,12.74,,2.24%
2024-11-13,15.435,14.59,15.865,13.9325,,5.79%
2024-11-14,14.775,15.435,15.685,13.4075,,-4.28%
2024-11-18,15.1675,14.775,16.58,13.755,,2.66%
2024-11-19,15.6625,15.1675,16.185,12.7325,,3.26%
2024-11-21,15.99,15.6625,16.78,14.8375,,2.09%
2024-11-22,16.0975,15.99,18.67,12.7525,,0.67%
2024-11-25,15.3025,16.0975,16.865,13.63,,-4.94%
2024-11-26,15.305,15.3025,16.26,13.8725,,0.02%
2024-11-27,14.625,15.305,15.305,13.245,,-4.44%
2024-11-28,15.205,14.625,15.5625,14.27,,3.97%
2024-11-29,14.425,15.205,15.4575,14.3325,,-5.13%
2024-12-02,14.7,14.425,15.08,13.3125,,1.91%
2024-12-03,14.3725,14.7,14.89,14.235,,-2.23%
2024-12-04,14.45,14.3725,14.7975,14.11,,0.54%
2024-12-05,14.5275,14.45,15.705,14.055,,0.54%
2024-12-06,14.14,14.5275,15.0225,14.045,,-2.67%
2024-12-09,14.1075,14.14,14.635,13.45,,-0.23%
2024-12-10,13.7775,14.1075,14.6725,13.6975,,-2.34%
2024-12-11,13.2675,13.7775,14.11,13.175,,-3.70%
2024-12-12,13.19,13.2675,13.4,12.9475,,-0.58%
2024-12-13,13.0525,13.19,14.72,12.47,,-1.04%
2024-12-16,14.02,13.0525,14.505,13.0525,,7.41%
2024-12-17,14.485,14.02,14.975,13.18,,3.32%
2024-12-18,14.3725,14.485,15.2425,14.27,,-0.78%
2024-12-19,14.51,14.3725,15.435,13.87,,0.96%
2024-12-20,15.0725,14.51,15.5525,14.3975,,3.88%
2024-12-23,13.52,15.0725,16.8825,13.4175,,-10.30%
2024-12-24,13.1775,13.52,15.03,12.975,,-2.53%
2024-12-26,14.035,13.1775,14.3875,13.0825,,6.51%
2024-12-27,13.2375,14.035,14.2375,13.035,,-5.68%
2024-12-30,13.9725,13.2375,14.37,13.2375,,5.55%
2024-12-31,14.4475,13.9725,14.6375,13.9725,,3.40%
2025-01-01,14.5075,14.4475,14.835,14.305,,0.42%
2025-01-02,13.7375,14.5075,14.8025,13.63,,-5.31%
2025-01-03,13.54,13.7375,13.9775,13.225,,-1.44%
2025-01-06,15.65,13.54,15.92,13.54,,15.58%
2025-01-07,14.66,15.65,15.65,14.345,,-6.33%
2025-01-08,14.465,14.66,14.88,14.095,,-1.33%
2025-01-09,14.6575,14.465,14.885,13.7475,,1.33%
2025-01-10,14.915,14.6575,15.515,14.6575,,1.76%
2025-01-13,15.9975,14.915,16.185,14.45,,7.26%
2025-01-14,15.47,15.9975,15.9975,15.115,,-3.30%
2025-01-15,15.2575,15.47,15.6625,15.1975,,-1.37%
2025-01-16,15.465,15.2575,15.5725,13.9575,,1.36%
2025-01-17,15.7475,15.465,16.3825,14.0525,,1.83%
2025-01-20,16.415,15.7475,17.02,15.1825,,4.24%
2025-01-21,17.055,16.415,17.445,15.2025,,3.90%
2025-01-22,16.7725,17.055,17.295,15.905,,-1.66%
2025-01-23,16.695,16.7725,17.0825,15.6675,,-0.46%
2025-01-24,16.745,16.695,17.31,16.1175,,0.30%
2025-01-27,18.1325,16.745,18.5225,16.745,,8.29%
2025-01-28,18.195,18.1325,18.5025,16.8275,,0.34%
2025-01-29,18.64,18.195,19.01,17.2875,,2.45%
2025-01-30,17.39,18.64,18.985,17.2175,,-6.71%
2025-01-31,16.2475,17.39,17.9425,16.1075,,-6.57%
2025-02-01,14.095,16.2475,16.58,14.0125,,-13.25%
2025-02-03,14.3525,14.095,15.1125,14.095,,1.83%
2025-02-04,14.0175,14.3525,15.1325,13.665,,-2.33%
2025-02-05,14.0825,14.0175,14.2975,13.4975,,0.46%
2025-02-06,14.175,14.0825,14.64,13.15,,0.66%
2025-02-07,13.685,14.175,14.505,13.55,,-3.46%
2025-02-10,14.445,13.685,14.7175,13.685,,5.55%
2025-02-11,14.87,14.445,15.4325,13.845,,2.94%
2025-02-12,14.895,14.87,15.6225,14.6075,,0.17%
2025-02-13,14.955,14.895,15.465,12.195,,0.40%
2025-02-14,15.015,14.955,15.6775,14.3575,,0.40%
2025-02-17,15.7225,15.015,16.31,14.4975,,4.71%
2025-02-18,15.665,15.7225,16.3225,14.78,,-0.37%
2025-02-19,15.42,15.665,16.0225,14.7525,,-1.56%
2025-02-20,14.6825,15.42,15.9025,14.6375,,-4.78%
2025-02-21,14.53,14.6825,15.2425,12.0825,,-1.04%
2025-02-24,14.4425,14.53,15.58,14.365,,-0.60%
2025-02-25,13.715,14.4425,15.0775,13.605,,-5.04%
2025-02-27,13.3075,13.715,14.0075,12.91,,-2.97%
2025-02-28,13.91,13.3075,14.1225,13.2325,,4.53%
2025-03-03,13.7625,13.91,14.36,13.5675,,-1.06%
2025-03-04,13.83,13.7625,14.1975,13.3725,,0.49%
2025-03-05,13.67,13.83,14.13,13.095,,-1.16%
2025-03-06,13.725,13.67,14.1775,13.28,,0.40%
2025-03-07,13.47,13.725,13.86,13.3325,,-1.86%
2025-03-10,13.985,13.47,14.2075,13.47,,3.82%
2025-03-11,14.0725,13.985,14.5025,13.675,,0.63%
2025-03-12,13.6925,14.0725,14.3725,13.635,,-2.70%
2025-03-13,13.28,13.6925,13.9275,13.2225,,-3.01%
2025-03-17,13.415,13.28,14.0975,13.28,,1.02%
2025-03-18,13.21,13.415,13.6525,11.3425,,-1.53%
2025-03-19,13.2975,13.21,13.5725,12.585,,0.66%
2025-03-20,12.6025,13.2975,13.2975,12.5125,,-5.23%
2025-03-21,12.575,12.6025,12.835,10.695,,-0.22%
2025-03-24,13.7,12.575,13.9525,12.575,,8.95%
2025-03-25,13.635,13.7,14.475,13.49,,-0.47%
2025-03-26,13.47,13.635,13.915,13.305,,-1.21%
2025-03-27,13.3,13.47,13.85,12.9775,,-1.26%
2025-03-28,12.7175,13.3,13.61,12.5725,,-4.38%
2025-04-01,13.7825,12.7175,14.0525,12.7175,,8.37%
2025-04-02,13.7225,13.7825,14.1425,13.5125,,-0.44%
2025-04-03,13.6,13.7225,14.1075,13.41,,-0.89%
2025-04-04,13.755,13.6,14.2475,13.395,,1.14%
2025-04-07,22.7925,13.755,23.1875,13.755,,65.70%
2025-04-08,20.4425,22.7925,22.7925,19.3825,,-10.31%
2025-04-09,21.43,20.4425,21.7475,19.6975,,4.83%
2025-04-11,20.1075,21.43,21.43,18.855,,-6.17%
2025-04-15,16.125,20.1075,20.1075,15.9725,,-19.81%
2025-04-16,15.865,16.125,16.125,15.115,,-1.61%
2025-04-17,15.4675,15.865,16.4625,15.09,,-2.51%
2025-04-21,15.515,15.4675,16.3325,14.2175,,0.31%
2025-04-22,15.23,15.515,16.0075,14.54,,-1.84%
2025-04-23,15.96,15.23,16.5175,12.8425,,4.79%
2025-04-24,16.25,15.96,16.7625,15.5525,,1.82%
2025-04-25,17.1575,16.25,17.575,15.915,,5.58%
2025-04-28,16.94,17.1575,18.0725,16.6225,,-1.27%
2025-04-29,17.37,16.94,17.585,16.065,,2.54%
2025-04-30,18.2225,17.37,18.56,15.985,,4.91%
2025-05-02,18.2575,18.2225,18.8625,17.35,,0.19%
2025-05-05,18.3375,18.2575,18.795,18.0675,,0.44%
2025-05-06,18.995,18.3375,19.3025,17.9875,,3.59%
2025-05-07,19.06,18.995,19.73,18.365,,0.34%
2025-05-08,21.0075,19.06,21.8925,18.1525,,10.22%
2025-05-09,21.6325,21.0075,22.7475,21.0025,,2.98%
2025-05-12,18.3925,21.6325,21.6325,17.2075,,-14.98%
2025-05-13,18.2,18.3925,18.9025,17.8925,,-1.05%
2025-05-14,17.225,18.2,19.2425,17.0825,,-5.36%
2025-05-15,16.8925,17.225,17.6725,16.72,,-1.93%
2025-05-16,16.55,16.8925,17.055,16.215,,-2.03%
2025-05-19,17.355,16.55,17.4475,15.8275,,4.86%
2025-05-20,17.385,17.355,17.66,15.9675,,0.17%
2025-05-21,17.5475,17.385,17.9975,17.0425,,0.93%
2025-05-22,17.2575,17.5475,18.2025,16.705,,-1.65%
2025-05-23,17.2775,17.2575,17.5225,15.485,,0.12%
2025-05-26,18.02,17.2775,18.4125,16.0575,,4.30%
2025-05-27,18.535,18.02,19.185,17.42,,2.86%
2025-05-28,18.0175,18.535,19.035,17.875,,-2.79%
2025-05-29,16.42,18.0175,18.0175,16.2075,,-8.87%
2025-05-30,16.0775,16.42,16.545,15.2875,,-2.09%
2025-06-02,17.1575,16.0775,17.7275,16.0775,,6.72%
2025-06-03,16.555,17.1575,17.7275,16.2575,,-3.51%
2025-06-04,15.745,16.555,17.06,15.63,,-4.89%
2025-06-05,15.195,15.15,15.92,14.9825,,-3.49%
