Datetime,Adj Close,Close,High,Low,Open,Volume
2026-06-22 09:15:00+05:30,24098.25,24098.25,24130.40039,24073.80078,24110.15039,0
2026-06-22 09:16:00+05:30,24117.5,24117.5,24118.5,24095.80078,24097.44922,0
2026-06-22 09:17:00+05:30,24128.44922,24128.44922,24134.80078,24116.25,24116.25,0
2026-06-22 09:18:00+05:30,24131.19922,24131.19922,24136.94922,24125.80078,24128.44922,0
2026-06-22 09:19:00+05:30,24122.15039,24122.15039,24135.05078,24120.5,24131.80078,0
2026-06-22 09:20:00+05:30,24124.94922,24124.94922,24133.09961,24117.55078,24121.34961,0
2026-06-22 09:21:00+05:30,24130,24130,24133.5,24120.34961,24124.59961,0
2026-06-22 09:22:00+05:30,24135.69922,24135.69922,24135.90039,24123.80078,24131.55078,0
2026-06-22 09:23:00+05:30,24138.44922,24138.44922,24142.40039,24132.15039,24134.84961,0
2026-06-22 09:24:00+05:30,24136.84961,24136.84961,24141.59961,24134.65039,24138.59961,0
2026-06-22 09:25:00+05:30,24129.59961,24129.59961,24140.84961,24129.59961,24137.69922,0
2026-06-22 09:26:00+05:30,24138.80078,24138.80078,24141.25,24129.55078,24130.19922,0
2026-06-22 09:27:00+05:30,24130.09961,24130.09961,24139.30078,24125.05078,24137.94922,0
2026-06-22 09:28:00+05:30,24126.19922,24126.19922,24132,24124.84961,24129.40039,0
2026-06-22 09:29:00+05:30,24131.19922,24131.19922,24133.34961,24124.05078,24126.15039,0
2026-06-22 09:30:00+05:30,24132.75,24132.75,24136.09961,24127.40039,24130.25,0
2026-06-22 09:31:00+05:30,24136.34961,24136.34961,24138.5,24133,24133,0
2026-06-22 09:32:00+05:30,24130.09961,24130.09961,24137.65039,24128.09961,24135.69922,0
2026-06-22 09:33:00+05:30,24131.09961,24131.09961,24134.69922,24128.25,24131.40039,0
2026-06-22 09:34:00+05:30,24132.80078,24132.80078,24136.55078,24130.44922,24131.44922,0
2026-06-22 09:35:00+05:30,24126.40039,24126.40039,24136.59961,24125.40039,24132.44922,0
2026-06-22 09:36:00+05:30,24117.59961,24117.59961,24129.25,24116.44922,24127.5,0
2026-06-22 09:37:00+05:30,24114.84961,24114.84961,24123.25,24114.84961,24118,0
2026-06-22 09:38:00+05:30,24113.69922,24113.69922,24118.84961,24111.69922,24114.75,0
2026-06-22 09:39:00+05:30,24124.80078,24124.80078,24126.30078,24114.25,24114.25,0
2026-06-22 09:40:00+05:30,24124.44922,24124.44922,24126.5,24121.90039,24124.19922,0
2026-06-22 09:41:00+05:30,24124.75,24124.75,24127.69922,24119.40039,24124.25,0
2026-06-22 09:42:00+05:30,24117.25,24117.25,24125.59961,24114.75,24125.15039,0
2026-06-22 09:43:00+05:30,24112.05078,24112.05078,24119.25,24111.65039,24117.40039,0
2026-06-22 09:44:00+05:30,24109.44922,24109.44922,24118.5,24108.90039,24112.44922,0
2026-06-22 09:45:00+05:30,24109.55078,24109.55078,24111.84961,24105.09961,24109.5,0
2026-06-22 09:46:00+05:30,24111.55078,24111.55078,24112.25,24106.65039,24109.59961,0
2026-06-22 09:47:00+05:30,24106.84961,24106.84961,24114,24104,24111.55078,0
2026-06-22 09:48:00+05:30,24105.19922,24105.19922,24110.65039,24103.75,24107.84961,0
2026-06-22 09:49:00+05:30,24108.94922,24108.94922,24112.19922,24105.65039,24105.84961,0
2026-06-22 09:50:00+05:30,24118.55078,24118.55078,24120.40039,24108.5,24109.25,0
2026-06-22 09:51:00+05:30,24119.30078,24119.30078,24122.90039,24117.15039,24118.69922,0
2026-06-22 09:52:00+05:30,24121.94922,24121.94922,24123.40039,24118.25,24119.69922,0
2026-06-22 09:53:00+05:30,24126.44922,24126.44922,24130.5,24120.30078,24122.59961,0
2026-06-22 09:54:00+05:30,24127.30078,24127.30078,24130.44922,24124.65039,24126.80078,0
2026-06-22 09:55:00+05:30,24128.90039,24128.90039,24130.19922,24124.80078,24127.59961,0
2026-06-22 09:56:00+05:30,24135.15039,24135.15039,24137.90039,24127.55078,24127.80078,0
2026-06-22 09:57:00+05:30,24134.09961,24134.09961,24138.80078,24131.55078,24134.44922,0
2026-06-22 09:58:00+05:30,24137.84961,24137.84961,24139.90039,24132.69922,24134.34961,0
2026-06-22 09:59:00+05:30,24141.15039,24141.15039,24143.59961,24135.55078,24137.90039,0
2026-06-22 10:00:00+05:30,24144.69922,24144.69922,24147.55078,24141.5,24141.5,0
2026-06-22 10:01:00+05:30,24143.90039,24143.90039,24147.90039,24143.25,24144.80078,0
2026-06-22 10:02:00+05:30,24143.09961,24143.09961,24147.40039,24142.30078,24145.25,0
2026-06-22 10:03:00+05:30,24140.5,24140.5,24144.65039,24138.44922,24143,0
2026-06-22 10:04:00+05:30,24133.84961,24133.84961,24141.90039,24133.84961,24140.84961,0
2026-06-22 10:05:00+05:30,24132.80078,24132.80078,24135.55078,24129.5,24133.34961,0
2026-06-22 10:06:00+05:30,24140.30078,24140.30078,24140.65039,24130.40039,24132,0
2026-06-22 10:07:00+05:30,24141.5,24141.5,24144.15039,24138.84961,24139.84961,0
2026-06-22 10:08:00+05:30,24143.94922,24143.94922,24148.84961,24141.30078,24141.30078,0
2026-06-22 10:09:00+05:30,24154.94922,24154.94922,24154.94922,24143.19922,24143.84961,0
2026-06-22 10:10:00+05:30,24157,24157,24159.65039,24151.90039,24154.69922,0
2026-06-22 10:11:00+05:30,24142.5,24142.5,24157.69922,24142.30078,24157.30078,0
2026-06-22 10:12:00+05:30,24150.69922,24150.69922,24152.34961,24142.80078,24143.15039,0
2026-06-22 10:13:00+05:30,24148.15039,24148.15039,24151.40039,24145.55078,24150.5,0
2026-06-22 10:14:00+05:30,24149.65039,24149.65039,24151.69922,24147.05078,24148.40039,0
2026-06-22 10:15:00+05:30,24151.55078,24151.55078,24155.09961,24148.34961,24149.55078,0
2026-06-22 10:16:00+05:30,24154.25,24154.25,24155,24148,24151.44922,0
2026-06-22 10:17:00+05:30,24151.19922,24151.19922,24154.09961,24148.30078,24154,0
2026-06-22 10:18:00+05:30,24147.15039,24147.15039,24154.75,24146.40039,24151.05078,0
2026-06-22 10:19:00+05:30,24149.90039,24149.90039,24152.80078,24146.69922,24146.75,0
2026-06-22 10:20:00+05:30,24152.90039,24152.90039,24155.15039,24149.25,24150.34961,0
2026-06-22 10:21:00+05:30,24153.34961,24153.34961,24156.09961,24152.05078,24152.90039,0
2026-06-22 10:22:00+05:30,24152.40039,24152.40039,24155.30078,24149.75,24153.84961,0
2026-06-22 10:23:00+05:30,24152.40039,24152.40039,24154.59961,24148.44922,24152.34961,0
2026-06-22 10:24:00+05:30,24146.84961,24146.84961,24154.55078,24146.59961,24151.94922,0
2026-06-22 10:25:00+05:30,24147.55078,24147.55078,24152.94922,24144.25,24147.44922,0
2026-06-22 10:26:00+05:30,24152.09961,24152.09961,24153.94922,24146,24147.84961,0
2026-06-22 10:27:00+05:30,24151.75,24151.75,24154.19922,24149.80078,24152.05078,0
2026-06-22 10:28:00+05:30,24153.84961,24153.84961,24154.75,24149.69922,24151.55078,0
2026-06-22 10:29:00+05:30,24152.80078,24152.80078,24156.19922,24150.19922,24154.30078,0
2026-06-22 10:30:00+05:30,24157.55078,24157.55078,24158.34961,24151.90039,24153.84961,0
2026-06-22 10:31:00+05:30,24149.94922,24149.94922,24159.09961,24149.25,24156.90039,0
2026-06-22 10:32:00+05:30,24146.69922,24146.69922,24151.94922,24146.09961,24150.65039,0
2026-06-22 10:33:00+05:30,24144.15039,24144.15039,24148.19922,24142.90039,24146.65039,0
2026-06-22 10:34:00+05:30,24138.44922,24138.44922,24145.59961,24137.75,24144.59961,0
2026-06-22 10:35:00+05:30,24141.40039,24141.40039,24143.19922,24136.55078,24138.55078,0
2026-06-22 10:36:00+05:30,24147.5,24147.5,24148.05078,24140.69922,24140.69922,0
2026-06-22 10:37:00+05:30,24152.55078,24152.55078,24155,24144.15039,24145.19922,0
2026-06-22 10:38:00+05:30,24154.25,24154.25,24157.34961,24151.5,24151.75,0
2026-06-22 10:39:00+05:30,24153.19922,24153.19922,24156.55078,24150.09961,24153.69922,0
2026-06-22 10:40:00+05:30,24153.65039,24153.65039,24156.15039,24151.80078,24153.40039,0
2026-06-22 10:41:00+05:30,24152.40039,24152.40039,24155.19922,24149.84961,24153.94922,0
2026-06-22 10:42:00+05:30,24152.05078,24152.05078,24155.15039,24150.5,24152.30078,0
2026-06-22 10:43:00+05:30,24153.5,24153.5,24155.59961,24150,24151.94922,0
2026-06-22 10:44:00+05:30,24152.90039,24152.90039,24154.84961,24149.40039,24152.30078,0
2026-06-22 10:45:00+05:30,24156.5,24156.5,24157.55078,24149.94922,24152.75,0
2026-06-22 10:46:00+05:30,24155.69922,24155.69922,24159.34961,24154.34961,24157.59961,0
2026-06-22 10:47:00+05:30,24152.84961,24152.84961,24159.5,24151.09961,24156.65039,0
2026-06-22 10:48:00+05:30,24149.15039,24149.15039,24155,24147.80078,24152.80078,0
2026-06-22 10:49:00+05:30,24151.09961,24151.09961,24152.94922,24148.15039,24149.05078,0
2026-06-22 10:50:00+05:30,24153.80078,24153.80078,24155.15039,24148.90039,24150.40039,0
2026-06-22 10:51:00+05:30,24158.84961,24158.84961,24160.09961,24152.80078,24154.65039,0
2026-06-22 10:52:00+05:30,24158.55078,24158.55078,24162.40039,24157,24158.84961,0
2026-06-22 10:53:00+05:30,24157.80078,24157.80078,24160.59961,24155.94922,24158,0
2026-06-22 10:54:00+05:30,24155.55078,24155.55078,24161.25,24151.65039,24158.15039,0
2026-06-22 10:55:00+05:30,24161,24161,24163,24154,24154.80078,0
2026-06-22 10:56:00+05:30,24164.69922,24164.69922,24166.90039,24158.80078,24161.84961,0
2026-06-22 10:57:00+05:30,24165.90039,24165.90039,24168,24163.65039,24164.05078,0
2026-06-22 10:58:00+05:30,24162.34961,24162.34961,24167.40039,24160.75,24165.40039,0
2026-06-22 10:59:00+05:30,24162.84961,24162.84961,24165.44922,24158.25,24163.40039,0
2026-06-22 11:00:00+05:30,24162.40039,24162.40039,24165.09961,24158.19922,24162.75,0
2026-06-22 11:01:00+05:30,24160.94922,24160.94922,24164.30078,24158.84961,24162.40039,0
2026-06-22 11:02:00+05:30,24156.40039,24156.40039,24162.34961,24154,24161.55078,0
2026-06-22 11:03:00+05:30,24155.05078,24155.05078,24158.15039,24153.34961,24156.84961,0
2026-06-22 11:04:00+05:30,24158.94922,24158.94922,24163.19922,24154.19922,24155.69922,0
2026-06-22 11:05:00+05:30,24162.25,24162.25,24163.90039,24156.30078,24159,0
2026-06-22 11:06:00+05:30,24161.69922,24161.69922,24164.90039,24158,24162,0
2026-06-22 11:07:00+05:30,24158.30078,24158.30078,24164.05078,24158,24163.30078,0
2026-06-22 11:08:00+05:30,24162.09961,24162.09961,24163.90039,24157.30078,24159.15039,0
2026-06-22 11:09:00+05:30,24161.94922,24161.94922,24165.30078,24160.09961,24161.90039,0
2026-06-22 11:10:00+05:30,24159.15039,24159.15039,24164.19922,24157.25,24160.94922,0
2026-06-22 11:11:00+05:30,24157.5,24157.5,24161.69922,24154.25,24159.05078,0
2026-06-22 11:12:00+05:30,24158.25,24158.25,24160.09961,24155.5,24156.80078,0
2026-06-22 11:13:00+05:30,24157.94922,24157.94922,24160.94922,24156.65039,24158.55078,0
2026-06-22 11:14:00+05:30,24157.30078,24157.30078,24161.59961,24154.05078,24157.75,0
2026-06-22 11:15:00+05:30,24158.09961,24158.09961,24162.25,24152,24156.65039,0
2026-06-22 11:16:00+05:30,24155.80078,24155.80078,24159.69922,24153.84961,24157.25,0
2026-06-22 11:17:00+05:30,24153.09961,24153.09961,24158.5,24150.84961,24155.90039,0
2026-06-22 11:18:00+05:30,24153.25,24153.25,24158.09961,24152,24153,0
2026-06-22 11:19:00+05:30,24152.05078,24152.05078,24155.44922,24150.19922,24152.90039,0
2026-06-22 11:20:00+05:30,24151.40039,24151.40039,24155,24150.30078,24152,0
2026-06-22 11:21:00+05:30,24147.55078,24147.55078,24154,24147.55078,24151.44922,0
2026-06-22 11:22:00+05:30,24142.84961,24142.84961,24149.25,24141.40039,24147.59961,0
2026-06-22 11:23:00+05:30,24147.69922,24147.69922,24148.94922,24142.55078,24143.55078,0
2026-06-22 11:24:00+05:30,24152.19922,24152.19922,24153.40039,24146.80078,24147.84961,0
2026-06-22 11:25:00+05:30,24154.69922,24154.69922,24155.19922,24149.44922,24151.40039,0
2026-06-22 11:26:00+05:30,24157,24157,24157.90039,24153.44922,24154.59961,0
2026-06-22 11:27:00+05:30,24159.44922,24159.44922,24160.59961,24154.84961,24156.5,0
2026-06-22 11:28:00+05:30,24159.90039,24159.90039,24163.09961,24157.30078,24159.90039,0
2026-06-22 11:29:00+05:30,24160.65039,24160.65039,24162.25,24156.75,24159.09961,0
2026-06-22 11:30:00+05:30,24161.30078,24161.30078,24163.55078,24158.44922,24161.30078,0
2026-06-22 11:31:00+05:30,24161.59961,24161.59961,24164.05078,24160.15039,24161.30078,0
2026-06-22 11:32:00+05:30,24161.69922,24161.69922,24164.40039,24159.80078,24161.25,0
2026-06-22 11:33:00+05:30,24162.84961,24162.84961,24166.05078,24160.44922,24161.5,0
2026-06-22 11:34:00+05:30,24161.84961,24161.84961,24165.59961,24161.25,24162.05078,0
2026-06-22 11:35:00+05:30,24163.80078,24163.80078,24164.69922,24160.55078,24161.90039,0
2026-06-22 11:36:00+05:30,24161.15039,24161.15039,24165.09961,24160.09961,24163.65039,0
2026-06-22 11:37:00+05:30,24159,24159,24162.44922,24157.55078,24161.19922,0
2026-06-22 11:38:00+05:30,24158.05078,24158.05078,24161.09961,24156.59961,24159.05078,0
2026-06-22 11:39:00+05:30,24158.40039,24158.40039,24159.84961,24155.59961,24158.09961,0
2026-06-22 11:40:00+05:30,24157.30078,24157.30078,24159.34961,24154.59961,24158.15039,0
2026-06-22 11:41:00+05:30,24150.59961,24150.59961,24157.90039,24149.34961,24157.15039,0
2026-06-22 11:42:00+05:30,24148.84961,24148.84961,24153.30078,24147.40039,24150.44922,0
2026-06-22 11:43:00+05:30,24150.19922,24150.19922,24152.84961,24145.69922,24150.05078,0
2026-06-22 11:44:00+05:30,24148.34961,24148.34961,24154.19922,24148.19922,24150.55078,0
2026-06-22 11:45:00+05:30,24148.09961,24148.09961,24151,24146.09961,24148.15039,0
2026-06-22 11:46:00+05:30,24147.25,24147.25,24149.75,24145.09961,24149.34961,0
2026-06-22 11:47:00+05:30,24149.44922,24149.44922,24151.94922,24147.25,24147.84961,0
2026-06-22 11:48:00+05:30,24149.90039,24149.90039,24152.55078,24147.44922,24149.25,0
2026-06-22 11:49:00+05:30,24147.59961,24147.59961,24151.80078,24145.59961,24149.75,0
2026-06-22 11:50:00+05:30,24145.5,24145.5,24148.90039,24142.40039,24146.15039,0
2026-06-22 11:51:00+05:30,24139.84961,24139.84961,24147.69922,24138.90039,24146,0
2026-06-22 11:52:00+05:30,24139.65039,24139.65039,24143.55078,24137.09961,24139.94922,0
2026-06-22 11:53:00+05:30,24139.30078,24139.30078,24141.55078,24137.65039,24141.55078,0
2026-06-22 11:54:00+05:30,24134.09961,24134.09961,24141.30078,24133.40039,24139.30078,0
2026-06-22 11:55:00+05:30,24133.09961,24133.09961,24136.44922,24132.65039,24134.44922,0
2026-06-22 11:56:00+05:30,24134.94922,24134.94922,24135.75,24132.15039,24133.15039,0
2026-06-22 11:57:00+05:30,24130.59961,24130.59961,24135.55078,24129.65039,24134.05078,0
2026-06-22 11:58:00+05:30,24135.84961,24135.84961,24136.75,24132.19922,24133,0
2026-06-22 11:59:00+05:30,24140.40039,24140.40039,24141.59961,24135.44922,24135.65039,0
2026-06-22 12:00:00+05:30,24137.75,24137.75,24142.15039,24137.69922,24140.44922,0
2026-06-22 12:01:00+05:30,24132.65039,24132.65039,24139.15039,24131.59961,24139.15039,0
2026-06-22 12:02:00+05:30,24127.44922,24127.44922,24133.55078,24126.40039,24132.09961,0
2026-06-22 12:03:00+05:30,24128,24128,24130.84961,24126.05078,24127.5,0
2026-06-22 12:04:00+05:30,24124.15039,24124.15039,24129.5,24123.09961,24128.09961,0
2026-06-22 12:05:00+05:30,24124.30078,24124.30078,24127.55078,24121.80078,24125.05078,0
2026-06-22 12:06:00+05:30,24123.75,24123.75,24126.30078,24121,24124.15039,0
2026-06-22 12:07:00+05:30,24126.40039,24126.40039,24126.40039,24122.19922,24124.30078,0
2026-06-22 12:08:00+05:30,24126.19922,24126.19922,24128.19922,24123.09961,24125.69922,0
2026-06-22 12:09:00+05:30,24123.69922,24123.69922,24126.44922,24122.25,24125.80078,0
2026-06-22 12:10:00+05:30,24124.5,24124.5,24125.59961,24121.55078,24124.05078,0
2026-06-22 12:11:00+05:30,24123,24123,24125.19922,24121.19922,24124.19922,0
2026-06-22 12:12:00+05:30,24123.05078,24123.05078,24125,24120.44922,24121.90039,0
2026-06-22 12:13:00+05:30,24122.30078,24122.30078,24125.05078,24119.75,24122.30078,0
2026-06-22 12:14:00+05:30,24118.19922,24118.19922,24122.59961,24117.84961,24121.34961,0
2026-06-22 12:15:00+05:30,24118.44922,24118.44922,24120.40039,24116.75,24117.65039,0
2026-06-22 12:16:00+05:30,24118.59961,24118.59961,24120.44922,24116.15039,24118.05078,0
2026-06-22 12:17:00+05:30,24121.05078,24121.05078,24122.15039,24117.5,24118.44922,0
2026-06-22 12:18:00+05:30,24123.09961,24123.09961,24124.44922,24119.19922,24120.5,0
2026-06-22 12:19:00+05:30,24122.69922,24122.69922,24127.25,24120.25,24123.44922,0
2026-06-22 12:20:00+05:30,24123.05078,24123.05078,24123.84961,24120.25,24123.05078,0
2026-06-22 12:21:00+05:30,24124.44922,24124.44922,24124.44922,24118.40039,24122.65039,0
2026-06-22 12:22:00+05:30,24126.59961,24126.59961,24128.59961,24122.75,24124.05078,0
2026-06-22 12:23:00+05:30,24127.5,24127.5,24128.80078,24124.44922,24126.44922,0
2026-06-22 12:24:00+05:30,24125.59961,24125.59961,24129.15039,24125.34961,24127.90039,0
2026-06-22 12:25:00+05:30,24125.09961,24125.09961,24127.40039,24123.09961,24125.55078,0
2026-06-22 12:26:00+05:30,24122.34961,24122.34961,24126.34961,24121.25,24124.84961,0
2026-06-22 12:27:00+05:30,24114.80078,24114.80078,24123.59961,24114.34961,24121.19922,0
2026-06-22 12:28:00+05:30,24115.65039,24115.65039,24117.09961,24112.34961,24115,0
2026-06-22 12:29:00+05:30,24119.84961,24119.84961,24120.15039,24114.25,24115.55078,0
2026-06-22 12:30:00+05:30,24123,24123,24126.25,24118.40039,24119.65039,0
2026-06-22 12:31:00+05:30,24117.09961,24117.09961,24123.84961,24117.09961,24122.90039,0
2026-06-22 12:32:00+05:30,24113.75,24113.75,24118.55078,24109.80078,24117.09961,0
2026-06-22 12:33:00+05:30,24121.94922,24121.94922,24122.44922,24113.84961,24113.94922,0
2026-06-22 12:34:00+05:30,24122.75,24122.75,24125.09961,24120.84961,24121.94922,0
2026-06-22 12:35:00+05:30,24123.55078,24123.55078,24125.25,24121.09961,24123.19922,0
2026-06-22 12:36:00+05:30,24122.5,24122.5,24124.30078,24121.40039,24123.75,0
2026-06-22 12:37:00+05:30,24120.69922,24120.69922,24123.40039,24118.90039,24122.5,0
2026-06-22 12:38:00+05:30,24117.94922,24117.94922,24121.75,24115.94922,24120.69922,0
2026-06-22 12:39:00+05:30,24119.59961,24119.59961,24120.75,24117.09961,24118.19922,0
2026-06-22 12:40:00+05:30,24119.65039,24119.65039,24120.65039,24117.5,24119.5,0
2026-06-22 12:41:00+05:30,24118.44922,24118.44922,24120.59961,24116.05078,24119.65039,0
2026-06-22 12:42:00+05:30,24118.15039,24118.15039,24118.40039,24115.34961,24118.34961,0
2026-06-22 12:43:00+05:30,24118.90039,24118.90039,24120.55078,24116.75,24118.84961,0
2026-06-22 12:44:00+05:30,24118.75,24118.75,24120.44922,24115.44922,24118.59961,0
2026-06-22 12:45:00+05:30,24117.44922,24117.44922,24120.30078,24113.55078,24118.59961,0
2026-06-22 12:46:00+05:30,24115.84961,24115.84961,24117.69922,24114.30078,24117.05078,0
2026-06-22 12:47:00+05:30,24114.19922,24114.19922,24117.59961,24113.34961,24115.94922,0
2026-06-22 12:48:00+05:30,24118.65039,24118.65039,24120,24112.25,24114.55078,0
2026-06-22 12:49:00+05:30,24119.40039,24119.40039,24120.94922,24117.5,24118.80078,0
2026-06-22 12:50:00+05:30,24125.15039,24125.15039,24127.05078,24119.19922,24119.19922,0
2026-06-22 12:51:00+05:30,24123.09961,24123.09961,24126.75,24121.40039,24125.90039,0
2026-06-22 12:52:00+05:30,24124.34961,24124.34961,24126.05078,24122.90039,24122.90039,0
2026-06-22 12:53:00+05:30,24119.5,24119.5,24125,24119.30078,24124.25,0
2026-06-22 12:54:00+05:30,24120.30078,24120.30078,24121.40039,24117.05078,24119.40039,0
2026-06-22 12:55:00+05:30,24120.19922,24120.19922,24124.55078,24119.5,24120.15039,0
2026-06-22 12:56:00+05:30,24121.84961,24121.84961,24123,24119.84961,24120.30078,0
2026-06-22 12:57:00+05:30,24121.19922,24121.19922,24124.59961,24119.75,24121.75,0
2026-06-22 12:58:00+05:30,24120.5,24120.5,24122.30078,24119.15039,24121.5,0
2026-06-22 12:59:00+05:30,24123.5,24123.5,24123.90039,24119.84961,24120.40039,0
2026-06-22 13:00:00+05:30,24123.15039,24123.15039,24123.84961,24119,24123.30078,0
2026-06-22 13:01:00+05:30,24121.09961,24121.09961,24123.55078,24118.75,24122.69922,0
2026-06-22 13:02:00+05:30,24119.65039,24119.65039,24122.80078,24119,24120.94922,0
2026-06-22 13:03:00+05:30,24116.19922,24116.19922,24120.94922,24114.90039,24119.65039,0
2026-06-22 13:04:00+05:30,24116.65039,24116.65039,24117.55078,24113.75,24115.80078,0
2026-06-22 13:05:00+05:30,24112.34961,24112.34961,24116.69922,24111.5,24116.30078,0
2026-06-22 13:06:00+05:30,24117.90039,24117.90039,24119.75,24111.84961,24112.15039,0
2026-06-22 13:07:00+05:30,24118.65039,24118.65039,24120.69922,24117.80078,24117.80078,0
2026-06-22 13:08:00+05:30,24115.94922,24115.94922,24119.19922,24115,24118.40039,0
2026-06-22 13:09:00+05:30,24112.5,24112.5,24117.80078,24110.65039,24115.84961,0
2026-06-22 13:10:00+05:30,24106.59961,24106.59961,24112.94922,24105.65039,24112.59961,0
2026-06-22 13:11:00+05:30,24108.5,24108.5,24109.84961,24105.40039,24106.30078,0
2026-06-22 13:12:00+05:30,24107,24107,24110.65039,24105.09961,24108.40039,0
2026-06-22 13:13:00+05:30,24108.69922,24108.69922,24109,24105.15039,24106.5,0
2026-06-22 13:14:00+05:30,24112.80078,24112.80078,24113,24108.65039,24108.65039,0
2026-06-22 13:15:00+05:30,24116.09961,24116.09961,24116.55078,24111.55078,24112.80078,0
2026-06-22 13:16:00+05:30,24120.05078,24120.05078,24120.09961,24116.15039,24116.40039,0
2026-06-22 13:17:00+05:30,24125.94922,24125.94922,24126.30078,24119.34961,24120.15039,0
2026-06-22 13:18:00+05:30,24122.69922,24122.69922,24127.19922,24122.65039,24126.09961,0
2026-06-22 13:19:00+05:30,24123.19922,24123.19922,24124.94922,24122.59961,24123.05078,0
2026-06-22 13:20:00+05:30,24119.44922,24119.44922,24123.90039,24119.40039,24123.30078,0
2026-06-22 13:21:00+05:30,24119.30078,24119.30078,24125.15039,24118.5,24119.30078,0
2026-06-22 13:22:00+05:30,24118.44922,24118.44922,24120.40039,24114.90039,24119.5,0
2026-06-22 13:23:00+05:30,24120.80078,24120.80078,24121.75,24117.19922,24118.25,0
2026-06-22 13:24:00+05:30,24122.5,24122.5,24122.65039,24118.90039,24120.84961,0
2026-06-22 13:25:00+05:30,24122.34961,24122.34961,24123.94922,24120.44922,24122.25,0
2026-06-22 13:26:00+05:30,24122.09961,24122.09961,24125.05078,24120.84961,24121.94922,0
2026-06-22 13:27:00+05:30,24120.69922,24120.69922,24123.65039,24118.5,24121.94922,0
2026-06-22 13:28:00+05:30,24119.09961,24119.09961,24122.69922,24118.19922,24120.5,0
2026-06-22 13:29:00+05:30,24118.69922,24118.69922,24120.5,24115.75,24118.40039,0
2026-06-22 13:30:00+05:30,24118.19922,24118.19922,24122.59961,24116.65039,24118.30078,0
2026-06-22 13:31:00+05:30,24122.59961,24122.59961,24123.55078,24117.40039,24117.84961,0
2026-06-22 13:32:00+05:30,24121.90039,24121.90039,24124.40039,24120.69922,24121.90039,0
2026-06-22 13:33:00+05:30,24121.69922,24121.69922,24123.80078,24119.30078,24121.84961,0
2026-06-22 13:34:00+05:30,24119.69922,24119.69922,24122.80078,24117.90039,24121.25,0
2026-06-22 13:35:00+05:30,24120.05078,24120.05078,24122.05078,24118.65039,24119.59961,0
2026-06-22 13:36:00+05:30,24124.59961,24124.59961,24124.69922,24119.44922,24120.69922,0
2026-06-22 13:37:00+05:30,24122,24122,24125.44922,24121.09961,24124.09961,0
2026-06-22 13:38:00+05:30,24118.84961,24118.84961,24122.94922,24118.25,24122,0
2026-06-22 13:39:00+05:30,24115.5,24115.5,24120.05078,24113.40039,24119.25,0
2026-06-22 13:40:00+05:30,24103.55078,24103.55078,24116.44922,24099.15039,24115.75,0
2026-06-22 13:41:00+05:30,24101.69922,24101.69922,24107.84961,24097.15039,24103.44922,0
2026-06-22 13:42:00+05:30,24113.65039,24113.65039,24115.30078,24101.75,24101.75,0
2026-06-22 13:43:00+05:30,24121.25,24121.25,24127.69922,24112.65039,24112.65039,0
2026-06-22 13:44:00+05:30,24119.44922,24119.44922,24122.09961,24118.69922,24120.69922,0
2026-06-22 13:45:00+05:30,24123.59961,24123.59961,24123.59961,24117.19922,24119.65039,0
2026-06-22 13:46:00+05:30,24121.80078,24121.80078,24124.09961,24120.25,24123.80078,0
2026-06-22 13:47:00+05:30,24118.65039,24118.65039,24123.25,24118.65039,24121.69922,0
2026-06-22 13:48:00+05:30,24118.84961,24118.84961,24120.5,24115.84961,24118.69922,0
2026-06-22 13:49:00+05:30,24119.05078,24119.05078,24120.84961,24117.34961,24119,0
2026-06-22 13:50:00+05:30,24119.59961,24119.59961,24122.34961,24118.84961,24118.84961,0
2026-06-22 13:51:00+05:30,24123.69922,24123.69922,24124.80078,24118.44922,24119.30078,0
2026-06-22 13:52:00+05:30,24121.30078,24121.30078,24126.75,24121.30078,24122.90039,0
2026-06-22 13:53:00+05:30,24122.25,24122.25,24123.34961,24118.15039,24121.30078,0
2026-06-22 13:54:00+05:30,24124.90039,24124.90039,24125.84961,24121.75,24121.94922,0
2026-06-22 13:55:00+05:30,24129.5,24129.5,24129.90039,24120.40039,24125.30078,0
2026-06-22 13:56:00+05:30,24129.25,24129.25,24132.75,24125.05078,24128.94922,0
2026-06-22 13:57:00+05:30,24135,24135,24135.5,24128.34961,24128.34961,0
2026-06-22 13:58:00+05:30,24134.80078,24134.80078,24135.90039,24132.94922,24134.75,0
2026-06-22 13:59:00+05:30,24126,24126,24136.5,24122.75,24135.34961,0
2026-06-22 14:00:00+05:30,24130.34961,24130.34961,24132.25,24123.19922,24126.19922,0
2026-06-22 14:01:00+05:30,24125.55078,24125.55078,24131.84961,24121.75,24130.55078,0
2026-06-22 14:02:00+05:30,24129.09961,24129.09961,24129.84961,24125.84961,24126.05078,0
2026-06-22 14:03:00+05:30,24126.34961,24126.34961,24129.25,24123.15039,24129.09961,0
2026-06-22 14:04:00+05:30,24127,24127,24128.05078,24123.40039,24126.05078,0
2026-06-22 14:05:00+05:30,24129.90039,24129.90039,24133.15039,24127.40039,24127.40039,0
2026-06-22 14:06:00+05:30,24126.94922,24126.94922,24131.75,24125.55078,24131.05078,0
2026-06-22 14:07:00+05:30,24126.65039,24126.65039,24128.34961,24124,24126.34961,0
2026-06-22 14:08:00+05:30,24125.59961,24125.59961,24127.34961,24124.44922,24126.09961,0
2026-06-22 14:09:00+05:30,24119,24119,24125.65039,24119,24125.5,0
2026-06-22 14:10:00+05:30,24126.55078,24126.55078,24127.90039,24119.09961,24119.19922,0
2026-06-22 14:11:00+05:30,24129.34961,24129.34961,24131.25,24125.19922,24126.34961,0
2026-06-22 14:12:00+05:30,24125.65039,24125.65039,24129.5,24123.90039,24128.69922,0
2026-06-22 14:13:00+05:30,24123.69922,24123.69922,24127.19922,24123.69922,24125.40039,0
2026-06-22 14:14:00+05:30,24118.44922,24118.44922,24125.34961,24117.15039,24123.59961,0
2026-06-22 14:15:00+05:30,24117.34961,24117.34961,24123.75,24117,24118,0
2026-06-22 14:16:00+05:30,24116.09961,24116.09961,24118.84961,24112.94922,24118.09961,0
2026-06-22 14:17:00+05:30,24118.34961,24118.34961,24119.94922,24113.40039,24115.90039,0
2026-06-22 14:18:00+05:30,24120.69922,24120.69922,24125.65039,24117.55078,24118.25,0
2026-06-22 14:19:00+05:30,24122.65039,24122.65039,24124.75,24119.44922,24120.40039,0
2026-06-22 14:20:00+05:30,24125.19922,24125.19922,24127.44922,24122.40039,24122.69922,0
2026-06-22 14:21:00+05:30,24122.94922,24122.94922,24126.55078,24121.40039,24125.09961,0
2026-06-22 14:22:00+05:30,24122.65039,24122.65039,24124.94922,24120.25,24122.19922,0
2026-06-22 14:23:00+05:30,24123.59961,24123.59961,24126.90039,24122.34961,24122.40039,0
2026-06-22 14:24:00+05:30,24124.75,24124.75,24126.25,24122.19922,24123.34961,0
2026-06-22 14:25:00+05:30,24124.59961,24124.59961,24127.5,24122.55078,24124.19922,0
2026-06-22 14:26:00+05:30,24130.25,24130.25,24132.80078,24124.5,24124.5,0
2026-06-22 14:27:00+05:30,24132.34961,24132.34961,24134,24128.44922,24130.75,0
2026-06-22 14:28:00+05:30,24138.19922,24138.19922,24141.55078,24132.30078,24132.75,0
2026-06-22 14:29:00+05:30,24138.80078,24138.80078,24139.94922,24133.94922,24138.05078,0
2026-06-22 14:30:00+05:30,24135.55078,24135.55078,24145.44922,24134.94922,24138.69922,0
2026-06-22 14:31:00+05:30,24135.5,24135.5,24137.19922,24132.34961,24135.30078,0
2026-06-22 14:32:00+05:30,24130.84961,24130.84961,24137.5,24129.40039,24135.65039,0
2026-06-22 14:33:00+05:30,24129.40039,24129.40039,24131.5,24125.69922,24131.5,0
2026-06-22 14:34:00+05:30,24132.80078,24132.80078,24134.55078,24128.19922,24129.69922,0
2026-06-22 14:35:00+05:30,24135.84961,24135.84961,24139.15039,24130.75,24132.5,0
2026-06-22 14:36:00+05:30,24136.5,24136.5,24138.25,24134.34961,24135.55078,0
2026-06-22 14:37:00+05:30,24136.19922,24136.19922,24138.65039,24134.65039,24136.90039,0
2026-06-22 14:38:00+05:30,24141.05078,24141.05078,24143.65039,24135.44922,24136.19922,0
2026-06-22 14:39:00+05:30,24136.30078,24136.30078,24143.40039,24135.25,24141.19922,0
2026-06-22 14:40:00+05:30,24137.05078,24137.05078,24139.09961,24134.25,24136.65039,0
2026-06-22 14:41:00+05:30,24136.15039,24136.15039,24138.25,24135,24137.25,0
2026-06-22 14:42:00+05:30,24134.30078,24134.30078,24139.19922,24133.94922,24136.80078,0
2026-06-22 14:43:00+05:30,24133.5,24133.5,24136.55078,24130.55078,24134.25,0
2026-06-22 14:44:00+05:30,24134.65039,24134.65039,24136.90039,24131.84961,24132.80078,0
2026-06-22 14:45:00+05:30,24137,24137,24138.19922,24133.55078,24136.34961,0
2026-06-22 14:46:00+05:30,24141.84961,24141.84961,24143.09961,24137,24137.59961,0
2026-06-22 14:47:00+05:30,24141.84961,24141.84961,24144.84961,24140.34961,24142.09961,0
2026-06-22 14:48:00+05:30,24140.40039,24140.40039,24144,24139.09961,24142,0
2026-06-22 14:49:00+05:30,24141.34961,24141.34961,24142.15039,24137.69922,24139.94922,0
2026-06-22 14:50:00+05:30,24143,24143,24143.69922,24139.30078,24142,0
2026-06-22 14:51:00+05:30,24141.40039,24141.40039,24145.15039,24140,24143.09961,0
2026-06-22 14:52:00+05:30,24137.30078,24137.30078,24144.44922,24136.84961,24142.5,0
2026-06-22 14:53:00+05:30,24136.69922,24136.69922,24138.69922,24133.75,24135.55078,0
2026-06-22 14:54:00+05:30,24136.05078,24136.05078,24138.75,24134.30078,24136.84961,0
2026-06-22 14:55:00+05:30,24131.59961,24131.59961,24137.59961,24130.84961,24136.25,0
2026-06-22 14:56:00+05:30,24131.59961,24131.59961,24134.19922,24130.40039,24131.25,0
2026-06-22 14:57:00+05:30,24133.40039,24133.40039,24135.34961,24129.19922,24132.05078,0
2026-06-22 14:58:00+05:30,24132.09961,24132.09961,24136.30078,24130.80078,24134.09961,0
2026-06-22 14:59:00+05:30,24132.55078,24132.55078,24141.5,24132,24132,0
2026-06-22 15:00:00+05:30,24116.59961,24116.59961,24143,24114.90039,24133.59961,0
2026-06-22 15:01:00+05:30,24122.30078,24122.30078,24125.80078,24115.80078,24118.40039,0
2026-06-22 15:02:00+05:30,24114.15039,24114.15039,24124.40039,24114,24123,0
2026-06-22 15:03:00+05:30,24119.5,24119.5,24119.5,24114.09961,24114.65039,0
2026-06-22 15:04:00+05:30,24117.19922,24117.19922,24121.30078,24115.94922,24120.40039,0
2026-06-22 15:05:00+05:30,24114.05078,24114.05078,24119.65039,24113.65039,24117.80078,0
2026-06-22 15:06:00+05:30,24108.69922,24108.69922,24115.5,24108.15039,24115.5,0
2026-06-22 15:07:00+05:30,24109.34961,24109.34961,24110.40039,24107.05078,24109,0
2026-06-22 15:08:00+05:30,24104.59961,24104.59961,24110.05078,24103.30078,24110.05078,0
2026-06-22 15:09:00+05:30,24103.34961,24103.34961,24106.30078,24103.09961,24104.80078,0
2026-06-22 15:10:00+05:30,24103.55078,24103.55078,24104.94922,24099.84961,24104.94922,0
2026-06-22 15:11:00+05:30,24106.55078,24106.55078,24106.94922,24102.5,24104.40039,0
2026-06-22 15:12:00+05:30,24105.75,24105.75,24107.55078,24104.05078,24107.19922,0
2026-06-22 15:13:00+05:30,24112.15039,24112.15039,24113.30078,24105.75,24106.05078,0
2026-06-22 15:14:00+05:30,24105.65039,24105.65039,24113.80078,24105.65039,24111.44922,0
2026-06-22 15:15:00+05:30,24108.05078,24108.05078,24109.44922,24103.94922,24105.5,0
2026-06-22 15:16:00+05:30,24105.65039,24105.65039,24111.15039,24105.59961,24108.65039,0
2026-06-22 15:17:00+05:30,24103.30078,24103.30078,24107.94922,24103.05078,24106.09961,0
2026-06-22 15:18:00+05:30,24097.05078,24097.05078,24104.55078,24097,24103.80078,0
2026-06-22 15:19:00+05:30,24093.80078,24093.80078,24098.25,24091.84961,24097.30078,0
2026-06-22 15:20:00+05:30,24093.55078,24093.55078,24097.84961,24093.15039,24094.80078,0
2026-06-22 15:21:00+05:30,24094.65039,24094.65039,24096.5,24091.69922,24094.65039,0
2026-06-22 15:22:00+05:30,24092.69922,24092.69922,24095.80078,24090.19922,24094.34961,0
2026-06-22 15:23:00+05:30,24089.65039,24089.65039,24094.15039,24089.65039,24093,0
2026-06-22 15:24:00+05:30,24085.59961,24085.59961,24091.40039,24084.05078,24089.75,0
2026-06-22 15:25:00+05:30,24083.44922,24083.44922,24089.34961,24080.09961,24085.30078,0
2026-06-22 15:26:00+05:30,24083.69922,24083.69922,24088.65039,24082.69922,24086.90039,0
2026-06-22 15:27:00+05:30,24084.90039,24084.90039,24087.34961,24082.80078,24085.65039,0
2026-06-22 15:28:00+05:30,24084.55078,24084.55078,24088.55078,24081.59961,24085.30078,0
2026-06-22 15:29:00+05:30,24086.84961,24086.84961,24092.19922,24083.94922,24086.5,0
2026-06-23 09:15:00+05:30,24056.75,24056.75,24081.15039,24052.34961,24071.30078,0
2026-06-23 09:16:00+05:30,24052.80078,24052.80078,24056.80078,24040.75,24056.44922,0
2026-06-23 09:17:00+05:30,24055.80078,24055.80078,24062.90039,24051.34961,24052.59961,0
2026-06-23 09:18:00+05:30,24066.59961,24066.59961,24067.05078,24053.44922,24055.05078,0
2026-06-23 09:19:00+05:30,24076.05078,24076.05078,24077.94922,24066.90039,24066.94922,0
2026-06-23 09:20:00+05:30,24090.59961,24090.59961,24091.55078,24075.84961,24077.09961,0
2026-06-23 09:21:00+05:30,24083.69922,24083.69922,24095.05078,24083.69922,24091.25,0
2026-06-23 09:22:00+05:30,24084.65039,24084.65039,24086.69922,24081.25,24084.5,0
2026-06-23 09:23:00+05:30,24089.84961,24089.84961,24091.94922,24081.59961,24084.80078,0
2026-06-23 09:24:00+05:30,24087,24087,24092.59961,24085.34961,24090.44922,0
2026-06-23 09:25:00+05:30,24087.94922,24087.94922,24088.44922,24082.5,24087.69922,0
2026-06-23 09:26:00+05:30,24083.90039,24083.90039,24090.55078,24080.59961,24087.34961,0
2026-06-23 09:27:00+05:30,24089.09961,24089.09961,24089.09961,24083.90039,24086.09961,0
2026-06-23 09:28:00+05:30,24085.09961,24085.09961,24092.55078,24085.09961,24088.25,0
2026-06-23 09:29:00+05:30,24088.94922,24088.94922,24089.75,24082.55078,24086.55078,0
2026-06-23 09:30:00+05:30,24098.05078,24098.05078,24098.05078,24088.19922,24090.05078,0
2026-06-23 09:31:00+05:30,24102.69922,24102.69922,24103.15039,24094.59961,24097.65039,0
2026-06-23 09:32:00+05:30,24097.75,24097.75,24102.75,24097.40039,24102.59961,0
2026-06-23 09:33:00+05:30,24102.05078,24102.05078,24102.65039,24094.75,24099.05078,0
2026-06-23 09:34:00+05:30,24101.90039,24101.90039,24102.65039,24097.90039,24102.40039,0
2026-06-23 09:35:00+05:30,24107.44922,24107.44922,24108.09961,24100.59961,24103.44922,0
2026-06-23 09:36:00+05:30,24108.09961,24108.09961,24114.05078,24106.84961,24110.05078,0
2026-06-23 09:37:00+05:30,24116.09961,24116.09961,24118.09961,24106.65039,24108.30078,0
2026-06-23 09:38:00+05:30,24117.94922,24117.94922,24120.75,24114.40039,24116.44922,0
2026-06-23 09:39:00+05:30,24124.90039,24124.90039,24125.09961,24114.69922,24117.90039,0
2026-06-23 09:40:00+05:30,24118.94922,24118.94922,24133.05078,24118.75,24126.40039,0
2026-06-23 09:41:00+05:30,24112.80078,24112.80078,24119.65039,24110.30078,24119.19922,0
2026-06-23 09:42:00+05:30,24116.19922,24116.19922,24119.69922,24113.30078,24114.15039,0
2026-06-23 09:43:00+05:30,24113.84961,24113.84961,24117.40039,24109.44922,24117.30078,0
2026-06-23 09:44:00+05:30,24115.5,24115.5,24116.44922,24110.69922,24113.84961,0
2026-06-23 09:45:00+05:30,24110.05078,24110.05078,24116.84961,24110.05078,24115.25,0
2026-06-23 09:46:00+05:30,24113.05078,24113.05078,24114.84961,24107.34961,24110.44922,0
2026-06-23 09:47:00+05:30,24119.5,24119.5,24120.90039,24111.90039,24113.94922,0
2026-06-23 09:48:00+05:30,24119.05078,24119.05078,24120.25,24115.69922,24118.34961,0
2026-06-23 09:49:00+05:30,24120.30078,24120.30078,24122.44922,24117.69922,24118.94922,0
2026-06-23 09:50:00+05:30,24125.19922,24125.19922,24126.25,24118.30078,24121.59961,0
2026-06-23 09:51:00+05:30,24123.34961,24123.34961,24129.75,24122.34961,24126.19922,0
2026-06-23 09:52:00+05:30,24118.30078,24118.30078,24124.94922,24117.69922,24124.84961,0
2026-06-23 09:53:00+05:30,24119.44922,24119.44922,24121.34961,24116.5,24118.94922,0
2026-06-23 09:54:00+05:30,24125.65039,24125.65039,24126.25,24118.69922,24120.84961,0
2026-06-23 09:55:00+05:30,24127.15039,24127.15039,24127.5,24122.44922,24126.30078,0
2026-06-23 09:56:00+05:30,24129.75,24129.75,24130.65039,24121.75,24128.19922,0
2026-06-23 09:57:00+05:30,24130.65039,24130.65039,24133,24125.75,24130,0
2026-06-23 09:58:00+05:30,24128.84961,24128.84961,24131.59961,24126.19922,24131.59961,0
2026-06-23 09:59:00+05:30,24131.30078,24131.30078,24132.94922,24126.94922,24130.44922,0
2026-06-23 10:00:00+05:30,24127.55078,24127.55078,24135.25,24127.55078,24131.25,0
2026-06-23 10:01:00+05:30,24124.94922,24124.94922,24129.69922,24124.94922,24128.59961,0
2026-06-23 10:02:00+05:30,24119.84961,24119.84961,24127.30078,24118.59961,24125.59961,0
2026-06-23 10:03:00+05:30,24125.75,24125.75,24126.80078,24120.30078,24121.34961,0
2026-06-23 10:04:00+05:30,24124.90039,24124.90039,24130.5,24124.15039,24126.19922,0
2026-06-23 10:05:00+05:30,24126.5,24126.5,24126.5,24121.59961,24125.05078,0
2026-06-23 10:06:00+05:30,24120.69922,24120.69922,24128.30078,24120.30078,24126.69922,0
2026-06-23 10:07:00+05:30,24116.90039,24116.90039,24121.15039,24115.25,24120.34961,0
2026-06-23 10:08:00+05:30,24118.15039,24118.15039,24119,24113.84961,24117.09961,0
2026-06-23 10:09:00+05:30,24125.84961,24125.84961,24127.40039,24117.55078,24119.05078,0
2026-06-23 10:10:00+05:30,24127.5,24127.5,24131.40039,24125.44922,24125.65039,0
2026-06-23 10:11:00+05:30,24126.25,24126.25,24127.94922,24124.25,24127,0
2026-06-23 10:12:00+05:30,24124.84961,24124.84961,24126.59961,24122.65039,24126.59961,0
2026-06-23 10:13:00+05:30,24123.15039,24123.15039,24126.19922,24122.55078,24125.19922,0
2026-06-23 10:14:00+05:30,24124.05078,24124.05078,24125.5,24121.75,24123.05078,0
2026-06-23 10:15:00+05:30,24121.15039,24121.15039,24125.44922,24120.34961,24123.44922,0
2026-06-23 10:16:00+05:30,24119,24119,24121.90039,24118.5,24121.90039,0
2026-06-23 10:17:00+05:30,24115.94922,24115.94922,24121.40039,24114.90039,24120.05078,0
2026-06-23 10:18:00+05:30,24116.25,24116.25,24118.55078,24113.15039,24115.69922,0
2026-06-23 10:19:00+05:30,24125.90039,24125.90039,24127.34961,24116.30078,24116.69922,0
2026-06-23 10:20:00+05:30,24124.80078,24124.80078,24127.80078,24122.55078,24127,0
2026-06-23 10:21:00+05:30,24127.80078,24127.80078,24128.34961,24123.19922,24125.80078,0
2026-06-23 10:22:00+05:30,24123.5,24123.5,24130.09961,24123.09961,24128.44922,0
2026-06-23 10:23:00+05:30,24122.05078,24122.05078,24124.94922,24118.40039,24124.75,0
2026-06-23 10:24:00+05:30,24120.09961,24120.09961,24122.44922,24117.5,24122.05078,0
2026-06-23 10:25:00+05:30,24116.15039,24116.15039,24120.40039,24115.90039,24120.34961,0
2026-06-23 10:26:00+05:30,24114.90039,24114.90039,24117.40039,24112.90039,24116.05078,0
2026-06-23 10:27:00+05:30,24111.15039,24111.15039,24115.19922,24108.90039,24115.09961,0
2026-06-23 10:28:00+05:30,24110.15039,24110.15039,24113.94922,24108.69922,24110.75,0
2026-06-23 10:29:00+05:30,24112.44922,24112.44922,24114,24106.09961,24111.59961,0
2026-06-23 10:30:00+05:30,24111.5,24111.5,24114.05078,24108.75,24112.80078,0
2026-06-23 10:31:00+05:30,24108.19922,24108.19922,24112.55078,24107.40039,24112.15039,0
2026-06-23 10:32:00+05:30,24108.5,24108.5,24109.5,24105.30078,24109.5,0
2026-06-23 10:33:00+05:30,24105.69922,24105.69922,24110.25,24104.30078,24109.09961,0
2026-06-23 10:34:00+05:30,24110.19922,24110.19922,24111.90039,24104.34961,24106.65039,0
2026-06-23 10:35:00+05:30,24117.05078,24117.05078,24117.94922,24109.90039,24111.75,0
2026-06-23 10:36:00+05:30,24117.15039,24117.15039,24119.19922,24115.40039,24118.05078,0
2026-06-23 10:37:00+05:30,24116.34961,24116.34961,24119.30078,24116.09961,24116.59961,0
2026-06-23 10:38:00+05:30,24107.15039,24107.15039,24117.75,24106.25,24116.15039,0
2026-06-23 10:39:00+05:30,24113.44922,24113.44922,24116.5,24106.59961,24108.40039,0
2026-06-23 10:40:00+05:30,24114.05078,24114.05078,24117.55078,24113.05078,24114.34961,0
2026-06-23 10:41:00+05:30,24114.69922,24114.69922,24116.40039,24112.90039,24115,0
2026-06-23 10:42:00+05:30,24115.09961,24115.09961,24117.55078,24111.55078,24115.59961,0
2026-06-23 10:43:00+05:30,24111.69922,24111.69922,24116.94922,24111.65039,24115.25,0
2026-06-23 10:44:00+05:30,24105.65039,24105.65039,24112.75,24105.65039,24111.34961,0
2026-06-23 10:45:00+05:30,24099.05078,24099.05078,24107.05078,24099.05078,24106.90039,0
2026-06-23 10:46:00+05:30,24100.94922,24100.94922,24101.40039,24099,24100.84961,0
2026-06-23 10:47:00+05:30,24105.75,24105.75,24106.90039,24098.94922,24101.15039,0
2026-06-23 10:48:00+05:30,24097,24097,24106.59961,24094.34961,24105,0
2026-06-23 10:49:00+05:30,24099.80078,24099.80078,24101,24093.30078,24094.94922,0
2026-06-23 10:50:00+05:30,24104.75,24104.75,24106.09961,24099.80078,24100.90039,0
2026-06-23 10:51:00+05:30,24097.59961,24097.59961,24105.94922,24095.69922,24104.84961,0
2026-06-23 10:52:00+05:30,24095.5,24095.5,24100.25,24094.44922,24098.09961,0
2026-06-23 10:53:00+05:30,24099.15039,24099.15039,24099.94922,24094.55078,24095.84961,0
2026-06-23 10:54:00+05:30,24098.55078,24098.55078,24101.34961,24096.90039,24099.40039,0
2026-06-23 10:55:00+05:30,24097.25,24097.25,24099.65039,24096.19922,24098.69922,0
2026-06-23 10:56:00+05:30,24094.65039,24094.65039,24098.25,24094.40039,24097.5,0
2026-06-23 10:57:00+05:30,24091.94922,24091.94922,24095.75,24091.30078,24095.15039,0
2026-06-23 10:58:00+05:30,24092.30078,24092.30078,24094.09961,24091.05078,24092.69922,0
2026-06-23 10:59:00+05:30,24093.84961,24093.84961,24095.69922,24091,24094.09961,0
2026-06-23 11:00:00+05:30,24089.40039,24089.40039,24095,24089.05078,24093.59961,0
2026-06-23 11:01:00+05:30,24084.44922,24084.44922,24090.15039,24083.69922,24089.55078,0
2026-06-23 11:02:00+05:30,24089.80078,24089.80078,24091.75,24083.84961,24085.69922,0
2026-06-23 11:03:00+05:30,24098.84961,24098.84961,24099.59961,24089.59961,24090.59961,0
2026-06-23 11:04:00+05:30,24096.55078,24096.55078,24099.80078,24095.75,24099.59961,0
2026-06-23 11:05:00+05:30,24099,24099,24100.09961,24095.90039,24097.09961,0
2026-06-23 11:06:00+05:30,24101.40039,24101.40039,24102.15039,24097.75,24099.30078,0
2026-06-23 11:07:00+05:30,24106,24106,24109,24102.59961,24103.05078,0
2026-06-23 11:08:00+05:30,24104.84961,24104.84961,24108.75,24102.90039,24106.19922,0
2026-06-23 11:09:00+05:30,24101.84961,24101.84961,24105.5,24099.90039,24105.25,0
2026-06-23 11:10:00+05:30,24104.15039,24104.15039,24107.75,24100.55078,24101.05078,0
2026-06-23 11:11:00+05:30,24108.69922,24108.69922,24109.59961,24104.15039,24106.19922,0
2026-06-23 11:12:00+05:30,24110.94922,24110.94922,24111.69922,24106.25,24108.40039,0
2026-06-23 11:13:00+05:30,24111.55078,24111.55078,24115.44922,24109.55078,24111.09961,0
2026-06-23 11:14:00+05:30,24114.40039,24114.40039,24115.25,24110.25,24112.55078,0
2026-06-23 11:15:00+05:30,24116.75,24116.75,24121,24112.44922,24112.94922,0
2026-06-23 11:16:00+05:30,24120.55078,24120.55078,24121.55078,24115.55078,24116,0
2026-06-23 11:17:00+05:30,24123.30078,24123.30078,24123.84961,24120.05078,24121.05078,0
2026-06-23 11:18:00+05:30,24126.80078,24126.80078,24130.44922,24122.69922,24123.15039,0
2026-06-23 11:19:00+05:30,24126,24126,24126.90039,24123.5,24126,0
2026-06-23 11:20:00+05:30,24126.90039,24126.90039,24128.69922,24125,24126,0
2026-06-23 11:21:00+05:30,24119.94922,24119.94922,24127.69922,24119.94922,24126.80078,0
2026-06-23 11:22:00+05:30,24116.09961,24116.09961,24120.09961,24113.80078,24119.19922,0
2026-06-23 11:23:00+05:30,24124.40039,24124.40039,24126.65039,24115.55078,24117.80078,0
2026-06-23 11:24:00+05:30,24122.09961,24122.09961,24125.84961,24120.80078,24124.90039,0
2026-06-23 11:25:00+05:30,24118,24118,24123,24117.84961,24122.44922,0
2026-06-23 11:26:00+05:30,24117.84961,24117.84961,24122.15039,24117.40039,24118.59961,0
2026-06-23 11:27:00+05:30,24119.05078,24119.05078,24122.25,24115.65039,24118.69922,0
2026-06-23 11:28:00+05:30,24114.55078,24114.55078,24120.19922,24113.25,24119.34961,0
2026-06-23 11:29:00+05:30,24112.94922,24112.94922,24116.30078,24112.44922,24115.34961,0
2026-06-23 11:30:00+05:30,24109.90039,24109.90039,24114.75,24108.25,24114.25,0
2026-06-23 11:31:00+05:30,24103.55078,24103.55078,24111.34961,24102.94922,24111.15039,0
2026-06-23 11:32:00+05:30,24103.94922,24103.94922,24110.15039,24102.75,24105.19922,0
2026-06-23 11:33:00+05:30,24102.75,24102.75,24106.80078,24099.84961,24104.90039,0
2026-06-23 11:34:00+05:30,24101.75,24101.75,24106.40039,24101.19922,24104.5,0
2026-06-23 11:35:00+05:30,24101.30078,24101.30078,24103.90039,24099.34961,24102.80078,0
2026-06-23 11:36:00+05:30,24102.94922,24102.94922,24104.09961,24097.84961,24101.55078,0
2026-06-23 11:37:00+05:30,24099.44922,24099.44922,24103.30078,24097.75,24102.59961,0
2026-06-23 11:38:00+05:30,24098.30078,24098.30078,24100.80078,24095.19922,24098.94922,0
2026-06-23 11:39:00+05:30,24098.34961,24098.34961,24104.09961,24096.34961,24099.80078,0
2026-06-23 11:40:00+05:30,24092.5,24092.5,24099.44922,24090.55078,24099.40039,0
2026-06-23 11:41:00+05:30,24090.09961,24090.09961,24093.94922,24088.69922,24093.55078,0
2026-06-23 11:42:00+05:30,24087.19922,24087.19922,24092.34961,24087.19922,24090.94922,0
2026-06-23 11:43:00+05:30,24081.80078,24081.80078,24089.25,24079.05078,24089.19922,0
2026-06-23 11:44:00+05:30,24083.09961,24083.09961,24087.55078,24081.19922,24083.15039,0
2026-06-23 11:45:00+05:30,24042.94922,24042.94922,24083.40039,24042.94922,24082.5,0
2026-06-23 11:46:00+05:30,24037.25,24037.25,24045.84961,24036.40039,24045.84961,0
2026-06-23 11:47:00+05:30,24046.25,24046.25,24048.75,24037.94922,24038.55078,0
2026-06-23 11:48:00+05:30,24028.5,24028.5,24047.90039,24027.15039,24047.90039,0
2026-06-23 11:49:00+05:30,24021.84961,24021.84961,24029.80078,24018.19922,24029.15039,0
2026-06-23 11:50:00+05:30,24014.80078,24014.80078,24023.09961,24012.69922,24022.55078,0
2026-06-23 11:51:00+05:30,24022.09961,24022.09961,24025,24010.05078,24015.34961,0
2026-06-23 11:52:00+05:30,24021.5,24021.5,24025.05078,24017.44922,24022.55078,0
2026-06-23 11:53:00+05:30,24019.55078,24019.55078,24023,24012.84961,24022.55078,0
2026-06-23 11:54:00+05:30,24014.69922,24014.69922,24020.30078,24013.59961,24019.25,0
2026-06-23 11:55:00+05:30,23995.25,23995.25,24017.09961,23994.90039,24016.05078,0
2026-06-23 11:56:00+05:30,23990.84961,23990.84961,23999.19922,23982.94922,23994.84961,0
2026-06-23 11:57:00+05:30,23989.19922,23989.19922,23992.15039,23985.90039,23992,0
2026-06-23 11:58:00+05:30,23974.5,23974.5,23988.90039,23973.69922,23988.44922,0
2026-06-23 11:59:00+05:30,23982.65039,23982.65039,23985.05078,23972.34961,23975.75,0
2026-06-23 12:00:00+05:30,23983.30078,23983.30078,23987.09961,23970.15039,23981.15039,0
2026-06-23 12:01:00+05:30,23985.65039,23985.65039,23987.05078,23978.65039,23984.90039,0
2026-06-23 12:02:00+05:30,23985.30078,23985.30078,23990.90039,23984.5,23987.09961,0
2026-06-23 12:03:00+05:30,23972.75,23972.75,23986,23972.75,23985.90039,0
2026-06-23 12:04:00+05:30,23970.34961,23970.34961,23975.80078,23967.80078,23974.34961,0
2026-06-23 12:05:00+05:30,23970.44922,23970.44922,23972.80078,23968.25,23970.15039,0
2026-06-23 12:06:00+05:30,23972.09961,23972.09961,23972.25,23968.80078,23970.90039,0
2026-06-23 12:07:00+05:30,23966.19922,23966.19922,23972.90039,23964.69922,23971.69922,0
2026-06-23 12:08:00+05:30,23964.30078,23964.30078,23966.55078,23957.69922,23966.5,0
2026-06-23 12:09:00+05:30,23966.05078,23966.05078,23968.30078,23957.90039,23964.65039,0
2026-06-23 12:10:00+05:30,23961,23961,23967.44922,23960.55078,23967.34961,0
2026-06-23 12:11:00+05:30,23956.65039,23956.65039,23963.30078,23955.19922,23962.25,0
2026-06-23 12:12:00+05:30,23955.65039,23955.65039,23961.94922,23953.69922,23957.05078,0
2026-06-23 12:13:00+05:30,23961.69922,23961.69922,23966.05078,23954.59961,23958.5,0
2026-06-23 12:14:00+05:30,23965,23965,23965.5,23958.94922,23962.94922,0
2026-06-23 12:15:00+05:30,23963.69922,23963.69922,23965.94922,23957.30078,23965.94922,0
2026-06-23 12:16:00+05:30,23967.90039,23967.90039,23968.25,23962.65039,23964,0
2026-06-23 12:17:00+05:30,23966.25,23966.25,23973.25,23963.84961,23968,0
2026-06-23 12:18:00+05:30,23963.75,23963.75,23968.90039,23960.84961,23967.65039,0
2026-06-23 12:19:00+05:30,23965.15039,23965.15039,23966.65039,23962.5,23964.84961,0
2026-06-23 12:20:00+05:30,23948.65039,23948.65039,23967.30078,23947,23965.94922,0
2026-06-23 12:21:00+05:30,23933.75,23933.75,23948.80078,23933,23948.55078,0
2026-06-23 12:22:00+05:30,23919.90039,23919.90039,23935.25,23917.80078,23935.25,0
2026-06-23 12:23:00+05:30,23925.55078,23925.55078,23928.84961,23920.55078,23921.05078,0
2026-06-23 12:24:00+05:30,23921.94922,23921.94922,23925.69922,23920.09961,23925.69922,0
2026-06-23 12:25:00+05:30,23937.65039,23937.65039,23939.40039,23922.59961,23923.59961,0
2026-06-23 12:26:00+05:30,23946,23946,23949.30078,23932.44922,23938.34961,0
2026-06-23 12:27:00+05:30,23951.59961,23951.59961,23954.5,23944.19922,23947.25,0
2026-06-23 12:28:00+05:30,23946.15039,23946.15039,23953.90039,23945.59961,23952.44922,0
2026-06-23 12:29:00+05:30,23948.84961,23948.84961,23951.5,23946,23947.94922,0
2026-06-23 12:30:00+05:30,23947.55078,23947.55078,23949.65039,23943.34961,23949.65039,0
2026-06-23 12:31:00+05:30,23944.25,23944.25,23949.65039,23942.65039,23949.09961,0
2026-06-23 12:32:00+05:30,23936,23936,23945.15039,23935.94922,23944.5,0
2026-06-23 12:33:00+05:30,23936.69922,23936.69922,23938.19922,23932.94922,23936.65039,0
2026-06-23 12:34:00+05:30,23936.90039,23936.90039,23938.80078,23934.40039,23938.55078,0
2026-06-23 12:35:00+05:30,23938.25,23938.25,23941.65039,23935,23937.34961,0
2026-06-23 12:36:00+05:30,23935.40039,23935.40039,23941.84961,23931.90039,23939.09961,0
2026-06-23 12:37:00+05:30,23943.25,23943.25,23948.30078,23934.34961,23936.40039,0
2026-06-23 12:38:00+05:30,23953.15039,23953.15039,23954.40039,23941.69922,23944.90039,0
2026-06-23 12:39:00+05:30,23953.65039,23953.65039,23958.94922,23952,23954.59961,0
2026-06-23 12:40:00+05:30,23945.94922,23945.94922,23955.40039,23943.25,23954.25,0
2026-06-23 12:41:00+05:30,23956.40039,23956.40039,23956.44922,23945.30078,23947.59961,0
2026-06-23 12:42:00+05:30,23956.5,23956.5,23957.84961,23949.84961,23956.25,0
2026-06-23 12:43:00+05:30,23948.09961,23948.09961,23956.19922,23945.69922,23956.05078,0
2026-06-23 12:44:00+05:30,23948.44922,23948.44922,23951.65039,23945.94922,23949.40039,0
2026-06-23 12:45:00+05:30,23948.59961,23948.59961,23950.69922,23946.40039,23949.19922,0
2026-06-23 12:46:00+05:30,23945.25,23945.25,23949.75,23944.34961,23948.90039,0
2026-06-23 12:47:00+05:30,23936.65039,23936.65039,23948.65039,23936.05078,23946.5,0
2026-06-23 12:48:00+05:30,23929.30078,23929.30078,23938.25,23929.30078,23937.34961,0
2026-06-23 12:49:00+05:30,23927.59961,23927.59961,23933.05078,23924.80078,23930.25,0
2026-06-23 12:50:00+05:30,23929.05078,23929.05078,23931.34961,23926.80078,23929.55078,0
2026-06-23 12:51:00+05:30,23930,23930,23933.09961,23928.65039,23930.69922,0
2026-06-23 12:52:00+05:30,23930.34961,23930.34961,23931.90039,23928.59961,23930.65039,0
2026-06-23 12:53:00+05:30,23932.05078,23932.05078,23935.40039,23929.94922,23931.94922,0
2026-06-23 12:54:00+05:30,23930.90039,23930.90039,23933,23927.15039,23932.25,0
2026-06-23 12:55:00+05:30,23925.55078,23925.55078,23931.25,23925,23931.25,0
2026-06-23 12:56:00+05:30,23928.90039,23928.90039,23930.65039,23923.59961,23926.94922,0
2026-06-23 12:57:00+05:30,23930.90039,23930.90039,23934.25,23928.05078,23930.15039,0
2026-06-23 12:58:00+05:30,23929.80078,23929.80078,23933.94922,23929.80078,23931.30078,0
2026-06-23 12:59:00+05:30,23930.5,23930.5,23935,23929.80078,23929.80078,0
2026-06-23 13:00:00+05:30,23925.19922,23925.19922,23933.05078,23924.65039,23930.65039,0
2026-06-23 13:01:00+05:30,23916.65039,23916.65039,23926.59961,23913.90039,23925.90039,0
2026-06-23 13:02:00+05:30,23911.75,23911.75,23917.19922,23910.75,23917.19922,0
2026-06-23 13:03:00+05:30,23915.90039,23915.90039,23916.90039,23908.90039,23912.40039,0
2026-06-23 13:04:00+05:30,23919,23919,23920.19922,23914.69922,23915.65039,0
2026-06-23 13:05:00+05:30,23932.34961,23932.34961,23932.75,23917.90039,23920.65039,0
2026-06-23 13:06:00+05:30,23931.25,23931.25,23937.80078,23927.05078,23933.94922,0
2026-06-23 13:07:00+05:30,23926.30078,23926.30078,23932.75,23924.55078,23932.15039,0
2026-06-23 13:08:00+05:30,23932.25,23932.25,23932.59961,23924.40039,23927.15039,0
2026-06-23 13:09:00+05:30,23936,23936,23936.80078,23932.80078,23933.19922,0
2026-06-23 13:10:00+05:30,23931.34961,23931.34961,23937.15039,23930.90039,23936.15039,0
2026-06-23 13:11:00+05:30,23928.94922,23928.94922,23934.30078,23928.94922,23931.90039,0
2026-06-23 13:12:00+05:30,23934.44922,23934.44922,23936.05078,23930.30078,23930.40039,0
2026-06-23 13:13:00+05:30,23930.40039,23930.40039,23934.75,23927.09961,23934.75,0
2026-06-23 13:14:00+05:30,23922.59961,23922.59961,23932.25,23922.55078,23931.65039,0
2026-06-23 13:15:00+05:30,23911.40039,23911.40039,23923.80078,23911.15039,23923.80078,0
2026-06-23 13:16:00+05:30,23915.69922,23915.69922,23915.80078,23906.65039,23911.44922,0
2026-06-23 13:17:00+05:30,23919.59961,23919.59961,23923,23916.44922,23916.59961,0
2026-06-23 13:18:00+05:30,23923,23923,23925.19922,23918.90039,23920.75,0
2026-06-23 13:19:00+05:30,23923.15039,23923.15039,23925.84961,23922.44922,23924,0
2026-06-23 13:20:00+05:30,23927.30078,23927.30078,23929.65039,23922.94922,23924.40039,0
2026-06-23 13:21:00+05:30,23925.80078,23925.80078,23931.34961,23924.84961,23928.5,0
2026-06-23 13:22:00+05:30,23925.34961,23925.34961,23926.55078,23923.40039,23925.59961,0
2026-06-23 13:23:00+05:30,23922.80078,23922.80078,23928.19922,23922.5,23926.25,0
2026-06-23 13:24:00+05:30,23922.5,23922.5,23924.90039,23919.40039,23922.90039,0
2026-06-23 13:25:00+05:30,23912.90039,23912.90039,23924.05078,23912.34961,23923,0
2026-06-23 13:26:00+05:30,23909.34961,23909.34961,23913.84961,23908.59961,23913.84961,0
2026-06-23 13:27:00+05:30,23905.84961,23905.84961,23910.09961,23902.5,23910.09961,0
2026-06-23 13:28:00+05:30,23905.59961,23905.59961,23907.94922,23902.69922,23906.44922,0
2026-06-23 13:29:00+05:30,23907.40039,23907.40039,23909.19922,23902.55078,23906.55078,0
2026-06-23 13:30:00+05:30,23880.55078,23880.55078,23910.34961,23878.05078,23908.34961,0
2026-06-23 13:31:00+05:30,23879.30078,23879.30078,23888.75,23879.19922,23881.69922,0
2026-06-23 13:32:00+05:30,23877,23877,23886.90039,23876.30078,23881.19922,0
2026-06-23 13:33:00+05:30,23876.59961,23876.59961,23881.15039,23876.05078,23878.69922,0
2026-06-23 13:34:00+05:30,23869.94922,23869.94922,23878.34961,23868.19922,23878.34961,0
2026-06-23 13:35:00+05:30,23870.94922,23870.94922,23872.44922,23862.90039,23870.94922,0
2026-06-23 13:36:00+05:30,23878.65039,23878.65039,23879.55078,23870.80078,23870.80078,0
2026-06-23 13:37:00+05:30,23877,23877,23881.05078,23876.44922,23879.15039,0
2026-06-23 13:38:00+05:30,23876.05078,23876.05078,23880.30078,23873.5,23877.25,0
2026-06-23 13:39:00+05:30,23877.80078,23877.80078,23880.59961,23875.69922,23877.40039,0
2026-06-23 13:40:00+05:30,23885.75,23885.75,23887.34961,23877.40039,23879.69922,0
2026-06-23 13:41:00+05:30,23885.44922,23885.44922,23889.19922,23882,23886.69922,0
2026-06-23 13:42:00+05:30,23885.44922,23885.44922,23888.30078,23882.90039,23885.65039,0
2026-06-23 13:43:00+05:30,23892.90039,23892.90039,23893.59961,23884.69922,23886.44922,0
2026-06-23 13:44:00+05:30,23893.19922,23893.19922,23895.94922,23887.75,23893.5,0
2026-06-23 13:45:00+05:30,23890.44922,23890.44922,23893.84961,23887.59961,23893.84961,0
2026-06-23 13:46:00+05:30,23889.59961,23889.59961,23891.80078,23887.90039,23890.69922,0
2026-06-23 13:47:00+05:30,23889.15039,23889.15039,23893.19922,23883.19922,23890.34961,0
2026-06-23 13:48:00+05:30,23890.40039,23890.40039,23892.69922,23886.90039,23890.5,0
2026-06-23 13:49:00+05:30,23892.59961,23892.59961,23898.30078,23890.40039,23892.40039,0
2026-06-23 13:50:00+05:30,23878.40039,23878.40039,23893.80078,23878.40039,23893.5,0
2026-06-23 13:51:00+05:30,23873.34961,23873.34961,23879.65039,23871.59961,23879.65039,0
2026-06-23 13:52:00+05:30,23869.65039,23869.65039,23874.94922,23865.15039,23874.80078,0
2026-06-23 13:53:00+05:30,23876.5,23876.5,23878.15039,23868.09961,23870.75,0
2026-06-23 13:54:00+05:30,23875.84961,23875.84961,23879.15039,23870.84961,23876.34961,0
2026-06-23 13:55:00+05:30,23869.40039,23869.40039,23876.59961,23869.19922,23876.59961,0
2026-06-23 13:56:00+05:30,23869.34961,23869.34961,23870.44922,23864.25,23870.05078,0
2026-06-23 13:57:00+05:30,23871.5,23871.5,23876.25,23869.05078,23870.5,0
2026-06-23 13:58:00+05:30,23874.80078,23874.80078,23875.65039,23870.19922,23872.05078,0
2026-06-23 13:59:00+05:30,23869.15039,23869.15039,23875.5,23866.55078,23875.5,0
2026-06-23 14:00:00+05:30,23869.15039,23869.15039,23873.05078,23867.5,23870.15039,0
2026-06-23 14:01:00+05:30,23869.94922,23869.94922,23876.30078,23865.15039,23870.34961,0
2026-06-23 14:02:00+05:30,23871,23871,23873.15039,23864.30078,23871.69922,0
2026-06-23 14:03:00+05:30,23882.55078,23882.55078,23883.15039,23869.75,23871.94922,0
2026-06-23 14:04:00+05:30,23894.19922,23894.19922,23894.19922,23883.30078,23883.30078,0
2026-06-23 14:05:00+05:30,23897.44922,23897.44922,23897.44922,23891.94922,23894.90039,0
2026-06-23 14:06:00+05:30,23890.75,23890.75,23899.94922,23888.40039,23897.65039,0
2026-06-23 14:07:00+05:30,23878.30078,23878.30078,23891.44922,23875.94922,23890.90039,0
2026-06-23 14:08:00+05:30,23890.5,23890.5,23890.69922,23878.5,23878.5,0
2026-06-23 14:09:00+05:30,23888.75,23888.75,23891.34961,23883.59961,23891.25,0
2026-06-23 14:10:00+05:30,23894.90039,23894.90039,23895.19922,23887.84961,23889.30078,0
2026-06-23 14:11:00+05:30,23905.55078,23905.55078,23905.94922,23893.84961,23895.25,0
2026-06-23 14:12:00+05:30,23916.25,23916.25,23916.25,23905.19922,23906.90039,0
2026-06-23 14:13:00+05:30,23914.15039,23914.15039,23916.94922,23911.34961,23916.94922,0
2026-06-23 14:14:00+05:30,23910.84961,23910.84961,23915.25,23909.30078,23915.25,0
2026-06-23 14:15:00+05:30,23910.19922,23910.19922,23912.55078,23905.65039,23912.55078,0
2026-06-23 14:16:00+05:30,23915.30078,23915.30078,23918.44922,23907.30078,23911.65039,0
2026-06-23 14:17:00+05:30,23918.15039,23918.15039,23918.84961,23915,23917.5,0
2026-06-23 14:18:00+05:30,23910.90039,23910.90039,23919.15039,23910.09961,23919.15039,0
2026-06-23 14:19:00+05:30,23897.44922,23897.44922,23912.69922,23896.69922,23912.05078,0
2026-06-23 14:20:00+05:30,23899.34961,23899.34961,23901.25,23893.59961,23897.80078,0
2026-06-23 14:21:00+05:30,23917.15039,23917.15039,23917.15039,23898.25,23900.44922,0
2026-06-23 14:22:00+05:30,23914.25,23914.25,23917.30078,23913.15039,23917.05078,0
2026-06-23 14:23:00+05:30,23914.30078,23914.30078,23916.65039,23911.65039,23916.65039,0
2026-06-23 14:24:00+05:30,23917.94922,23917.94922,23918.30078,23912.55078,23915.30078,0
2026-06-23 14:25:00+05:30,23917.19922,23917.19922,23919.05078,23910.09961,23919.05078,0
2026-06-23 14:26:00+05:30,23917.84961,23917.84961,23919.84961,23914.80078,23917.59961,0
2026-06-23 14:27:00+05:30,23917.94922,23917.94922,23921.15039,23917.25,23918,0
2026-06-23 14:28:00+05:30,23910.80078,23910.80078,23919.19922,23910.75,23919.05078,0
2026-06-23 14:29:00+05:30,23915.80078,23915.80078,23916.44922,23909.30078,23912.30078,0
2026-06-23 14:30:00+05:30,23918.25,23918.25,23920.69922,23915.90039,23916.94922,0
2026-06-23 14:31:00+05:30,23913.59961,23913.59961,23917.84961,23912.34961,23917.84961,0
2026-06-23 14:32:00+05:30,23912.90039,23912.90039,23916.5,23910.69922,23914.90039,0
2026-06-23 14:33:00+05:30,23915.05078,23915.05078,23915.59961,23911.94922,23913.5,0
2026-06-23 14:34:00+05:30,23914.84961,23914.84961,23917.59961,23913.19922,23915.75,0
2026-06-23 14:35:00+05:30,23908.59961,23908.59961,23915.40039,23904.94922,23914.5,0
2026-06-23 14:36:00+05:30,23916.30078,23916.30078,23917.15039,23908.25,23909.09961,0
2026-06-23 14:37:00+05:30,23909.25,23909.25,23917.40039,23905.94922,23916.90039,0
2026-06-23 14:38:00+05:30,23913.34961,23913.34961,23914.55078,23908.40039,23910.25,0
2026-06-23 14:39:00+05:30,23911,23911,23914.15039,23905.94922,23914.15039,0
2026-06-23 14:40:00+05:30,23902.5,23902.5,23911.94922,23897.15039,23911.80078,0
2026-06-23 14:41:00+05:30,23918.19922,23918.19922,23918.19922,23901.65039,23902.05078,0
2026-06-23 14:42:00+05:30,23928.65039,23928.65039,23929.34961,23917.80078,23919.19922,0
2026-06-23 14:43:00+05:30,23931.94922,23931.94922,23934.05078,23927.59961,23929.80078,0
2026-06-23 14:44:00+05:30,23927.25,23927.25,23932.19922,23926.44922,23932.19922,0
2026-06-23 14:45:00+05:30,23933.09961,23933.09961,23934.65039,23926.30078,23927.84961,0
2026-06-23 14:46:00+05:30,23918.94922,23918.94922,23935.19922,23918.44922,23934.05078,0
2026-06-23 14:47:00+05:30,23920.09961,23920.09961,23924.05078,23917.05078,23920.80078,0
2026-06-23 14:48:00+05:30,23910.34961,23910.34961,23922.09961,23909.40039,23920.90039,0
2026-06-23 14:49:00+05:30,23921.25,23921.25,23925.90039,23908.40039,23912.19922,0
2026-06-23 14:50:00+05:30,23921.09961,23921.09961,23928.05078,23920.25,23921.80078,0
2026-06-23 14:51:00+05:30,23913.25,23913.25,23922.55078,23909.5,23922.55078,0
2026-06-23 14:52:00+05:30,23918.69922,23918.69922,23920.59961,23915.09961,23915.5,0
2026-06-23 14:53:00+05:30,23913.65039,23913.65039,23919.5,23909.19922,23919.40039,0
2026-06-23 14:54:00+05:30,23921.19922,23921.19922,23925.84961,23914.15039,23914.59961,0
2026-06-23 14:55:00+05:30,23923.65039,23923.65039,23926.65039,23920.55078,23922.69922,0
2026-06-23 14:56:00+05:30,23923.90039,23923.90039,23927.15039,23920.15039,23925.09961,0
2026-06-23 14:57:00+05:30,23925.94922,23925.94922,23928.19922,23923.90039,23925.34961,0
2026-06-23 14:58:00+05:30,23922.59961,23922.59961,23927.94922,23919.69922,23927.94922,0
2026-06-23 14:59:00+05:30,23914.30078,23914.30078,23933.80078,23907.5,23922.55078,0
2026-06-23 15:00:00+05:30,23843.05078,23843.05078,23919.09961,23843.05078,23916.34961,0
2026-06-23 15:01:00+05:30,23833.30078,23833.30078,23843.44922,23824.05078,23842.69922,0
2026-06-23 15:02:00+05:30,23832.30078,23832.30078,23838.19922,23830.75,23833.19922,0
2026-06-23 15:03:00+05:30,23826.59961,23826.59961,23833.55078,23826.05078,23833.55078,0
2026-06-23 15:04:00+05:30,23833.94922,23833.94922,23833.94922,23816,23827.19922,0
2026-06-23 15:05:00+05:30,23846.09961,23846.09961,23847.19922,23831.90039,23833.44922,0
2026-06-23 15:06:00+05:30,23846.40039,23846.40039,23855.69922,23845.55078,23846.15039,0
2026-06-23 15:07:00+05:30,23846.69922,23846.69922,23849.40039,23844.55078,23847.25,0
2026-06-23 15:08:00+05:30,23847.19922,23847.19922,23851.84961,23845.65039,23846.40039,0
2026-06-23 15:09:00+05:30,23843.75,23843.75,23849.59961,23843.55078,23847.05078,0
2026-06-23 15:10:00+05:30,23836.69922,23836.69922,23845.80078,23835.15039,23844.05078,0
2026-06-23 15:11:00+05:30,23844.69922,23844.69922,23857.65039,23836.34961,23836.69922,0
2026-06-23 15:12:00+05:30,23831.05078,23831.05078,23846.15039,23828.90039,23845.65039,0
2026-06-23 15:13:00+05:30,23831.25,23831.25,23835.84961,23830.90039,23831.84961,0
2026-06-23 15:14:00+05:30,23827.69922,23827.69922,23834.09961,23827.5,23832.44922,0
2026-06-23 15:15:00+05:30,23826.94922,23826.94922,23829.5,23825.09961,23828.69922,0
2026-06-23 15:16:00+05:30,23817.90039,23817.90039,23827.05078,23817.90039,23826.65039,0
2026-06-23 15:17:00+05:30,23816.59961,23816.59961,23821.19922,23815.84961,23819.34961,0
2026-06-23 15:18:00+05:30,23804.80078,23804.80078,23816.94922,23804.25,23816.40039,0
2026-06-23 15:19:00+05:30,23808.15039,23808.15039,23808.55078,23799.40039,23805.55078,0
2026-06-23 15:20:00+05:30,23804.69922,23804.69922,23811.90039,23801.55078,23808.59961,0
2026-06-23 15:21:00+05:30,23805,23805,23813.05078,23803.40039,23805.15039,0
2026-06-23 15:22:00+05:30,23807.34961,23807.34961,23807.94922,23798.84961,23806.05078,0
2026-06-23 15:23:00+05:30,23797,23797,23812.84961,23795.94922,23808.25,0
2026-06-23 15:24:00+05:30,23796.15039,23796.15039,23799,23792.5,23799,0
2026-06-23 15:25:00+05:30,23788.34961,23788.34961,23796.75,23785.25,23796.15039,0
2026-06-23 15:26:00+05:30,23791.09961,23791.09961,23792.19922,23787.59961,23788.65039,0
2026-06-23 15:27:00+05:30,23787.05078,23787.05078,23792.30078,23785.30078,23792.30078,0
2026-06-23 15:28:00+05:30,23794.09961,23794.09961,23794.09961,23786.25,23787.30078,0
2026-06-23 15:29:00+05:30,23795.25,23795.25,23797.5,23789.19922,23793.55078,0
2026-06-24 09:15:00+05:30,23841.40039,23841.40039,23841.5,23790.25,23798.30078,0
2026-06-24 09:16:00+05:30,23858.40039,23858.40039,23858.40039,23839.94922,23840.55078,0
2026-06-24 09:17:00+05:30,23862.65039,23862.65039,23863.55078,23844.5,23859,0
2026-06-24 09:18:00+05:30,23864.40039,23864.40039,23870,23856.65039,23862.05078,0
2026-06-24 09:19:00+05:30,23848.44922,23848.44922,23868.5,23848.05078,23865.15039,0
2026-06-24 09:20:00+05:30,23842.94922,23842.94922,23855.90039,23840.69922,23850.84961,0
2026-06-24 09:21:00+05:30,23861.65039,23861.65039,23862.5,23843.25,23843.69922,0
2026-06-24 09:22:00+05:30,23867.30078,23867.30078,23868.25,23853.75,23862.15039,0
2026-06-24 09:23:00+05:30,23864.09961,23864.09961,23874.84961,23862.69922,23868.30078,0
2026-06-24 09:24:00+05:30,23863.25,23863.25,23868.05078,23856.09961,23863.75,0
2026-06-24 09:25:00+05:30,23869.5,23869.5,23869.84961,23861.34961,23865.19922,0
2026-06-24 09:26:00+05:30,23881.90039,23881.90039,23884.44922,23867.55078,23869.44922,0
2026-06-24 09:27:00+05:30,23878.5,23878.5,23881.5,23874.15039,23881.15039,0
2026-06-24 09:28:00+05:30,23878.84961,23878.84961,23884.69922,23876,23878.19922,0
2026-06-24 09:29:00+05:30,23879.40039,23879.40039,23880.84961,23869.44922,23877.55078,0
2026-06-24 09:30:00+05:30,23881.75,23881.75,23888.05078,23877.5,23879.65039,0
2026-06-24 09:31:00+05:30,23883.84961,23883.84961,23885.75,23879.40039,23881.40039,0
2026-06-24 09:32:00+05:30,23886.19922,23886.19922,23888.09961,23882,23884.80078,0
2026-06-24 09:33:00+05:30,23877.69922,23877.69922,23888.30078,23877.69922,23886.55078,0
2026-06-24 09:34:00+05:30,23870.09961,23870.09961,23879.34961,23867.25,23877.80078,0
2026-06-24 09:35:00+05:30,23871.44922,23871.44922,23873.15039,23865.59961,23870.34961,0
2026-06-24 09:36:00+05:30,23876.94922,23876.94922,23885.5,23869.44922,23869.44922,0
2026-06-24 09:37:00+05:30,23871.75,23871.75,23879.09961,23865.80078,23876.75,0
2026-06-24 09:38:00+05:30,23866.30078,23866.30078,23875.30078,23863.94922,23871.34961,0
2026-06-24 09:39:00+05:30,23879.44922,23879.44922,23882.40039,23861.5,23865.65039,0
2026-06-24 09:40:00+05:30,23892.25,23892.25,23893.34961,23876.09961,23878.75,0
2026-06-24 09:41:00+05:30,23881,23881,23894.69922,23877.5,23892.75,0
2026-06-24 09:42:00+05:30,23881.05078,23881.05078,23885.80078,23872.65039,23880.34961,0
2026-06-24 09:43:00+05:30,23867.69922,23867.69922,23882.75,23867.69922,23880.25,0
2026-06-24 09:44:00+05:30,23867.40039,23867.40039,23870.09961,23862.05078,23866.94922,0
2026-06-24 09:45:00+05:30,23859.80078,23859.80078,23873.75,23857.19922,23866.84961,0
2026-06-24 09:46:00+05:30,23868.80078,23868.80078,23872.90039,23860.19922,23860.40039,0
2026-06-24 09:47:00+05:30,23846.59961,23846.59961,23869.90039,23846.15039,23868.65039,0
2026-06-24 09:48:00+05:30,23840.5,23840.5,23848.69922,23838.94922,23845.69922,0
2026-06-24 09:49:00+05:30,23819.34961,23819.34961,23842.44922,23818.55078,23841.40039,0
2026-06-24 09:50:00+05:30,23822.5,23822.5,23830.30078,23816.05078,23818.34961,0
2026-06-24 09:51:00+05:30,23818.15039,23818.15039,23827.09961,23816.55078,23822.40039,0
2026-06-24 09:52:00+05:30,23820.75,23820.75,23822.19922,23810.65039,23816.80078,0
2026-06-24 09:53:00+05:30,23814.09961,23814.09961,23823.34961,23811.34961,23820.94922,0
2026-06-24 09:54:00+05:30,23826.40039,23826.40039,23826.44922,23813.75,23813.75,0
2026-06-24 09:55:00+05:30,23838.44922,23838.44922,23839.15039,23826.09961,23826.80078,0
2026-06-24 09:56:00+05:30,23850.59961,23850.59961,23852.44922,23836.55078,23838.30078,0
2026-06-24 09:57:00+05:30,23840.75,23840.75,23854.94922,23840.75,23850.65039,0
2026-06-24 09:58:00+05:30,23844.94922,23844.94922,23847.55078,23839.19922,23841,0
2026-06-24 09:59:00+05:30,23841.65039,23841.65039,23850.5,23841.40039,23845.19922,0
2026-06-24 10:00:00+05:30,23865.90039,23865.90039,23866.84961,23841.75,23841.75,0
2026-06-24 10:01:00+05:30,23871.40039,23871.40039,23872.19922,23865.15039,23865.15039,0
2026-06-24 10:02:00+05:30,23892.05078,23892.05078,23892.25,23870.34961,23870.34961,0
2026-06-24 10:03:00+05:30,23897.55078,23897.55078,23904.09961,23890.80078,23890.80078,0
2026-06-24 10:04:00+05:30,23894,23894,23898.59961,23891.44922,23897.80078,0
2026-06-24 10:05:00+05:30,23889.19922,23889.19922,23897.59961,23885.90039,23893.55078,0
2026-06-24 10:06:00+05:30,23889.65039,23889.65039,23894,23885.25,23890.05078,0
2026-06-24 10:07:00+05:30,23896.40039,23896.40039,23897.69922,23885.94922,23889.80078,0
2026-06-24 10:08:00+05:30,23900.15039,23900.15039,23903.34961,23895.05078,23897.69922,0
2026-06-24 10:09:00+05:30,23909.15039,23909.15039,23909.15039,23897.09961,23899.75,0
2026-06-24 10:10:00+05:30,23910.05078,23910.05078,23910.5,23904.75,23909.94922,0
2026-06-24 10:11:00+05:30,23908.19922,23908.19922,23911.69922,23907.55078,23910.69922,0
2026-06-24 10:12:00+05:30,23914.59961,23914.59961,23914.59961,23904.75,23908.65039,0
2026-06-24 10:13:00+05:30,23915.90039,23915.90039,23917.94922,23910.90039,23914.59961,0
2026-06-24 10:14:00+05:30,23917.84961,23917.84961,23918.84961,23914.44922,23916.19922,0
2026-06-24 10:15:00+05:30,23916,23916,23922.55078,23914.25,23917.75,0
2026-06-24 10:16:00+05:30,23920.30078,23920.30078,23920.55078,23910.90039,23916.59961,0
2026-06-24 10:17:00+05:30,23928.69922,23928.69922,23930.84961,23920.94922,23921.09961,0
2026-06-24 10:18:00+05:30,23929.09961,23929.09961,23930.09961,23925.80078,23928.90039,0
2026-06-24 10:19:00+05:30,23915.75,23915.75,23930.40039,23915.5,23928.90039,0
2026-06-24 10:20:00+05:30,23921.5,23921.5,23923,23915.80078,23915.80078,0
2026-06-24 10:21:00+05:30,23928.59961,23928.59961,23928.59961,23920.19922,23921.44922,0
2026-06-24 10:22:00+05:30,23931.84961,23931.84961,23935.19922,23928.55078,23928.90039,0
2026-06-24 10:23:00+05:30,23939.40039,23939.40039,23940.55078,23931.80078,23931.80078,0
2026-06-24 10:24:00+05:30,23945.80078,23945.80078,23947.94922,23938.90039,23939.05078,0
2026-06-24 10:25:00+05:30,23945.69922,23945.69922,23949.80078,23941.69922,23945.5,0
2026-06-24 10:26:00+05:30,23954.15039,23954.15039,23955.30078,23945.75,23945.75,0
2026-06-24 10:27:00+05:30,23969.05078,23969.05078,23970.09961,23953.75,23953.75,0
2026-06-24 10:28:00+05:30,23955.55078,23955.55078,23970,23953.15039,23969.69922,0
2026-06-24 10:29:00+05:30,23947.75,23947.75,23956.90039,23947.05078,23953.94922,0
2026-06-24 10:30:00+05:30,23954.90039,23954.90039,23961.90039,23950.05078,23950.05078,0
2026-06-24 10:31:00+05:30,23948.44922,23948.44922,23956.19922,23946.65039,23955.40039,0
2026-06-24 10:32:00+05:30,23948.30078,23948.30078,23951.15039,23943.69922,23948.84961,0
2026-06-24 10:33:00+05:30,23954.59961,23954.59961,23954.59961,23948.40039,23948.40039,0
2026-06-24 10:34:00+05:30,23952.34961,23952.34961,23955.75,23951.59961,23954.84961,0
2026-06-24 10:35:00+05:30,23950.84961,23950.84961,23954,23946.94922,23952.69922,0
2026-06-24 10:36:00+05:30,23945.94922,23945.94922,23952.94922,23943.90039,23950.65039,0
2026-06-24 10:37:00+05:30,23939.19922,23939.19922,23948.09961,23937.90039,23946.09961,0
2026-06-24 10:38:00+05:30,23946.15039,23946.15039,23949,23939.44922,23939.84961,0
2026-06-24 10:39:00+05:30,23946.34961,23946.34961,23949.44922,23941.40039,23945.25,0
2026-06-24 10:40:00+05:30,23955.40039,23955.40039,23955.75,23945.94922,23946.65039,0
2026-06-24 10:41:00+05:30,23952.19922,23952.19922,23955.25,23947.75,23955.25,0
2026-06-24 10:42:00+05:30,23954.25,23954.25,23955.19922,23948.15039,23951.94922,0
2026-06-24 10:43:00+05:30,23944.69922,23944.69922,23956.75,23942.84961,23953.84961,0
2026-06-24 10:44:00+05:30,23934.30078,23934.30078,23946.80078,23932.15039,23944.09961,0
2026-06-24 10:45:00+05:30,23951.59961,23951.59961,23952.15039,23932.84961,23933.80078,0
2026-06-24 10:46:00+05:30,23955,23955,23957.65039,23948.5,23952.15039,0
2026-06-24 10:47:00+05:30,23955.44922,23955.44922,23960.40039,23952.30078,23956.90039,0
2026-06-24 10:48:00+05:30,23949.15039,23949.15039,23959,23949.15039,23956,0
2026-06-24 10:49:00+05:30,23947.90039,23947.90039,23952.69922,23947.55078,23949.75,0
2026-06-24 10:50:00+05:30,23947.09961,23947.09961,23950.65039,23944.19922,23947.84961,0
2026-06-24 10:51:00+05:30,23950.94922,23950.94922,23951.09961,23945.59961,23946.25,0
2026-06-24 10:52:00+05:30,23952.05078,23952.05078,23952.80078,23947.65039,23950.55078,0
2026-06-24 10:53:00+05:30,23947.25,23947.25,23956.09961,23946.84961,23952.30078,0
2026-06-24 10:54:00+05:30,23944.09961,23944.09961,23950.55078,23941.15039,23947.69922,0
2026-06-24 10:55:00+05:30,23946.34961,23946.34961,23951.15039,23942.65039,23943.80078,0
2026-06-24 10:56:00+05:30,23938.69922,23938.69922,23947.69922,23936.84961,23946.5,0
2026-06-24 10:57:00+05:30,23945.80078,23945.80078,23946,23937.55078,23937.55078,0
2026-06-24 10:58:00+05:30,23957.59961,23957.59961,23958.69922,23945.05078,23945.05078,0
2026-06-24 10:59:00+05:30,23952.44922,23952.44922,23959.65039,23950.40039,23958.19922,0
2026-06-24 11:00:00+05:30,23963.65039,23963.65039,23965.65039,23952,23952,0
2026-06-24 11:01:00+05:30,23966.25,23966.25,23966.44922,23959.40039,23964.19922,0
2026-06-24 11:02:00+05:30,23970.34961,23970.34961,23971.55078,23966.59961,23966.84961,0
2026-06-24 11:03:00+05:30,23963.84961,23963.84961,23972.19922,23962.5,23969.90039,0
2026-06-24 11:04:00+05:30,23963.69922,23963.69922,23966.75,23962,23962,0
2026-06-24 11:05:00+05:30,23968,23968,23968.44922,23960.65039,23963.19922,0
2026-06-24 11:06:00+05:30,23972.59961,23972.59961,23975.05078,23968,23968,0
2026-06-24 11:07:00+05:30,23977.09961,23977.09961,23977.5,23967.80078,23973.40039,0
2026-06-24 11:08:00+05:30,23979.75,23979.75,23980.5,23974.80078,23975.55078,0
2026-06-24 11:09:00+05:30,23987.55078,23987.55078,23988.5,23979.25,23980.5,0
2026-06-24 11:10:00+05:30,23982.94922,23982.94922,23990.65039,23981.19922,23987.19922,0
2026-06-24 11:11:00+05:30,23978.30078,23978.30078,23984.80078,23977.44922,23983.80078,0
2026-06-24 11:12:00+05:30,23981.19922,23981.19922,23982.09961,23974.44922,23978.30078,0
2026-06-24 11:13:00+05:30,23982.94922,23982.94922,23983.75,23976.75,23981.44922,0
2026-06-24 11:14:00+05:30,23985.84961,23985.84961,23991.19922,23982.84961,23982.84961,0
2026-06-24 11:15:00+05:30,23983.40039,23983.40039,23988.90039,23982.69922,23986.05078,0
2026-06-24 11:16:00+05:30,23981.09961,23981.09961,23986.05078,23978.15039,23983.65039,0
2026-06-24 11:17:00+05:30,23983.30078,23983.30078,23983.34961,23976.94922,23981.80078,0
2026-06-24 11:18:00+05:30,23976.94922,23976.94922,23984.75,23975.80078,23982.80078,0
2026-06-24 11:19:00+05:30,23970,23970,23978.55078,23967.09961,23976.80078,0
2026-06-24 11:20:00+05:30,23978.84961,23978.84961,23982.34961,23970.05078,23970.65039,0
2026-06-24 11:21:00+05:30,23973.25,23973.25,23979.59961,23970.19922,23978.34961,0
2026-06-24 11:22:00+05:30,23974.40039,23974.40039,23977.40039,23969.65039,23973.09961,0
2026-06-24 11:23:00+05:30,23975.55078,23975.55078,23983.19922,23974.19922,23974.5,0
2026-06-24 11:24:00+05:30,23976.19922,23976.19922,23981.65039,23972.40039,23978.44922,0
2026-06-24 11:25:00+05:30,23970,23970,23980.25,23968.30078,23975.94922,0
2026-06-24 11:26:00+05:30,23974.84961,23974.84961,23977.94922,23969.19922,23972.15039,0
2026-06-24 11:27:00+05:30,23977.34961,23977.34961,23981.65039,23973.69922,23975.94922,0
2026-06-24 11:28:00+05:30,23975.19922,23975.19922,23979.40039,23974.44922,23977.5,0
2026-06-24 11:29:00+05:30,23974.94922,23974.94922,23978.25,23971.5,23975.55078,0
2026-06-24 11:30:00+05:30,23960.59961,23960.59961,23977.09961,23959.90039,23976.05078,0
2026-06-24 11:31:00+05:30,23959.15039,23959.15039,23961.94922,23958,23960.34961,0
2026-06-24 11:32:00+05:30,23966.94922,23966.94922,23968.09961,23958.44922,23959.34961,0
2026-06-24 11:33:00+05:30,23974.15039,23974.15039,23974.90039,23964.69922,23967.80078,0
2026-06-24 11:34:00+05:30,23976.30078,23976.30078,23977.34961,23968.30078,23974.94922,0
2026-06-24 11:35:00+05:30,23975.75,23975.75,23979.90039,23974.15039,23978.19922,0
2026-06-24 11:36:00+05:30,23975.69922,23975.69922,23982.19922,23974.19922,23976.84961,0
2026-06-24 11:37:00+05:30,23976.65039,23976.65039,23980.19922,23971.59961,23977.65039,0
2026-06-24 11:38:00+05:30,23985.30078,23985.30078,23985.90039,23974.75,23977.44922,0
2026-06-24 11:39:00+05:30,23983.34961,23983.34961,23989.25,23983.09961,23984.55078,0
2026-06-24 11:40:00+05:30,23991.69922,23991.69922,23993.05078,23983.25,23983.55078,0
2026-06-24 11:41:00+05:30,23989.65039,23989.65039,23994.44922,23987.80078,23992.75,0
2026-06-24 11:42:00+05:30,23987.80078,23987.80078,23993.44922,23987.40039,23990.15039,0
2026-06-24 11:43:00+05:30,23996.5,23996.5,23997.69922,23988.34961,23989.44922,0
2026-06-24 11:44:00+05:30,24006.90039,24006.90039,24007.19922,23995.09961,23996.90039,0
2026-06-24 11:45:00+05:30,24007.19922,24007.19922,24013.65039,24003.75,24006.44922,0
2026-06-24 11:46:00+05:30,24002.75,24002.75,24008.84961,23998.30078,24008.69922,0
2026-06-24 11:47:00+05:30,24003.25,24003.25,24006,24000.65039,24002.69922,0
2026-06-24 11:48:00+05:30,24002.44922,24002.44922,24007.90039,24000.84961,24003.19922,0
2026-06-24 11:49:00+05:30,24006.44922,24006.44922,24008.19922,24003.34961,24003.44922,0
2026-06-24 11:50:00+05:30,24004.25,24004.25,24008.19922,24003.65039,24006.69922,0
2026-06-24 11:51:00+05:30,24008.65039,24008.65039,24010.15039,24004.40039,24005.44922,0
2026-06-24 11:52:00+05:30,24006.40039,24006.40039,24013.09961,24004.90039,24007.84961,0
2026-06-24 11:53:00+05:30,24007.65039,24007.65039,24011.05078,24002.30078,24006.5,0
2026-06-24 11:54:00+05:30,24001.69922,24001.69922,24007.55078,24000.55078,24007.25,0
2026-06-24 11:55:00+05:30,24004.34961,24004.34961,24005.19922,24000.84961,24001.80078,0
2026-06-24 11:56:00+05:30,24006.90039,24006.90039,24007.69922,24003.05078,24003.30078,0
2026-06-24 11:57:00+05:30,24004.65039,24004.65039,24009.75,24003.09961,24006.69922,0
2026-06-24 11:58:00+05:30,24002.40039,24002.40039,24007.34961,24001.55078,24003.90039,0
2026-06-24 11:59:00+05:30,23996.90039,23996.90039,24004.90039,23994.94922,24002.55078,0
